...........F................F                                            [100%]
=================================== FAILURES ===================================
___________ test_prompting_reuses_bare_and_persists_paired_judgments ___________

tmp_path = PosixPath('/tmp/pytest-of-code/pytest-15/test_prompting_reuses_bare_and0')

    def test_prompting_reuses_bare_and_persists_paired_judgments(tmp_path: Path):
        backend = FakeBackend(); rows = read_dev_cohort()[:2]; judge = DirectJudge()
        common = dict(model={"id": "fake", "judge_model": "fake-judge"}, data=cohort_identity(rows), method="prompting", prompts=[row["prompt"] for row in rows], rows=rows, backend=backend, prompt_spec={"max_new_tokens": 8}, judge=judge)
        bare = run_direct_condition(tmp_path, tmp_path / "ledger.jsonl", **(common | {"method": "bare", "judge": None}))
        result = run_direct_condition(tmp_path, tmp_path / "ledger.jsonl", **common)
        assert backend.calls == ["generation", "generation"]
        assert result["baseline_answers"] == bare["generation"]["answers"]
        assert len(result["judgments"]["requests"]) == len(result["judgments"]["responses"]) == 12
>       assert len(result["aware"]["records"]) == len(result["blind"]["records"]) == 4
E       AssertionError: assert 8 == 4
E        +  where 8 = len([{'blind': False, 'comparison_id': 'b950eaa6daf1988b', 'order': 'AB', 'pass': 0, ...}, {'blind': False, 'comparison_id...der': 'AB', 'pass': 0, ...}, {'blind': False, 'comparison_id': 'f7fd3409ff224407', 'order': 'AB', 'pass': 1, ...}, ...])
E        +  and   4 = len([{'blind': True, 'comparison_id': 'b950eaa6daf1988b', 'order': 'AB', 'pass': 0, ...}, {'blind': True, 'comparison_id':...', 'order': 'AB', 'pass': 0, ...}, {'blind': True, 'comparison_id': 'f7fd3409ff224407', 'order': 'BA', 'pass': 0, ...}])

tests/test_benchmark_live_orchestration.py:252: AssertionError
----------------------------- Captured stderr call -----------------------------
2026-09-22 06:35:50.946 | INFO     | steering_lite.benchmark.cache:cached:37 - cache miss generation 06a9a6f682ef
2026-09-22 06:35:50.950 | INFO     | steering_lite.benchmark.cache:cached:37 - cache miss generation-health 12b7ce412ce1
2026-09-22 06:35:50.953 | INFO     | steering_lite.benchmark.cache:cached:35 - cache hit generation 06a9a6f682ef
2026-09-22 06:35:50.955 | INFO     | steering_lite.benchmark.cache:cached:37 - cache miss generation acd3d3fb3e1f
2026-09-22 06:35:50.958 | INFO     | steering_lite.benchmark.cache:cached:37 - cache miss generation-health 25b1915aeb40
2026-09-22 06:35:50.961 | INFO     | steering_lite.benchmark.cache:cached:37 - cache miss prompting-judgments b21d2474cdac
2026-09-22 06:35:50.965 | INFO     | steering_lite.benchmark.cache:cached:37 - cache miss target-aware-requests 07859fcd824d
2026-09-22 06:35:50.968 | INFO     | steering_lite.benchmark.cache:cached:37 - cache miss blind-requests 639485ab1084
_ test_full_entrypoint_runs_canonical_remote_contract_and_reuses_then_invalidates_downstream _

tmp_path = PosixPath('/tmp/pytest-of-code/pytest-15/test_full_entrypoint_runs_cano0')
monkeypatch = <_pytest.monkeypatch.MonkeyPatch object at 0x711dd8fe9e10>

    def test_full_entrypoint_runs_canonical_remote_contract_and_reuses_then_invalidates_downstream(tmp_path: Path, monkeypatch: pytest.MonkeyPatch):
        root, ledger = tmp_path / "run", tmp_path / "ledger.jsonl"
        stage_call = FakeRemoteStageCall()
        judge_call = FakeJudgeCall()
        prompt_spec = {"template": "Answer in 2 short sentences.", "enable_thinking": False, "max_new_tokens": 8}
    
        first = _run(root, ledger, stage_call, judge_call, endpoint="https://judge-a.example/v1", prompt_spec=prompt_spec)
        assert first["methods"] == list(METHODS)
        assert list(first["conditions"]) == list(METHODS)
        assert first["paid_execution_enabled"] is True
        assert {result["paid_execution_enabled"] for result in first["conditions"].values()} == {True}
        assert [stage for stage, _method in stage_call.calls] == [
            "generation", "generation",
            *(stage for _ in METHODS[2:] for stage in ("calibration-candidates", "final-generation")),
        ]
        assert len(stage_call.calls) == 14
>       assert len(judge_call.payloads) == 2300
E       AssertionError: assert 3444 == 2300
E        +  where 3444 = len([{'max_tokens': 1024, 'messages': [{'content': 'Judge this response pair on one target disposition and on off-axis con... A:\nbare answer.\n\nResponse B:\nprompting answer.', 'role': 'user'}], 'min_p': 0.1, 'model': 'fake-judge', ...}, ...])
E        +    where [{'max_tokens': 1024, 'messages': [{'content': 'Judge this response pair on one target disposition and on off-axis con... A:\nbare answer.\n\nResponse B:\nprompting answer.', 'role': 'user'}], 'min_p': 0.1, 'model': 'fake-judge', ...}, ...] = <test_full_sweep_entrypoint.FakeJudgeCall object at 0x711dd98bb8c0>.payloads

tests/test_full_sweep_entrypoint.py:269: AssertionError
----------------------------- Captured stderr call -----------------------------
2026-09-22 06:45:27.883 | INFO     | steering_lite.data.personas:load_suffixes:47 - Loaded 200 branching suffixes
2026-09-22 06:45:27.885 | INFO     | steering_lite.benchmark.cache:cached:37 - cache miss generation 007f901799b6
2026-09-22 06:45:27.891 | INFO     | steering_lite.benchmark.cache:cached:37 - cache miss generation-health 0d01bc236de0
2026-09-22 06:45:27.893 | INFO     | steering_lite.data.personas:load_suffixes:47 - Loaded 200 branching suffixes
2026-09-22 06:45:27.898 | INFO     | steering_lite.benchmark.cache:cached:35 - cache hit generation 007f901799b6
2026-09-22 06:45:27.901 | INFO     | steering_lite.benchmark.cache:cached:37 - cache miss generation 6fcab632342b
2026-09-22 06:45:27.905 | INFO     | steering_lite.benchmark.cache:cached:37 - cache miss generation-health c4803cfdd026
2026-09-22 06:45:27.909 | INFO     | steering_lite.benchmark.cache:cached:37 - cache miss prompting-judgments 6ae48a9ed953
2026-09-22 06:45:27.915 | INFO     | steering_lite.benchmark.cache:cached:37 - cache miss judge-request 5fb5140af6c0
2026-09-22 06:45:27.916 | INFO     | steering_lite.benchmark.cache:cached:37 - cache miss judge-request c0126220f3f1
2026-09-22 06:45:27.915 | INFO     | steering_lite.benchmark.cache:cached:37 - cache miss judge-request aa490eb339f6
2026-09-22 06:45:27.916 | INFO     | steering_lite.benchmark.cache:cached:37 - cache miss judge-request 83e2b6a3be81
2026-09-22 06:45:27.915 | INFO     | steering_lite.benchmark.cache:cached:37 - cache miss judge-request ca1e2cfeee9d
2026-09-22 06:45:27.915 | INFO     | steering_lite.benchmark.cache:cached:37 - cache miss judge-request 521d702db0fb
2026-09-22 06:45:27.921 | INFO     | steering_lite.benchmark.cache:cached:37 - cache miss judge-request 0533e39a4c5f
2026-09-22 06:45:27.921 | INFO     | steering_lite.benchmark.cache:cached:37 - cache miss judge-request a55e83806f26
2026-09-22 06:45:27.922 | INFO     | steering_lite.benchmark.cache:cached:37 - cache miss judge-request 935bb1af5046
2026-09-22 06:45:27.923 | INFO     | steering_lite.benchmark.cache:cached:37 - cache miss judge-request eb9ad852479f
2026-09-22 06:45:27.923 | INFO     | steering_lite.benchmark.cache:cached:37 - cache miss judge-request bc3dd299ecbf
2026-09-22 06:45:27.925 | INFO     | steering_lite.benchmark.cache:cached:37 - cache miss judge-request fb0b1b0e8d9e
2026-09-22 06:45:27.928 | INFO     | steering_lite.benchmark.cache:cached:37 - cache miss judge-request 2f91c3294b3b
2026-09-22 06:45:27.929 | INFO     | steering_lite.benchmark.cache:cached:37 - cache miss judge-request c2fb19072786
2026-09-22 06:45:27.929 | INFO     | steering_lite.benchmark.cache:cached:37 - cache miss judge-request c1738c9f43ad
2026-09-22 06:45:27.929 | INFO     | steering_lite.benchmark.cache:cached:37 - cache miss judge-request d7f75e13728c
2026-09-22 06:45:27.930 | INFO     | steering_lite.benchmark.cache:cached:37 - cache miss judge-request 9da81a9fbb03
2026-09-22 06:45:27.933 | INFO     | steering_lite.benchmark.cache:cached:37 - cache miss judge-request 7d0484c62be5
2026-09-22 06:45:27.937 | INFO     | steering_lite.benchmark.cache:cached:37 - cache miss judge-request fa41cbd35d2d
2026-09-22 06:45:27.938 | INFO     | steering_lite.benchmark.cache:cached:37 - cache miss judge-request cdbe8ede34f6
2026-09-22 06:45:27.941 | INFO     | steering_lite.benchmark.cache:cached:37 - cache miss judge-request 04435a588ef6
2026-09-22 06:45:27.942 | INFO     | steering_lite.benchmark.cache:cached:37 - cache miss judge-request e1605081e71a
2026-09-22 06:45:27.942 | INFO     | steering_lite.benchmark.cache:cached:37 - cache miss judge-request f8cf80923b18
2026-09-22 06:45:27.942 | INFO     | steering_lite.benchmark.cache:cached:37 - cache miss judge-request e2e90db633f7
2026-09-22 06:45:27.944 | INFO     | steering_lite.benchmark.cache:cached:37 - cache miss judge-request 2970ce56646f
2026-09-22 06:45:27.949 | INFO     | steering_lite.benchmark.cache:cached:37 - cache miss judge-request 14c3d6857bab
2026-09-22 06:45:27.950 | INFO     | steering_lite.benchmark.cache:cached:37 - cache miss judge-request 39946583bfb9
2026-09-22 06:45:27.951 | INFO     | steering_lite.benchmark.cache:cached:37 - cache miss judge-request 56dfb58a4f4c
2026-09-22 06:45:27.951 | INFO     | steering_lite.benchmark.cache:cached:37 - cache miss judge-request 5e302e673864
2026-09-22 06:45:27.954 | INFO     | steering_lite.benchmark.cache:cached:37 - cache miss judge-request fec6c57f850f
2026-09-22 06:45:27.955 | INFO     | steering_lite.benchmark.cache:cached:37 - cache miss judge-request 9cd1299163eb
2026-09-22 06:45:27.958 | INFO     | steering_lite.benchmark.cache:cached:37 - cache miss judge-request 3ba509e8d708
2026-09-22 06:45:27.961 | INFO     | steering_lite.benchmark.cache:cached:37 - cache miss judge-request be86edeb8169
2026-09-22 06:45:27.963 | INFO     | steering_lite.benchmark.cache:cached:37 - cache miss judge-request cc439b1ec396
2026-09-22 06:45:27.965 | INFO     | steering_lite.benchmark.cache:cached:37 - cache miss judge-request 82ffbc325901
2026-09-22 06:45:27.969 | INFO     | steering_lite.benchmark.cache:cached:37 - cache miss judge-request 1a291dc41d6e
2026-09-22 06:45:27.972 | INFO     | steering_lite.benchmark.cache:cached:37 - cache miss judge-request a09bcd290a39
2026-09-22 06:45:27.973 | INFO     | steering_lite.benchmark.cache:cached:37 - cache miss judge-request 2824e0a3f538
2026-09-22 06:45:27.975 | INFO     | steering_lite.benchmark.cache:cached:37 - cache miss judge-request bd53ba53d2c9
2026-09-22 06:45:27.977 | INFO     | steering_lite.benchmark.cache:cached:37 - cache miss judge-request 01bc4500d339
2026-09-22 06:45:27.979 | INFO     | steering_lite.benchmark.cache:cached:37 - cache miss judge-request 41f570a24e09
2026-09-22 06:45:27.983 | INFO     | steering_lite.benchmark.cache:cached:37 - cache miss judge-request 6999a22f8849
2026-09-22 06:45:27.984 | INFO     | steering_lite.benchmark.cache:cached:37 - cache miss judge-request 239ef71cd6eb
2026-09-22 06:45:27.991 | INFO     | steering_lite.benchmark.cache:cached:37 - cache miss judge-request ad56de4f68d2
2026-09-22 06:45:27.991 | INFO     | steering_lite.benchmark.cache:cached:37 - cache miss judge-request d684f4480d86
2026-09-22 06:45:27.995 | INFO     | steering_lite.benchmark.cache:cached:37 - cache miss judge-request 833e56ce3423
2026-09-22 06:45:27.996 | INFO     | steering_lite.benchmark.cache:cached:37 - cache miss judge-request 52e6fc626261
2026-09-22 06:45:27.997 | INFO     | steering_lite.benchmark.cache:cached:37 - cache miss judge-request d53777aa7cc9
2026-09-22 06:45:28.005 | INFO     | steering_lite.benchmark.cache:cached:37 - cache miss judge-request 1af759069614
2026-09-22 06:45:28.012 | INFO     | steering_lite.benchmark.cache:cached:37 - cache miss judge-request 0784d927d1cf
2026-09-22 06:45:28.016 | INFO     | steering_lite.benchmark.cache:cached:37 - cache miss judge-request 09bafe8a791b
2026-09-22 06:45:28.017 | INFO     | steering_lite.benchmark.cache:cached:37 - cache miss judge-request f38a9422fecf
2026-09-22 06:45:28.020 | INFO     | steering_lite.benchmark.cache:cached:37 - cache miss judge-request a183d1855462
2026-09-22 06:45:28.025 | INFO     | steering_lite.benchmark.cache:cached:37 - cache miss judge-request d34ffd71a399
2026-09-22 06:45:28.027 | INFO     | steering_lite.benchmark.cache:cached:37 - cache miss judge-request eeb22b176170
2026-09-22 06:45:28.029 | INFO     | steering_lite.benchmark.cache:cached:37 - cache miss judge-request d1a2b1738178
2026-09-22 06:45:28.036 | INFO     | steering_lite.benchmark.cache:cached:37 - cache miss judge-request 45bd12645ba8
2026-09-22 06:45:28.042 | INFO     | steering_lite.benchmark.cache:cached:37 - cache miss judge-request c57b9ae0e549
2026-09-22 06:45:28.045 | INFO     | steering_lite.benchmark.cache:cached:37 - cache miss judge-request e604cdddde12
2026-09-22 06:45:28.047 | INFO     | steering_lite.benchmark.cache:cached:37 - cache miss judge-request cc0c7d41bb23
2026-09-22 06:45:28.050 | INFO     | steering_lite.benchmark.cache:cached:37 - cache miss judge-request bdd584202bd4
2026-09-22 06:45:28.053 | INFO     | steering_lite.benchmark.cache:cached:37 - cache miss judge-request 1747e60d86bf
2026-09-22 06:45:28.058 | INFO     | steering_lite.benchmark.cache:cached:37 - cache miss judge-request fa41d0784eac
2026-09-22 06:45:28.064 | INFO     | steering_lite.benchmark.cache:cached:37 - cache miss judge-request defafe1fbba7
2026-09-22 06:45:28.076 | INFO     | steering_lite.benchmark.cache:cached:37 - cache miss judge-request 496f846065c5
2026-09-22 06:45:28.079 | INFO     | steering_lite.benchmark.cache:cached:37 - cache miss judge-request 04e11b891bc9
2026-09-22 06:45:28.088 | INFO     | steering_lite.benchmark.cache:cached:37 - cache miss judge-request 9635a4d98e20
2026-09-22 06:45:28.091 | INFO     | steering_lite.benchmark.cache:cached:37 - cache miss judge-request d15e6236a5ba
2026-09-22 06:45:28.091 | INFO     | steering_lite.benchmark.cache:cached:37 - cache miss judge-request 123e75b0f475
2026-09-22 06:45:28.093 | INFO     | steering_lite.benchmark.cache:cached:37 - cache miss judge-request 5c75ab015c4b
2026-09-22 06:45:28.094 | INFO     | steering_lite.benchmark.cache:cached:37 - cache miss judge-request c64160e199ec
2026-09-22 06:45:28.109 | INFO     | steering_lite.benchmark.cache:cached:37 - cache miss judge-request 9905d8924335
2026-09-22 06:45:28.110 | INFO     | steering_lite.benchmark.cache:cached:37 - cache miss judge-request 556896d8ed95
2026-09-22 06:45:28.110 | INFO     | steering_lite.benchmark.cache:cached:37 - cache miss judge-request 6890f7ae1a42
2026-09-22 06:45:28.119 | INFO     | steering_lite.benchmark.cache:cached:37 - cache miss judge-request 3059766ff8ee
2026-09-22 06:45:28.120 | INFO     | steering_lite.benchmark.cache:cached:37 - cache miss judge-request fe36787e1972
2026-09-22 06:45:28.121 | INFO     | steering_lite.benchmark.cache:cached:37 - cache miss judge-request 85d528010f80
2026-09-22 06:45:28.142 | INFO     | steering_lite.benchmark.cache:cached:37 - cache miss judge-request 739a84789d3c
2026-09-22 06:45:28.143 | INFO     | steering_lite.benchmark.cache:cached:37 - cache miss judge-request 2fa773724499
2026-09-22 06:45:28.145 | INFO     | steering_lite.benchmark.cache:cached:37 - cache miss judge-request 5bd165c158c6
2026-09-22 06:45:28.150 | INFO     | steering_lite.benchmark.cache:cached:37 - cache miss judge-request d6fcfe45edfb
2026-09-22 06:45:28.157 | INFO     | steering_lite.benchmark.cache:cached:37 - cache miss judge-request a0615e409b2e
2026-09-22 06:45:28.161 | INFO     | steering_lite.benchmark.cache:cached:37 - cache miss judge-request ce49f4285f55
2026-09-22 06:45:28.164 | INFO     | steering_lite.benchmark.cache:cached:37 - cache miss judge-request b6d8fc33148e
2026-09-22 06:45:28.168 | INFO     | steering_lite.benchmark.cache:cached:37 - cache miss judge-request 1541d4b012b4
2026-09-22 06:45:28.173 | INFO     | steering_lite.benchmark.cache:cached:37 - cache miss judge-request 85b030082465
2026-09-22 06:45:28.180 | INFO     | steering_lite.benchmark.cache:cached:37 - cache miss judge-request 84ed02e01258
2026-09-22 06:45:28.186 | INFO     | steering_lite.benchmark.cache:cached:37 - cache miss judge-request 2c6bfc9f3a60
2026-09-22 06:45:28.186 | INFO     | steering_lite.benchmark.cache:cached:37 - cache miss judge-request 6478842c4322
2026-09-22 06:45:28.193 | INFO     | steering_lite.benchmark.cache:cached:37 - cache miss judge-request 9047d040cbfe
2026-09-22 06:45:28.202 | INFO     | steering_lite.benchmark.cache:cached:37 - cache miss judge-request 3b7bde6bc6b8
2026-09-22 06:45:28.211 | INFO     | steering_lite.benchmark.cache:cached:37 - cache miss judge-request b6581147418c
2026-09-22 06:45:28.230 | INFO     | steering_lite.benchmark.cache:cached:37 - cache miss judge-request 53650b6ea11e
2026-09-22 06:45:28.238 | INFO     | steering_lite.benchmark.cache:cached:37 - cache miss judge-request 3a90dab3a108
2026-09-22 06:45:28.238 | INFO     | steering_lite.benchmark.cache:cached:37 - cache miss judge-request 51bdf8363f2b
2026-09-22 06:45:28.248 | INFO     | steering_lite.benchmark.cache:cached:37 - cache miss judge-request a936ee7781e8
2026-09-22 06:45:28.252 | INFO     | steering_lite.benchmark.cache:cached:37 - cache miss judge-request 28e5e53a9069
2026-09-22 06:45:28.260 | INFO     | steering_lite.benchmark.cache:cached:37 - cache miss judge-request 6c3d9390b774
2026-09-22 06:45:28.272 | INFO     | steering_lite.benchmark.cache:cached:37 - cache miss judge-request 35083582877f
2026-09-22 06:45:28.286 | INFO     | steering_lite.benchmark.cache:cached:37 - cache miss judge-request 3b7ad9f4cc72
2026-09-22 06:45:28.294 | INFO     | steering_lite.benchmark.cache:cached:37 - cache miss judge-request 0cb82c126d01
2026-09-22 06:45:28.300 | INFO     | steering_lite.benchmark.cache:cached:37 - cache miss judge-request e1ea206133b5
2026-09-22 06:45:28.314 | INFO     | steering_lite.benchmark.cache:cached:37 - cache miss judge-request dddd57d5eb35
2026-09-22 06:45:28.315 | INFO     | steering_lite.benchmark.cache:cached:37 - cache miss judge-request a420ab272703
2026-09-22 06:45:28.315 | INFO     | steering_lite.benchmark.cache:cached:37 - cache miss judge-request 29466db3dbe6
2026-09-22 06:45:28.328 | INFO     | steering_lite.benchmark.cache:cached:37 - cache miss judge-request b09e87c30788
2026-09-22 06:45:28.328 | INFO     | steering_lite.benchmark.cache:cached:37 - cache miss judge-request a73d673d628b
2026-09-22 06:45:28.340 | INFO     | steering_lite.benchmark.cache:cached:37 - cache miss judge-request fb5c55103782
2026-09-22 06:45:28.357 | INFO     | steering_lite.benchmark.cache:cached:37 - cache miss judge-request e0cf61111c8b
2026-09-22 06:45:28.359 | INFO     | steering_lite.benchmark.cache:cached:37 - cache miss judge-request ecce7eb7a4fd
2026-09-22 06:45:28.363 | INFO     | steering_lite.benchmark.cache:cached:37 - cache miss judge-request d47fa4c26268
2026-09-22 06:45:28.371 | INFO     | steering_lite.benchmark.cache:cached:37 - cache miss judge-request e410bb8c7f9b
2026-09-22 06:45:28.372 | INFO     | steering_lite.benchmark.cache:cached:37 - cache miss judge-request e6df929fbb98
2026-09-22 06:45:28.376 | INFO     | steering_lite.benchmark.cache:cached:37 - cache miss judge-request f89953e75108
2026-09-22 06:45:28.399 | INFO     | steering_lite.benchmark.cache:cached:37 - cache miss judge-request ace4d0fe4849
2026-09-22 06:45:28.406 | INFO     | steering_lite.benchmark.cache:cached:37 - cache miss judge-request beb097f53711
2026-09-22 06:45:28.406 | INFO     | steering_lite.benchmark.cache:cached:37 - cache miss judge-request f1911619f1b4
2026-09-22 06:45:28.411 | INFO     | steering_lite.benchmark.cache:cached:37 - cache miss judge-request 6ef7e3f8e9ff
2026-09-22 06:45:28.416 | INFO     | steering_lite.benchmark.cache:cached:37 - cache miss judge-request 830c99fb1461
2026-09-22 06:45:28.423 | INFO     | steering_lite.benchmark.cache:cached:37 - cache miss judge-request cabe91df3ee0
2026-09-22 06:45:28.462 | INFO     | steering_lite.benchmark.cache:cached:37 - cache miss target-aware-requests c618a1f1cecb
2026-09-22 06:45:28.465 | INFO     | steering_lite.benchmark.cache:cached:37 - cache miss blind-requests 306b73348513
2026-09-22 06:45:28.468 | INFO     | steering_lite.benchmark.cache:cached:37 - cache miss persona-validation 52c79351570b
2026-09-22 06:45:28.469 | INFO     | steering_lite.benchmark.cache:cached:37 - cache miss judge-request 98620d34ed79
2026-09-22 06:45:28.469 | INFO     | steering_lite.benchmark.cache:cached:37 - cache miss judge-request a3ece2dc4a0c
2026-09-22 06:45:28.469 | INFO     | steering_lite.benchmark.cache:cached:37 - cache miss judge-request 151c4ae9dd5b
2026-09-22 06:45:28.469 | INFO     | steering_lite.benchmark.cache:cached:37 - cache miss judge-request 44e713779e4e
2026-09-22 06:45:28.470 | INFO     | steering_lite.benchmark.cache:cached:37 - cache miss judge-request ef50eabeda03
2026-09-22 06:45:28.472 | INFO     | steering_lite.benchmark.cache:cached:37 - cache miss judge-request 6879e0019832
2026-09-22 06:45:28.495 | INFO     | steering_lite.benchmark.cache:cached:37 - cache miss judge-request ccaca42d2502
2026-09-22 06:45:28.500 | INFO     | steering_lite.benchmark.cache:cached:37 - cache miss judge-request 7521c297f90f
2026-09-22 06:45:28.500 | INFO     | steering_lite.benchmark.cache:cached:37 - cache miss judge-request 85d90fed93eb
2026-09-22 06:45:28.515 | INFO     | steering_lite.benchmark.cache:cached:37 - cache miss judge-request bd8c8e4741e4
2026-09-22 06:45:28.518 | INFO     | steering_lite.benchmark.cache:cached:37 - cache miss judge-request 3b32659cfb36
2026-09-22 06:45:28.525 | INFO     | steering_lite.benchmark.cache:cached:37 - cache miss judge-request a633b3cb2444
2026-09-22 06:45:28.588 | INFO     | steering_lite.data.personas:load_suffixes:47 - Loaded 200 branching suffixes
2026-09-22 06:45:28.593 | INFO     | steering_lite.benchmark.cache:cached:37 - cache miss calibration-candidates 44eb899a9450
2026-09-22 06:45:28.600 | INFO     | steering_lite.benchmark.cache:cached:37 - cache miss candidate-judgments 2c8651871938
2026-09-22 06:45:28.602 | INFO     | steering_lite.benchmark.cache:cached:37 - cache miss judge-request 47699ee38177
2026-09-22 06:45:28.605 | INFO     | steering_lite.benchmark.cache:cached:37 - cache miss judge-request d1f4c03df5be
2026-09-22 06:45:28.605 | INFO     | steering_lite.benchmark.cache:cached:37 - cache miss judge-request d5c19d5a0ec0
2026-09-22 06:45:28.606 | INFO     | steering_lite.benchmark.cache:cached:37 - cache miss judge-request e6c100975bcd
2026-09-22 06:45:28.606 | INFO     | steering_lite.benchmark.cache:cached:37 - cache miss judge-request f66d2c09bee2
2026-09-22 06:45:28.606 | INFO     | steering_lite.benchmark.cache:cached:37 - cache miss judge-request 82ee8cc2ec41
2026-09-22 06:45:28.638 | INFO     | steering_lite.benchmark.cache:cached:37 - cache miss judge-request cd2946b082dd
2026-09-22 06:45:28.665 | INFO     | steering_lite.benchmark.cache:cached:37 - cache miss judge-request eadd3b618f94
2026-09-22 06:45:28.665 | INFO     | steering_lite.benchmark.cache:cached:37 - cache miss judge-request e2b7f6efcb96
2026-09-22 06:45:28.667 | INFO     | steering_lite.benchmark.cache:cached:37 - cache miss judge-request 73dfa70424b9
2026-09-22 06:45:28.670 | INFO     | steering_lite.benchmark.cache:cached:37 - cache miss judge-request cd38955ed687
2026-09-22 06:45:28.675 | INFO     | steering_lite.benchmark.cache:cached:37 - cache miss judge-request b593c73e1e16
2026-09-22 06:45:28.696 | INFO     | steering_lite.benchmark.cache:cached:37 - cache miss judge-request 2f5b0ac2eb6e
2026-09-22 06:45:28.732 | INFO     | steering_lite.benchmark.cache:cached:37 - cache miss judge-request ad6cd7d9f713
2026-09-22 06:45:28.737 | INFO     | steering_lite.benchmark.cache:cached:37 - cache miss judge-request 662bbb34a963
2026-09-22 06:45:28.800 | INFO     | steering_lite.benchmark.cache:cached:37 - cache miss judge-request 08e0a2baecfc
2026-09-22 06:45:28.803 | INFO     | steering_lite.benchmark.cache:cached:37 - cache miss judge-request 54c6d897fcc8
2026-09-22 06:45:28.813 | INFO     | steering_lite.benchmark.cache:cached:37 - cache miss judge-request d1b17f5b75ed
2026-09-22 06:45:28.818 | INFO     | steering_lite.benchmark.cache:cached:37 - cache miss judge-request f67f07e8fb11
2026-09-22 06:45:28.844 | INFO     | steering_lite.benchmark.cache:cached:37 - cache miss judge-request 761b413db6c3
2026-09-22 06:45:28.868 | INFO     | steering_lite.benchmark.cache:cached:37 - cache miss judge-request 124a4a060e63
2026-09-22 06:45:28.947 | INFO     | steering_lite.benchmark.cache:cached:37 - cache miss judge-request 96f97be2f107
2026-09-22 06:45:28.956 | INFO     | steering_lite.benchmark.cache:cached:37 - cache miss judge-request 775ccfbfd2f9
2026-09-22 06:45:28.960 | INFO     | steering_lite.benchmark.cache:cached:37 - cache miss judge-request bb20818b428a
2026-09-22 06:45:28.961 | INFO     | steering_lite.benchmark.cache:cached:37 - cache miss judge-request 5f034728d4f8
2026-09-22 06:45:29.004 | INFO     | steering_lite.benchmark.cache:cached:37 - cache miss judge-request 026a8b181a31
2026-09-22 06:45:29.006 | INFO     | steering_lite.benchmark.cache:cached:37 - cache miss judge-request d911f645e935
2026-09-22 06:45:29.014 | INFO     | steering_lite.benchmark.cache:cached:37 - cache miss judge-request cf547467bd9e
2026-09-22 06:45:29.031 | INFO     | steering_lite.benchmark.cache:cached:37 - cache miss judge-request 183e790396b9
2026-09-22 06:45:29.034 | INFO     | steering_lite.benchmark.cache:cached:37 - cache miss judge-request f3fb3c18e483
2026-09-22 06:45:29.044 | INFO     | steering_lite.benchmark.cache:cached:37 - cache miss judge-request 53f5f46c0fd1
2026-09-22 06:45:29.069 | INFO     | steering_lite.benchmark.cache:cached:37 - cache miss judge-request 434cb4d99f32
2026-09-22 06:45:29.070 | INFO     | steering_lite.benchmark.cache:cached:37 - cache miss judge-request 2185f2492ff8
2026-09-22 06:45:29.074 | INFO     | steering_lite.benchmark.cache:cached:37 - cache miss judge-request 578e7b4801ad
2026-09-22 06:45:29.106 | INFO     | steering_lite.benchmark.cache:cached:37 - cache miss judge-request fab52574b921
2026-09-22 06:45:29.108 | INFO     | steering_lite.benchmark.cache:cached:37 - cache miss judge-request f885a69b6751
2026-09-22 06:45:29.115 | INFO     | steering_lite.benchmark.cache:cached:37 - cache miss judge-request a493e2aeb394
2026-09-22 06:45:29.116 | INFO     | steering_lite.benchmark.cache:cached:37 - cache miss judge-request 99d0e4ec7ad7
2026-09-22 06:45:29.144 | INFO     | steering_lite.benchmark.cache:cached:37 - cache miss judge-request 0e4d79443493
2026-09-22 06:45:29.145 | INFO     | steering_lite.benchmark.cache:cached:37 - cache miss judge-request efbbe685e72b
2026-09-22 06:45:29.173 | INFO     | steering_lite.benchmark.cache:cached:37 - cache miss judge-request ad908632ec53
2026-09-22 06:45:29.177 | INFO     | steering_lite.benchmark.cache:cached:37 - cache miss judge-request 2d355ca4cdd6
2026-09-22 06:45:29.186 | INFO     | steering_lite.benchmark.cache:cached:37 - cache miss judge-request 93ff86a20488
2026-09-22 06:45:29.191 | INFO     | steering_lite.benchmark.cache:cached:37 - cache miss judge-request faed0cbaa368
2026-09-22 06:45:29.210 | INFO     | steering_lite.benchmark.cache:cached:37 - cache miss judge-request af09b5037171
2026-09-22 06:45:29.211 | INFO     | steering_lite.benchmark.cache:cached:37 - cache miss judge-request 7ab8a90f74f6
2026-09-22 06:45:29.220 | INFO     | steering_lite.benchmark.cache:cached:37 - cache miss judge-request f570d086210b
2026-09-22 06:45:29.255 | INFO     | steering_lite.benchmark.cache:cached:37 - cache miss judge-request 268a5983044c
2026-09-22 06:45:29.297 | INFO     | steering_lite.benchmark.cache:cached:37 - cache miss candidate-health 51eabb67f15b
2026-09-22 06:45:29.300 | INFO     | steering_lite.benchmark.cache:cached:37 - cache miss candidate-aware e8901702b90a
2026-09-22 06:45:29.302 | INFO     | steering_lite.benchmark.cache:cached:37 - cache miss candidate-blind 2a4d9ee9e562
2026-09-22 06:45:29.305 | INFO     | steering_lite.benchmark.cache:cached:37 - cache miss final-generation c34ed5b39031
2026-09-22 06:45:29.315 | INFO     | steering_lite.benchmark.cache:cached:37 - cache miss final-judgments 30d88c8cbfae
2026-09-22 06:45:29.331 | INFO     | steering_lite.benchmark.cache:cached:37 - cache miss judge-request 2d6ee1ba6d83
2026-09-22 06:45:29.331 | INFO     | steering_lite.benchmark.cache:cached:37 - cache miss judge-request 82d729a133d2
2026-09-22 06:45:29.331 | INFO     | steering_lite.benchmark.cache:cached:37 - cache miss judge-request 7227c1cfdceb
2026-09-22 06:45:29.331 | INFO     | steering_lite.benchmark.cache:cached:37 - cache miss judge-request 9100cf854a50
2026-09-22 06:45:29.332 | INFO     | steering_lite.benchmark.cache:cached:37 - cache miss judge-request 7b3fbb8a116b
2026-09-22 06:45:29.336 | INFO     | steering_lite.benchmark.cache:cached:37 - cache miss judge-request 1be5983c51af
2026-09-22 06:45:29.413 | INFO     | steering_lite.benchmark.cache:cached:37 - cache miss judge-request 197e8739288b
2026-09-22 06:45:29.417 | INFO     | steering_lite.benchmark.cache:cached:37 - cache miss judge-request cb2e0e319ce9
2026-09-22 06:45:29.426 | INFO     | steering_lite.benchmark.cache:cached:37 - cache miss judge-request c2eb2025bb66
2026-09-22 06:45:29.427 | INFO     | steering_lite.benchmark.cache:cached:37 - cache miss judge-request 0637ea7db3ff
2026-09-22 06:45:29.437 | INFO     | steering_lite.benchmark.cache:cached:37 - cache miss judge-request 667e2bd260de
2026-09-22 06:45:29.442 | INFO     | steering_lite.benchmark.cache:cached:37 - cache miss judge-request 1d94fead4262
2026-09-22 06:45:29.496 | INFO     | steering_lite.benchmark.cache:cached:37 - cache miss judge-request 63b1736cb275
2026-09-22 06:45:29.512 | INFO     | steering_lite.benchmark.cache:cached:37 - cache miss judge-request 0aeb8d193370
2026-09-22 06:45:29.512 | INFO     | steering_lite.benchmark.cache:cached:37 - cache miss judge-request b3cee5409f11
2026-09-22 06:45:29.523 | INFO     | steering_lite.benchmark.cache:cached:37 - cache miss judge-request b4cadec59743
2026-09-22 06:45:29.534 | INFO     | steering_lite.benchmark.cache:cached:37 - cache miss judge-request f9cfd3f4b49a
2026-09-22 06:45:29.541 | INFO     | steering_lite.benchmark.cache:cached:37 - cache miss judge-request e27960b85813
2026-09-22 06:45:29.570 | INFO     | steering_lite.benchmark.cache:cached:37 - cache miss judge-request 7c30a0a033e6
2026-09-22 06:45:29.575 | INFO     | steering_lite.benchmark.cache:cached:37 - cache miss judge-request fa8b6b551142
2026-09-22 06:45:29.583 | INFO     | steering_lite.benchmark.cache:cached:37 - cache miss judge-request 1d901f23ddd8
2026-09-22 06:45:29.585 | INFO     | steering_lite.benchmark.cache:cached:37 - cache miss judge-request 956eb022d521
2026-09-22 06:45:29.594 | INFO     | steering_lite.benchmark.cache:cached:37 - cache miss judge-request 3db6ed51d148
2026-09-22 06:45:29.610 | INFO     | steering_lite.benchmark.cache:cached:37 - cache miss judge-request 017ae218cd7b
2026-09-22 06:45:29.647 | INFO     | steering_lite.benchmark.cache:cached:37 - cache miss judge-request 7fe6c5be4f3e
2026-09-22 06:45:29.663 | INFO     | steering_lite.benchmark.cache:cached:37 - cache miss judge-request 004cef1cb2a7
2026-09-22 06:45:29.666 | INFO     | steering_lite.benchmark.cache:cached:37 - cache miss judge-request 8e96f22b6d18
2026-09-22 06:45:29.666 | INFO     | steering_lite.benchmark.cache:cached:37 - cache miss judge-request 48f0bc1238b8
2026-09-22 06:45:29.674 | INFO     | steering_lite.benchmark.cache:cached:37 - cache miss judge-request a1eaedc78e77
2026-09-22 06:45:29.675 | INFO     | steering_lite.benchmark.cache:cached:37 - cache miss judge-request d6193417a6ba
2026-09-22 06:45:29.717 | INFO     | steering_lite.benchmark.cache:cached:37 - cache miss judge-request 63b8e42a6277
2026-09-22 06:45:29.733 | INFO     | steering_lite.benchmark.cache:cached:37 - cache miss judge-request 4b01061bb7e7
2026-09-22 06:45:29.734 | INFO     | steering_lite.benchmark.cache:cached:37 - cache miss judge-request e7710d019975
2026-09-22 06:45:29.746 | INFO     | steering_lite.benchmark.cache:cached:37 - cache miss judge-request 845ae33db5ae
2026-09-22 06:45:29.747 | INFO     | steering_lite.benchmark.cache:cached:37 - cache miss judge-request 8ef066928914
2026-09-22 06:45:29.766 | INFO     | steering_lite.benchmark.cache:cached:37 - cache miss judge-request d3e642404181
2026-09-22 06:45:29.809 | INFO     | steering_lite.benchmark.cache:cached:37 - cache miss judge-request 62651f6be131
2026-09-22 06:45:29.809 | INFO     | steering_lite.benchmark.cache:cached:37 - cache miss judge-request 80b946ec96dd
2026-09-22 06:45:29.823 | INFO     | steering_lite.benchmark.cache:cached:37 - cache miss judge-request 4b81b6800af5
2026-09-22 06:45:29.826 | INFO     | steering_lite.benchmark.cache:cached:37 - cache miss judge-request 9bc1a0c8b68b
2026-09-22 06:45:29.831 | INFO     | steering_lite.benchmark.cache:cached:37 - cache miss judge-request 94b205947c06
2026-09-22 06:45:29.842 | INFO     | steering_lite.benchmark.cache:cached:37 - cache miss judge-request ff886a707036
2026-09-22 06:45:29.893 | INFO     | steering_lite.benchmark.cache:cached:37 - cache miss judge-request f372b769cef7
2026-09-22 06:45:29.908 | INFO     | steering_lite.benchmark.cache:cached:37 - cache miss judge-request 012fc13cbd24
2026-09-22 06:45:29.911 | INFO     | steering_lite.benchmark.cache:cached:37 - cache miss judge-request 4b038248c759
2026-09-22 06:45:29.921 | INFO     | steering_lite.benchmark.cache:cached:37 - cache miss judge-request 801b37a51334
2026-09-22 06:45:29.929 | INFO     | steering_lite.benchmark.cache:cached:37 - cache miss judge-request 73ca45cc5483
2026-09-22 06:45:29.932 | INFO     | steering_lite.benchmark.cache:cached:37 - cache miss judge-request b710aacf5e42
2026-09-22 06:45:29.971 | INFO     | steering_lite.benchmark.cache:cached:37 - cache miss judge-request a908dbed3f09
2026-09-22 06:45:30.034 | INFO     | steering_lite.benchmark.cache:cached:37 - cache miss judge-request 386d3108a54d
2026-09-22 06:45:30.035 | INFO     | steering_lite.benchmark.cache:cached:37 - cache miss judge-request 6e316226b61a
2026-09-22 06:45:30.062 | INFO     | steering_lite.benchmark.cache:cached:37 - cache miss judge-request aa147ae7d7d5
2026-09-22 06:45:30.077 | INFO     | steering_lite.benchmark.cache:cached:37 - cache miss judge-request 5bb1fbbaf5f0
2026-09-22 06:45:30.107 | INFO     | steering_lite.benchmark.cache:cached:37 - cache miss judge-request bc97e8d30624
2026-09-22 06:45:30.125 | INFO     | steering_lite.benchmark.cache:cached:37 - cache miss judge-request 99ac30cce09e
2026-09-22 06:45:30.152 | INFO     | steering_lite.benchmark.cache:cached:37 - cache miss judge-request d11cc71b3e41
2026-09-22 06:45:30.202 | INFO     | steering_lite.benchmark.cache:cached:37 - cache miss judge-request 55c25d7a4b5f
2026-09-22 06:45:30.203 | INFO     | steering_lite.benchmark.cache:cached:37 - cache miss judge-request b3c633f20436
2026-09-22 06:45:30.212 | INFO     | steering_lite.benchmark.cache:cached:37 - cache miss judge-request 91ce754d4eac
2026-09-22 06:45:30.212 | INFO     | steering_lite.benchmark.cache:cached:37 - cache miss judge-request a1cef06b57cc
2026-09-22 06:45:30.256 | INFO     | steering_lite.benchmark.cache:cached:37 - cache miss judge-request 25a75bc5a6e5
2026-09-22 06:45:30.270 | INFO     | steering_lite.benchmark.cache:cached:37 - cache miss judge-request 24ce056af045
2026-09-22 06:45:30.343 | INFO     | steering_lite.benchmark.cache:cached:37 - cache miss judge-request 3f7ff9efb048
2026-09-22 06:45:30.343 | INFO     | steering_lite.benchmark.cache:cached:37 - cache miss judge-request 48d741122f45
2026-09-22 06:45:30.360 | INFO     | steering_lite.benchmark.cache:cached:37 - cache miss judge-request c1db6bbfd9ae
2026-09-22 06:45:30.365 | INFO     | steering_lite.benchmark.cache:cached:37 - cache miss judge-request f4ee6ee4bd16
2026-09-22 06:45:30.373 | INFO     | steering_lite.benchmark.cache:cached:37 - cache miss judge-request 396c5cc82058
2026-09-22 06:45:30.382 | INFO     | steering_lite.benchmark.cache:cached:37 - cache miss judge-request 26f9cd5c1af9
2026-09-22 06:45:30.454 | INFO     | steering_lite.benchmark.cache:cached:37 - cache miss judge-request 4b2f5deededd
2026-09-22 06:45:30.466 | INFO     | steering_lite.benchmark.cache:cached:37 - cache miss judge-request a933cc33f997
2026-09-22 06:45:30.480 | INFO     | steering_lite.benchmark.cache:cached:37 - cache miss judge-request 77b3051a3dfe
2026-09-22 06:45:30.484 | INFO     | steering_lite.benchmark.cache:cached:37 - cache miss judge-request 6a6e127bf640
2026-09-22 06:45:30.651 | INFO     | steering_lite.benchmark.cache:cached:37 - cache miss judge-request 317ed0adc591
2026-09-22 06:45:30.659 | INFO     | steering_lite.benchmark.cache:cached:37 - cache miss judge-request ac3f339175b6
2026-09-22 06:45:30.676 | INFO     | steering_lite.benchmark.cache:cached:37 - cache miss judge-request 1bc71c7e0273
2026-09-22 06:45:30.682 | INFO     | steering_lite.benchmark.cache:cached:37 - cache miss judge-request 9df66be7158e
2026-09-22 06:45:30.742 | INFO     | steering_lite.benchmark.cache:cached:37 - cache miss judge-request df77745215ad
2026-09-22 06:45:30.806 | INFO     | steering_lite.benchmark.cache:cached:37 - cache miss judge-request e11206a281db
2026-09-22 06:45:30.814 | INFO     | steering_lite.benchmark.cache:cached:37 - cache miss judge-request 61cd09be2076
2026-09-22 06:45:30.822 | INFO     | steering_lite.benchmark.cache:cached:37 - cache miss judge-request a77a993f95f2
2026-09-22 06:45:30.838 | INFO     | steering_lite.benchmark.cache:cached:37 - cache miss judge-request 02c8d84abbc1
2026-09-22 06:45:30.843 | INFO     | steering_lite.benchmark.cache:cached:37 - cache miss judge-request 6665fe0a19ab
2026-09-22 06:45:30.938 | INFO     | steering_lite.benchmark.cache:cached:37 - cache miss judge-request a76cafc1d93f
2026-09-22 06:45:30.957 | INFO     | steering_lite.benchmark.cache:cached:37 - cache miss judge-request a58d6d41b1b0
2026-09-22 06:45:30.963 | INFO     | steering_lite.benchmark.cache:cached:37 - cache miss judge-request 8acc7e48eb47
2026-09-22 06:45:30.970 | INFO     | steering_lite.benchmark.cache:cached:37 - cache miss judge-request 33d6ed31f416
2026-09-22 06:45:30.977 | INFO     | steering_lite.benchmark.cache:cached:37 - cache miss judge-request 66978e05b47f
2026-09-22 06:45:30.987 | INFO     | steering_lite.benchmark.cache:cached:37 - cache miss judge-request 84d20b1aa20c
2026-09-22 06:45:31.039 | INFO     | steering_lite.benchmark.cache:cached:37 - cache miss judge-request 5cef32e47b2d
2026-09-22 06:45:31.049 | INFO     | steering_lite.benchmark.cache:cached:37 - cache miss judge-request 82c23fe43da9
2026-09-22 06:45:31.060 | INFO     | steering_lite.benchmark.cache:cached:37 - cache miss judge-request 09416ca69d96
2026-09-22 06:45:31.075 | INFO     | steering_lite.benchmark.cache:cached:37 - cache miss judge-request 73aff72dd9e3
2026-09-22 06:45:31.078 | INFO     | steering_lite.benchmark.cache:cached:37 - cache miss judge-request 7568b6fcdb95
2026-09-22 06:45:31.082 | INFO     | steering_lite.benchmark.cache:cached:37 - cache miss judge-request b9d892892477
2026-09-22 06:45:31.129 | INFO     | steering_lite.benchmark.cache:cached:37 - cache miss judge-request a3db1c18a03f
2026-09-22 06:45:31.149 | INFO     | steering_lite.benchmark.cache:cached:37 - cache miss judge-request d44990fb9a30
2026-09-22 06:45:31.163 | INFO     | steering_lite.benchmark.cache:cached:37 - cache miss judge-request 6bedcac7c385
2026-09-22 06:45:31.166 | INFO     | steering_lite.benchmark.cache:cached:37 - cache miss judge-request a73d5cc07e3e
2026-09-22 06:45:31.176 | INFO     | steering_lite.benchmark.cache:cached:37 - cache miss judge-request 878337b3488c
2026-09-22 06:45:31.199 | INFO     | steering_lite.benchmark.cache:cached:37 - cache miss judge-request b0347bc2da79
2026-09-22 06:45:31.237 | INFO     | steering_lite.benchmark.cache:cached:37 - cache miss judge-request 872382e2d0d3
2026-09-22 06:45:31.243 | INFO     | steering_lite.benchmark.cache:cached:37 - cache miss judge-request ffead50badef
2026-09-22 06:45:31.244 | INFO     | steering_lite.benchmark.cache:cached:37 - cache miss judge-request 10bcb447ac1f
2026-09-22 06:45:31.253 | INFO     | steering_lite.benchmark.cache:cached:37 - cache miss judge-request 716f503a2c87
2026-09-22 06:45:31.284 | INFO     | steering_lite.benchmark.cache:cached:37 - cache miss judge-request 8a1828ab1aee
2026-09-22 06:45:31.302 | INFO     | steering_lite.benchmark.cache:cached:37 - cache miss judge-request 6dfa3d55ddc7
2026-09-22 06:45:31.358 | INFO     | steering_lite.benchmark.cache:cached:37 - cache miss judge-request 8e90fc2f268d
2026-09-22 06:45:31.374 | INFO     | steering_lite.benchmark.cache:cached:37 - cache miss judge-request 348e808fa096
2026-09-22 06:45:31.374 | INFO     | steering_lite.benchmark.cache:cached:37 - cache miss judge-request 41edcc58fb1d
2026-09-22 06:45:31.395 | INFO     | steering_lite.benchmark.cache:cached:37 - cache miss judge-request 6df274616ce7
2026-09-22 06:45:31.397 | INFO     | steering_lite.benchmark.cache:cached:37 - cache miss judge-request 93b3d90ed204
2026-09-22 06:45:31.414 | INFO     | steering_lite.benchmark.cache:cached:37 - cache miss judge-request ac0aabef38a7
2026-09-22 06:45:31.443 | INFO     | steering_lite.benchmark.cache:cached:37 - cache miss judge-request ba1316cba7bc
2026-09-22 06:45:31.447 | INFO     | steering_lite.benchmark.cache:cached:37 - cache miss judge-request 196b73fe9cd1
2026-09-22 06:45:31.462 | INFO     | steering_lite.benchmark.cache:cached:37 - cache miss judge-request 180b57f0573a
2026-09-22 06:45:31.483 | INFO     | steering_lite.benchmark.cache:cached:37 - cache miss judge-request 9d6813363c9b
2026-09-22 06:45:31.492 | INFO     | steering_lite.benchmark.cache:cached:37 - cache miss judge-request 1cb1d11b4159
2026-09-22 06:45:31.503 | INFO     | steering_lite.benchmark.cache:cached:37 - cache miss judge-request d635aefdf575
2026-09-22 06:45:31.530 | INFO     | steering_lite.benchmark.cache:cached:37 - cache miss judge-request 154481354e19
2026-09-22 06:45:31.559 | INFO     | steering_lite.benchmark.cache:cached:37 - cache miss judge-request d28a6915988b
2026-09-22 06:45:31.575 | INFO     | steering_lite.benchmark.cache:cached:37 - cache miss judge-request b18893175e51
2026-09-22 06:45:31.588 | INFO     | steering_lite.benchmark.cache:cached:37 - cache miss judge-request b8d33c573da1
2026-09-22 06:45:31.601 | INFO     | steering_lite.benchmark.cache:cached:37 - cache miss judge-request 7c5403cb5a52
2026-09-22 06:45:31.610 | INFO     | steering_lite.benchmark.cache:cached:37 - cache miss judge-request 403904314342
2026-09-22 06:45:31.635 | INFO     | steering_lite.benchmark.cache:cached:37 - cache miss judge-request bb2ec646e31a
2026-09-22 06:45:31.669 | INFO     | steering_lite.benchmark.cache:cached:37 - cache miss judge-request 968b0b464ae5
2026-09-22 06:45:31.689 | INFO     | steering_lite.benchmark.cache:cached:37 - cache miss judge-request 275b7d86d096
2026-09-22 06:45:31.716 | INFO     | steering_lite.benchmark.cache:cached:37 - cache miss judge-request 2ca34f8f8bae
2026-09-22 06:45:31.721 | INFO     | steering_lite.benchmark.cache:cached:37 - cache miss judge-request a8aa0635b496
2026-09-22 06:45:31.729 | INFO     | steering_lite.benchmark.cache:cached:37 - cache miss judge-request cd080024de49
2026-09-22 06:45:31.732 | INFO     | steering_lite.benchmark.cache:cached:37 - cache miss judge-request 0ead19ecd9c8
2026-09-22 06:45:31.783 | INFO     | steering_lite.benchmark.cache:cached:37 - cache miss judge-request 539e90cd20c8
2026-09-22 06:45:31.802 | INFO     | steering_lite.benchmark.cache:cached:37 - cache miss judge-request e612fdea8410
2026-09-22 06:45:31.806 | INFO     | steering_lite.benchmark.cache:cached:37 - cache miss judge-request e59b919f62fb
2026-09-22 06:45:31.829 | INFO     | steering_lite.benchmark.cache:cached:37 - cache miss judge-request da73159a6278
2026-09-22 06:45:31.845 | INFO     | steering_lite.benchmark.cache:cached:37 - cache miss judge-request b906fa847ad6
2026-09-22 06:45:31.860 | INFO     | steering_lite.benchmark.cache:cached:37 - cache miss judge-request 10f443a3e010
2026-09-22 06:45:31.917 | INFO     | steering_lite.benchmark.cache:cached:37 - cache miss judge-request fcbf6aa74edf
2026-09-22 06:45:31.931 | INFO     | steering_lite.benchmark.cache:cached:37 - cache miss judge-request cebecf85fc9a
2026-09-22 06:45:31.980 | INFO     | steering_lite.benchmark.cache:cached:37 - cache miss judge-request f65d1620113f
2026-09-22 06:45:31.994 | INFO     | steering_lite.benchmark.cache:cached:37 - cache miss judge-request 32bb1747fb09
2026-09-22 06:45:32.007 | INFO     | steering_lite.benchmark.cache:cached:37 - cache miss judge-request 44a442758aba
2026-09-22 06:45:32.040 | INFO     | steering_lite.benchmark.cache:cached:37 - cache miss judge-request c5ba2ed7e6a7
2026-09-22 06:45:32.073 | INFO     | steering_lite.benchmark.cache:cached:37 - cache miss judge-request 880b09615422
2026-09-22 06:45:32.099 | INFO     | steering_lite.benchmark.cache:cached:37 - cache miss judge-request 30ff9fb75f94
2026-09-22 06:45:32.103 | INFO     | steering_lite.benchmark.cache:cached:37 - cache miss judge-request 34bb5a90e055
2026-09-22 06:45:32.120 | INFO     | steering_lite.benchmark.cache:cached:37 - cache miss judge-request 8f80145a791d
2026-09-22 06:45:32.121 | INFO     | steering_lite.benchmark.cache:cached:37 - cache miss judge-request 7beb8e6a9a62
2026-09-22 06:45:32.138 | INFO     | steering_lite.benchmark.cache:cached:37 - cache miss judge-request 20a74fc4ee6b
2026-09-22 06:45:32.164 | INFO     | steering_lite.benchmark.cache:cached:37 - cache miss judge-request bbb1ae4bb00d
2026-09-22 06:45:32.188 | INFO     | steering_lite.benchmark.cache:cached:37 - cache miss judge-request 717622b42c59
2026-09-22 06:45:32.210 | INFO     | steering_lite.benchmark.cache:cached:37 - cache miss judge-request bbef7c85daf3
2026-09-22 06:45:32.235 | INFO     | steering_lite.benchmark.cache:cached:37 - cache miss judge-request a7681779a9fa
2026-09-22 06:45:32.236 | INFO     | steering_lite.benchmark.cache:cached:37 - cache miss judge-request ec739af149fa
2026-09-22 06:45:32.326 | INFO     | steering_lite.benchmark.cache:cached:37 - cache miss judge-request ab07d23c3b67
2026-09-22 06:45:32.359 | INFO     | steering_lite.benchmark.cache:cached:37 - cache miss judge-request 57450a210fc2
2026-09-22 06:45:32.379 | INFO     | steering_lite.benchmark.cache:cached:37 - cache miss judge-request c57170d1f40d
2026-09-22 06:45:32.387 | INFO     | steering_lite.benchmark.cache:cached:37 - cache miss judge-request ece63b86a004
2026-09-22 06:45:32.407 | INFO     | steering_lite.benchmark.cache:cached:37 - cache miss judge-request 92cb368e435b
2026-09-22 06:45:32.456 | INFO     | steering_lite.benchmark.cache:cached:37 - cache miss judge-request 2bd207cf5bc3
2026-09-22 06:45:32.474 | INFO     | steering_lite.benchmark.cache:cached:37 - cache miss judge-request 131a070d6251
2026-09-22 06:45:32.501 | INFO     | steering_lite.benchmark.cache:cached:37 - cache miss judge-request 5c342623d91c
2026-09-22 06:45:32.518 | INFO     | steering_lite.benchmark.cache:cached:37 - cache miss judge-request 68addfd16116
2026-09-22 06:45:32.527 | INFO     | steering_lite.benchmark.cache:cached:37 - cache miss judge-request 17f89ad6c052
2026-09-22 06:45:32.544 | INFO     | steering_lite.benchmark.cache:cached:37 - cache miss judge-request f652ab08ee53
2026-09-22 06:45:32.565 | INFO     | steering_lite.benchmark.cache:cached:37 - cache miss judge-request 61cfc5a03623
2026-09-22 06:45:32.582 | INFO     | steering_lite.benchmark.cache:cached:37 - cache miss judge-request 45a29cfce21c
2026-09-22 06:45:32.645 | INFO     | steering_lite.benchmark.cache:cached:37 - cache miss judge-request 37951f92afe0
2026-09-22 06:45:32.659 | INFO     | steering_lite.benchmark.cache:cached:37 - cache miss judge-request 4dd84fca87fb
2026-09-22 06:45:32.671 | INFO     | steering_lite.benchmark.cache:cached:37 - cache miss judge-request 49fdb14ed3ac
2026-09-22 06:45:32.693 | INFO     | steering_lite.benchmark.cache:cached:37 - cache miss judge-request 66277d336d25
2026-09-22 06:45:32.716 | INFO     | steering_lite.benchmark.cache:cached:37 - cache miss judge-request 60741652c088
2026-09-22 06:45:32.746 | INFO     | steering_lite.benchmark.cache:cached:37 - cache miss judge-request e1678f4fe2de
2026-09-22 06:45:32.805 | INFO     | steering_lite.benchmark.cache:cached:37 - cache miss judge-request 04d8dcb326b2
2026-09-22 06:45:32.816 | INFO     | steering_lite.benchmark.cache:cached:37 - cache miss judge-request 4a0d4fb64afc
2026-09-22 06:45:32.818 | INFO     | steering_lite.benchmark.cache:cached:37 - cache miss judge-request 6f24dbf9ab4a
2026-09-22 06:45:32.825 | INFO     | steering_lite.benchmark.cache:cached:37 - cache miss judge-request 4b32940690b0
2026-09-22 06:45:32.844 | INFO     | steering_lite.benchmark.cache:cached:37 - cache miss judge-request 56465ced3e4e
2026-09-22 06:45:32.907 | INFO     | steering_lite.benchmark.cache:cached:37 - cache miss judge-request 8bf5cf7cc168
2026-09-22 06:45:32.951 | INFO     | steering_lite.benchmark.cache:cached:37 - cache miss judge-request 7f3f75d63bb5
2026-09-22 06:45:32.952 | INFO     | steering_lite.benchmark.cache:cached:37 - cache miss judge-request b8b78c6998ee
2026-09-22 06:45:32.960 | INFO     | steering_lite.benchmark.cache:cached:37 - cache miss judge-request 915696bcf058
2026-09-22 06:45:32.960 | INFO     | steering_lite.benchmark.cache:cached:37 - cache miss judge-request d252ab93ebf7
2026-09-22 06:45:32.982 | INFO     | steering_lite.benchmark.cache:cached:37 - cache miss judge-request 79683764b4c1
2026-09-22 06:45:33.013 | INFO     | steering_lite.benchmark.cache:cached:37 - cache miss judge-request 87a083271e5f
2026-09-22 06:45:33.064 | INFO     | steering_lite.benchmark.cache:cached:37 - cache miss judge-request 1c8b0b9e8b0d
2026-09-22 06:45:33.065 | INFO     | steering_lite.benchmark.cache:cached:37 - cache miss judge-request 73590422aeee
2026-09-22 06:45:33.075 | INFO     | steering_lite.benchmark.cache:cached:37 - cache miss judge-request 37bb63811c95
2026-09-22 06:45:33.076 | INFO     | steering_lite.benchmark.cache:cached:37 - cache miss judge-request bdb3a67e450b
2026-09-22 06:45:33.093 | INFO     | steering_lite.benchmark.cache:cached:37 - cache miss judge-request 9c99e3e52e11
2026-09-22 06:45:33.143 | INFO     | steering_lite.benchmark.cache:cached:37 - cache miss judge-request 91a3c2b9e0a4
2026-09-22 06:45:33.182 | INFO     | steering_lite.benchmark.cache:cached:37 - cache miss judge-request 9e342e1bc838
2026-09-22 06:45:33.183 | INFO     | steering_lite.benchmark.cache:cached:37 - cache miss judge-request 302eaeeb6b90
2026-09-22 06:45:33.199 | INFO     | steering_lite.benchmark.cache:cached:37 - cache miss judge-request 0a870cf0bc9e
2026-09-22 06:45:33.199 | INFO     | steering_lite.benchmark.cache:cached:37 - cache miss judge-request 9da72a769620
2026-09-22 06:45:33.219 | INFO     | steering_lite.benchmark.cache:cached:37 - cache miss judge-request 96eb1e873280
2026-09-22 06:45:33.252 | INFO     | steering_lite.benchmark.cache:cached:37 - cache miss judge-request b2d05f264fbb
2026-09-22 06:45:33.286 | INFO     | steering_lite.benchmark.cache:cached:37 - cache miss judge-request 491b3901bef7
2026-09-22 06:45:33.305 | INFO     | steering_lite.benchmark.cache:cached:37 - cache miss judge-request 4290a3fb8ec4
2026-09-22 06:45:33.316 | INFO     | steering_lite.benchmark.cache:cached:37 - cache miss judge-request 8d8c6fec2f0f
2026-09-22 06:45:33.326 | INFO     | steering_lite.benchmark.cache:cached:37 - cache miss judge-request 5f62c6c1714e
2026-09-22 06:45:33.344 | INFO     | steering_lite.benchmark.cache:cached:37 - cache miss judge-request 741d74a9994b
2026-09-22 06:45:33.392 | INFO     | steering_lite.benchmark.cache:cached:37 - cache miss judge-request cb6e185c4f5f
2026-09-22 06:45:33.420 | INFO     | steering_lite.benchmark.cache:cached:37 - cache miss judge-request 79f699fe4904
2026-09-22 06:45:33.451 | INFO     | steering_lite.benchmark.cache:cached:37 - cache miss judge-request b7b593862128
2026-09-22 06:45:33.451 | INFO     | steering_lite.benchmark.cache:cached:37 - cache miss judge-request 88a50630db78
2026-09-22 06:45:33.479 | INFO     | steering_lite.benchmark.cache:cached:37 - cache miss judge-request b775379039fc
2026-09-22 06:45:33.523 | INFO     | steering_lite.benchmark.cache:cached:37 - cache miss judge-request c138409d30f9
2026-09-22 06:45:33.542 | INFO     | steering_lite.benchmark.cache:cached:37 - cache miss judge-request ff6faeae893a
2026-09-22 06:45:33.600 | INFO     | steering_lite.benchmark.cache:cached:37 - cache miss judge-request aaecfc96606f
2026-09-22 06:45:33.606 | INFO     | steering_lite.benchmark.cache:cached:37 - cache miss judge-request f30297d1d724
2026-09-22 06:45:33.618 | INFO     | steering_lite.benchmark.cache:cached:37 - cache miss judge-request aab95b11de03
2026-09-22 06:45:33.684 | INFO     | steering_lite.benchmark.cache:cached:37 - cache miss judge-request 72558bb40a2b
2026-09-22 06:45:33.686 | INFO     | steering_lite.benchmark.cache:cached:37 - cache miss judge-request 4f6466f2c2cc
2026-09-22 06:45:33.731 | INFO     | steering_lite.benchmark.cache:cached:37 - cache miss judge-request b8411cbc62b0
2026-09-22 06:45:33.776 | INFO     | steering_lite.benchmark.cache:cached:37 - cache miss judge-request 6dfcea0d5daa
2026-09-22 06:45:33.776 | INFO     | steering_lite.benchmark.cache:cached:37 - cache miss judge-request 25423f510f59
2026-09-22 06:45:33.795 | INFO     | steering_lite.benchmark.cache:cached:37 - cache miss judge-request 628d20343c9f
2026-09-22 06:45:33.832 | INFO     | steering_lite.benchmark.cache:cached:37 - cache miss judge-request 41ec80b264a0
2026-09-22 06:45:33.836 | INFO     | steering_lite.benchmark.cache:cached:37 - cache miss judge-request a8cfccc081e2
2026-09-22 06:45:33.874 | INFO     | steering_lite.benchmark.cache:cached:37 - cache miss judge-request 2b0855d5e00c
2026-09-22 06:45:33.936 | INFO     | steering_lite.benchmark.cache:cached:37 - cache miss judge-request fc93d6284eb7
2026-09-22 06:45:33.936 | INFO     | steering_lite.benchmark.cache:cached:37 - cache miss judge-request 54eb9d50dee3
2026-09-22 06:45:33.958 | INFO     | steering_lite.benchmark.cache:cached:37 - cache miss judge-request 7bc6ca23912a
2026-09-22 06:45:34.020 | INFO     | steering_lite.benchmark.cache:cached:37 - cache miss judge-request 98ad609872c5
2026-09-22 06:45:34.100 | INFO     | steering_lite.benchmark.cache:cached:37 - cache miss judge-request edefbe0706b6
2026-09-22 06:45:34.127 | INFO     | steering_lite.benchmark.cache:cached:37 - cache miss judge-request 8a3358e3da62
2026-09-22 06:45:34.188 | INFO     | steering_lite.benchmark.cache:cached:37 - cache miss judge-request 0dc5daceaecf
2026-09-22 06:45:34.210 | INFO     | steering_lite.benchmark.cache:cached:37 - cache miss judge-request 997967ccad20
2026-09-22 06:45:34.224 | INFO     | steering_lite.benchmark.cache:cached:37 - cache miss judge-request 7cccba95958a
2026-09-22 06:45:34.227 | INFO     | steering_lite.benchmark.cache:cached:37 - cache miss judge-request 9cfcdd55a101
2026-09-22 06:45:34.275 | INFO     | steering_lite.benchmark.cache:cached:37 - cache miss judge-request 9a2bfe66d529
2026-09-22 06:45:34.290 | INFO     | steering_lite.benchmark.cache:cached:37 - cache miss judge-request 8a9f918f1100
2026-09-22 06:45:34.369 | INFO     | steering_lite.benchmark.cache:cached:37 - cache miss judge-request 5a50c13bba0f
2026-09-22 06:45:34.395 | INFO     | steering_lite.benchmark.cache:cached:37 - cache miss judge-request a48646cfd946
2026-09-22 06:45:34.402 | INFO     | steering_lite.benchmark.cache:cached:37 - cache miss judge-request 6ec6ae49246d
2026-09-22 06:45:34.407 | INFO     | steering_lite.benchmark.cache:cached:37 - cache miss judge-request cbf88c6d9f9e
2026-09-22 06:45:34.457 | INFO     | steering_lite.benchmark.cache:cached:37 - cache miss judge-request 4e597cfdbe34
2026-09-22 06:45:34.469 | INFO     | steering_lite.benchmark.cache:cached:37 - cache miss judge-request ba80a731735d
2026-09-22 06:45:34.548 | INFO     | steering_lite.benchmark.cache:cached:37 - cache miss judge-request 5b4f431b0744
2026-09-22 06:45:34.566 | INFO     | steering_lite.benchmark.cache:cached:37 - cache miss judge-request 89094f9cb814
2026-09-22 06:45:34.577 | INFO     | steering_lite.benchmark.cache:cached:37 - cache miss judge-request 5a59957d790c
2026-09-22 06:45:34.592 | INFO     | steering_lite.benchmark.cache:cached:37 - cache miss judge-request 066f2cfdf5a7
2026-09-22 06:45:34.613 | INFO     | steering_lite.benchmark.cache:cached:37 - cache miss judge-request 9c5c8b680521
2026-09-22 06:45:34.614 | INFO     | steering_lite.benchmark.cache:cached:37 - cache miss judge-request aa6eb78bb853
2026-09-22 06:45:34.698 | INFO     | steering_lite.benchmark.cache:cached:37 - cache miss judge-request a30a3f701b88
2026-09-22 06:45:34.761 | INFO     | steering_lite.benchmark.cache:cached:37 - cache miss judge-request 9a0a61f1a2ca
2026-09-22 06:45:34.767 | INFO     | steering_lite.benchmark.cache:cached:37 - cache miss judge-request 1ce633e32293
2026-09-22 06:45:34.798 | INFO     | steering_lite.benchmark.cache:cached:37 - cache miss judge-request 3ff3ddfff9b0
2026-09-22 06:45:34.815 | INFO     | steering_lite.benchmark.cache:cached:37 - cache miss judge-request 32ad7c2c4ef4
2026-09-22 06:45:34.822 | INFO     | steering_lite.benchmark.cache:cached:37 - cache miss judge-request 3ac0b403b107
2026-09-22 06:45:34.871 | INFO     | steering_lite.benchmark.cache:cached:37 - cache miss judge-request 8d8117941a71
2026-09-22 06:45:34.885 | INFO     | steering_lite.benchmark.cache:cached:37 - cache miss judge-request cfdec0f1ac93
2026-09-22 06:45:34.908 | INFO     | steering_lite.benchmark.cache:cached:37 - cache miss judge-request cfce8c27367b
2026-09-22 06:45:34.971 | INFO     | steering_lite.benchmark.cache:cached:37 - cache miss judge-request 0d2d0b6471c5
2026-09-22 06:45:34.979 | INFO     | steering_lite.benchmark.cache:cached:37 - cache miss judge-request 69b0dea94549
2026-09-22 06:45:34.984 | INFO     | steering_lite.benchmark.cache:cached:37 - cache miss judge-request f6147994a87b
2026-09-22 06:45:35.027 | INFO     | steering_lite.benchmark.cache:cached:37 - cache miss judge-request c2a0290bea3c
2026-09-22 06:45:35.053 | INFO     | steering_lite.benchmark.cache:cached:37 - cache miss judge-request dafbd98b60f1
2026-09-22 06:45:35.089 | INFO     | steering_lite.benchmark.cache:cached:37 - cache miss judge-request 6f76d462e4c2
2026-09-22 06:45:35.123 | INFO     | steering_lite.benchmark.cache:cached:37 - cache miss judge-request 16e3ede26411
2026-09-22 06:45:35.134 | INFO     | steering_lite.benchmark.cache:cached:37 - cache miss judge-request 12cc1b3d3817
2026-09-22 06:45:35.162 | INFO     | steering_lite.benchmark.cache:cached:37 - cache miss judge-request 04e07b43629a
2026-09-22 06:45:35.202 | INFO     | steering_lite.benchmark.cache:cached:37 - cache miss judge-request 7229c6dc36ec
2026-09-22 06:45:35.247 | INFO     | steering_lite.benchmark.cache:cached:37 - cache miss judge-request b3b77251d12f
2026-09-22 06:45:35.293 | INFO     | steering_lite.benchmark.cache:cached:37 - cache miss judge-request 47bc4d743ad7
2026-09-22 06:45:35.315 | INFO     | steering_lite.benchmark.cache:cached:37 - cache miss judge-request 00548f6645f8
2026-09-22 06:45:35.340 | INFO     | steering_lite.benchmark.cache:cached:37 - cache miss judge-request 911adb9d003d
2026-09-22 06:45:35.364 | INFO     | steering_lite.benchmark.cache:cached:37 - cache miss judge-request 04c3b8b0be23
2026-09-22 06:45:35.391 | INFO     | steering_lite.benchmark.cache:cached:37 - cache miss judge-request ddf46d08d666
2026-09-22 06:45:35.493 | INFO     | steering_lite.benchmark.cache:cached:37 - cache miss judge-request e91a7621880d
2026-09-22 06:45:35.498 | INFO     | steering_lite.benchmark.cache:cached:37 - cache miss judge-request 5e12374163b8
2026-09-22 06:45:35.508 | INFO     | steering_lite.benchmark.cache:cached:37 - cache miss judge-request 38fb03c37b22
2026-09-22 06:45:35.524 | INFO     | steering_lite.benchmark.cache:cached:37 - cache miss judge-request 92addb7331d8
2026-09-22 06:45:35.547 | INFO     | steering_lite.benchmark.cache:cached:37 - cache miss judge-request c482c80ffc7b
2026-09-22 06:45:35.600 | INFO     | steering_lite.benchmark.cache:cached:37 - cache miss judge-request 30ca5873db38
2026-09-22 06:45:35.627 | INFO     | steering_lite.benchmark.cache:cached:37 - cache miss judge-request 18745ac5ded5
2026-09-22 06:45:35.670 | INFO     | steering_lite.benchmark.cache:cached:37 - cache miss judge-request 9e6a505a47d2
2026-09-22 06:45:35.716 | INFO     | steering_lite.benchmark.cache:cached:37 - cache miss judge-request ea99c3a12f3b
2026-09-22 06:45:35.733 | INFO     | steering_lite.benchmark.cache:cached:37 - cache miss judge-request 363775acc21d
2026-09-22 06:45:35.783 | INFO     | steering_lite.benchmark.cache:cached:37 - cache miss judge-request 7ebd0aa8dcc2
2026-09-22 06:45:35.799 | INFO     | steering_lite.benchmark.cache:cached:37 - cache miss judge-request 0a629f7f60d7
2026-09-22 06:45:35.806 | INFO     | steering_lite.benchmark.cache:cached:37 - cache miss judge-request 22a0b523cada
2026-09-22 06:45:35.825 | INFO     | steering_lite.benchmark.cache:cached:37 - cache miss judge-request 42b36a2bebb3
2026-09-22 06:45:36.007 | INFO     | steering_lite.benchmark.cache:cached:37 - cache miss judge-request 5adc58cfac1f
2026-09-22 06:45:36.058 | INFO     | steering_lite.benchmark.cache:cached:37 - cache miss judge-request 7c33720567aa
2026-09-22 06:45:36.106 | INFO     | steering_lite.benchmark.cache:cached:37 - cache miss judge-request abe14fce99f4
2026-09-22 06:45:36.120 | INFO     | steering_lite.benchmark.cache:cached:37 - cache miss judge-request c71f870d7617
2026-09-22 06:45:36.133 | INFO     | steering_lite.benchmark.cache:cached:37 - cache miss judge-request c4ecdbb767f0
2026-09-22 06:45:36.133 | INFO     | steering_lite.benchmark.cache:cached:37 - cache miss judge-request e564091693f4
2026-09-22 06:45:36.140 | INFO     | steering_lite.benchmark.cache:cached:37 - cache miss judge-request 6cb056351fa5
2026-09-22 06:45:36.299 | INFO     | steering_lite.benchmark.cache:cached:37 - cache miss judge-request 20dd7e994735
2026-09-22 06:45:36.325 | INFO     | steering_lite.benchmark.cache:cached:37 - cache miss judge-request e2893360c935
2026-09-22 06:45:36.336 | INFO     | steering_lite.benchmark.cache:cached:37 - cache miss judge-request c3403b808ef5
2026-09-22 06:45:36.359 | INFO     | steering_lite.benchmark.cache:cached:37 - cache miss judge-request d95ec51e01f3
2026-09-22 06:45:36.371 | INFO     | steering_lite.benchmark.cache:cached:37 - cache miss judge-request 4c035fb5055f
2026-09-22 06:45:36.379 | INFO     | steering_lite.benchmark.cache:cached:37 - cache miss judge-request 7486d79b1dbf
2026-09-22 06:45:36.474 | INFO     | steering_lite.benchmark.cache:cached:37 - cache miss judge-request 1d8e9f509b90
2026-09-22 06:45:36.523 | INFO     | steering_lite.benchmark.cache:cached:37 - cache miss judge-request 71ed456596d4
2026-09-22 06:45:36.580 | INFO     | steering_lite.benchmark.cache:cached:37 - cache miss judge-request 9b6e61953294
2026-09-22 06:45:36.596 | INFO     | steering_lite.benchmark.cache:cached:37 - cache miss judge-request e35983c5a188
2026-09-22 06:45:36.606 | INFO     | steering_lite.benchmark.cache:cached:37 - cache miss judge-request d7dc78c4fe4f
2026-09-22 06:45:36.606 | INFO     | steering_lite.benchmark.cache:cached:37 - cache miss judge-request 6387a06b9759
2026-09-22 06:45:36.672 | INFO     | steering_lite.benchmark.cache:cached:37 - cache miss judge-request 1936ae6cf601
2026-09-22 06:45:36.704 | INFO     | steering_lite.benchmark.cache:cached:37 - cache miss judge-request 3f7663511e7f
2026-09-22 06:45:36.735 | INFO     | steering_lite.benchmark.cache:cached:37 - cache miss judge-request 1b489d593a59
2026-09-22 06:45:36.747 | INFO     | steering_lite.benchmark.cache:cached:37 - cache miss judge-request baea4f633256
2026-09-22 06:45:36.753 | INFO     | steering_lite.benchmark.cache:cached:37 - cache miss judge-request 5e23a901320a
2026-09-22 06:45:36.762 | INFO     | steering_lite.benchmark.cache:cached:37 - cache miss judge-request 95c827ac4691
2026-09-22 06:45:36.792 | INFO     | steering_lite.benchmark.cache:cached:37 - cache miss judge-request 23b52c9446f5
2026-09-22 06:45:36.828 | INFO     | steering_lite.benchmark.cache:cached:37 - cache miss judge-request 628d8752672b
2026-09-22 06:45:36.868 | INFO     | steering_lite.benchmark.cache:cached:37 - cache miss judge-request c477e16bc2d3
2026-09-22 06:45:36.882 | INFO     | steering_lite.benchmark.cache:cached:37 - cache miss judge-request 7885ce590aed
2026-09-22 06:45:36.885 | INFO     | steering_lite.benchmark.cache:cached:37 - cache miss judge-request ccea360a54cd
2026-09-22 06:45:36.901 | INFO     | steering_lite.benchmark.cache:cached:37 - cache miss judge-request 9fb9107de23e
2026-09-22 06:45:36.941 | INFO     | steering_lite.benchmark.cache:cached:37 - cache miss judge-request 785ffb03fac0
2026-09-22 06:45:37.070 | INFO     | steering_lite.benchmark.cache:cached:37 - cache miss judge-request a4289dd26ea5
2026-09-22 06:45:37.150 | INFO     | steering_lite.benchmark.cache:cached:37 - cache miss judge-request edc51d28ecca
2026-09-22 06:45:37.172 | INFO     | steering_lite.benchmark.cache:cached:37 - cache miss judge-request f08ee1255419
2026-09-22 06:45:37.172 | INFO     | steering_lite.benchmark.cache:cached:37 - cache miss judge-request 18bf44263aeb
2026-09-22 06:45:37.182 | INFO     | steering_lite.benchmark.cache:cached:37 - cache miss judge-request 4bae89340cbb
2026-09-22 06:45:37.183 | INFO     | steering_lite.benchmark.cache:cached:37 - cache miss judge-request 92ff530faad7
2026-09-22 06:45:37.270 | INFO     | steering_lite.benchmark.cache:cached:37 - cache miss judge-request 04f76ea49b72
2026-09-22 06:45:37.277 | INFO     | steering_lite.benchmark.cache:cached:37 - cache miss judge-request 19af95f0b86b
2026-09-22 06:45:37.284 | INFO     | steering_lite.benchmark.cache:cached:37 - cache miss judge-request c3e38c643ef7
2026-09-22 06:45:37.316 | INFO     | steering_lite.benchmark.cache:cached:37 - cache miss judge-request 077fc836a419
2026-09-22 06:45:37.343 | INFO     | steering_lite.benchmark.cache:cached:37 - cache miss judge-request 97ef699dc294
2026-09-22 06:45:37.357 | INFO     | steering_lite.benchmark.cache:cached:37 - cache miss judge-request a2b42afbf718
2026-09-22 06:45:37.463 | INFO     | steering_lite.benchmark.cache:cached:37 - cache miss judge-request 0ce9d1490b08
2026-09-22 06:45:37.473 | INFO     | steering_lite.benchmark.cache:cached:37 - cache miss judge-request 701d41cfd364
2026-09-22 06:45:37.495 | INFO     | steering_lite.benchmark.cache:cached:37 - cache miss judge-request fc6446a6b7c2
2026-09-22 06:45:37.499 | INFO     | steering_lite.benchmark.cache:cached:37 - cache miss judge-request 658bb6b0ce75
2026-09-22 06:45:37.570 | INFO     | steering_lite.benchmark.cache:cached:37 - cache miss judge-request 4128dbf089fa
2026-09-22 06:45:37.615 | INFO     | steering_lite.benchmark.cache:cached:37 - cache miss judge-request 0228303154b7
2026-09-22 06:45:37.741 | INFO     | steering_lite.benchmark.cache:cached:37 - cache miss judge-request d5045e13b624
2026-09-22 06:45:37.754 | INFO     | steering_lite.benchmark.cache:cached:37 - cache miss judge-request 4d278b907e48
2026-09-22 06:45:37.768 | INFO     | steering_lite.benchmark.cache:cached:37 - cache miss judge-request ea1e8b31908d
2026-09-22 06:45:37.781 | INFO     | steering_lite.benchmark.cache:cached:37 - cache miss judge-request 437dc137e567
2026-09-22 06:45:37.822 | INFO     | steering_lite.benchmark.cache:cached:37 - cache miss judge-request 616f08f6f0ac
2026-09-22 06:45:37.874 | INFO     | steering_lite.benchmark.cache:cached:37 - cache miss judge-request 49743f56247f
2026-09-22 06:45:37.956 | INFO     | steering_lite.benchmark.cache:cached:37 - cache miss judge-request c4228e035cdb
2026-09-22 06:45:37.956 | INFO     | steering_lite.benchmark.cache:cached:37 - cache miss judge-request 30397d375ff0
2026-09-22 06:45:37.976 | INFO     | steering_lite.benchmark.cache:cached:37 - cache miss judge-request 8739b2d9a969
2026-09-22 06:45:38.002 | INFO     | steering_lite.benchmark.cache:cached:37 - cache miss judge-request 277db5721383
2026-09-22 06:45:38.031 | INFO     | steering_lite.benchmark.cache:cached:37 - cache miss judge-request d664af8e46c4
2026-09-22 06:45:38.055 | INFO     | steering_lite.benchmark.cache:cached:37 - cache miss judge-request cf0d9408c588
2026-09-22 06:45:38.091 | INFO     | steering_lite.benchmark.cache:cached:37 - cache miss judge-request 9af30635455c
2026-09-22 06:45:38.144 | INFO     | steering_lite.benchmark.cache:cached:37 - cache miss judge-request f7210cefb5cb
2026-09-22 06:45:38.245 | INFO     | steering_lite.benchmark.cache:cached:37 - cache miss judge-request 2fe6987811ba
2026-09-22 06:45:38.252 | INFO     | steering_lite.benchmark.cache:cached:37 - cache miss judge-request 0abcbc2b68ec
2026-09-22 06:45:38.265 | INFO     | steering_lite.benchmark.cache:cached:37 - cache miss judge-request 9f45c2d9e7f4
2026-09-22 06:45:38.287 | INFO     | steering_lite.benchmark.cache:cached:37 - cache miss judge-request a9f68ee87d4f
2026-09-22 06:45:38.339 | INFO     | steering_lite.benchmark.cache:cached:37 - cache miss judge-request d5828f90e1e2
2026-09-22 06:45:38.437 | INFO     | steering_lite.benchmark.cache:cached:37 - cache miss judge-request 85f39de958ff
2026-09-22 06:45:38.437 | INFO     | steering_lite.benchmark.cache:cached:37 - cache miss judge-request a6d9a520ff3c
2026-09-22 06:45:38.449 | INFO     | steering_lite.benchmark.cache:cached:37 - cache miss judge-request 3779e35c59e4
2026-09-22 06:45:38.465 | INFO     | steering_lite.benchmark.cache:cached:37 - cache miss judge-request e6db971fe254
2026-09-22 06:45:38.521 | INFO     | steering_lite.benchmark.cache:cached:37 - cache miss judge-request 18945a78f46c
2026-09-22 06:45:38.532 | INFO     | steering_lite.benchmark.cache:cached:37 - cache miss judge-request 9e7948f1f410
2026-09-22 06:45:38.623 | INFO     | steering_lite.benchmark.cache:cached:37 - cache miss judge-request 7c66d608d900
2026-09-22 06:45:38.626 | INFO     | steering_lite.benchmark.cache:cached:37 - cache miss judge-request 9344d3ea9d18
2026-09-22 06:45:38.628 | INFO     | steering_lite.benchmark.cache:cached:37 - cache miss judge-request 43da11d46a20
2026-09-22 06:45:38.650 | INFO     | steering_lite.benchmark.cache:cached:37 - cache miss judge-request 2f29affc4ff1
2026-09-22 06:45:38.735 | INFO     | steering_lite.benchmark.cache:cached:37 - cache miss judge-request c3070b72465f
2026-09-22 06:45:38.749 | INFO     | steering_lite.benchmark.cache:cached:37 - cache miss judge-request 6f4b30bb9628
2026-09-22 06:45:38.817 | INFO     | steering_lite.benchmark.cache:cached:37 - cache miss judge-request d8f91af5604d
2026-09-22 06:45:38.860 | INFO     | steering_lite.benchmark.cache:cached:37 - cache miss judge-request a5abf16512e0
2026-09-22 06:45:38.899 | INFO     | steering_lite.benchmark.cache:cached:37 - cache miss judge-request 8b6ad223e91b
2026-09-22 06:45:38.924 | INFO     | steering_lite.benchmark.cache:cached:37 - cache miss judge-request e8f3cd1f3dbc
2026-09-22 06:45:38.945 | INFO     | steering_lite.benchmark.cache:cached:37 - cache miss judge-request fbc0bf939ebd
2026-09-22 06:45:39.037 | INFO     | steering_lite.benchmark.cache:cached:37 - cache miss judge-request 2ab576e3f78c
2026-09-22 06:45:39.051 | INFO     | steering_lite.benchmark.cache:cached:37 - cache miss judge-request d181ddde30c0
2026-09-22 06:45:39.075 | INFO     | steering_lite.benchmark.cache:cached:37 - cache miss judge-request 6875fb664ced
2026-09-22 06:45:39.107 | INFO     | steering_lite.benchmark.cache:cached:37 - cache miss judge-request 948f3e8535f9
2026-09-22 06:45:39.135 | INFO     | steering_lite.benchmark.cache:cached:37 - cache miss judge-request 7645d96494c8
2026-09-22 06:45:39.179 | INFO     | steering_lite.benchmark.cache:cached:37 - cache miss judge-request 4e9df260a1fe
2026-09-22 06:45:39.260 | INFO     | steering_lite.benchmark.cache:cached:37 - cache miss judge-request 5b869f0ca269
2026-09-22 06:45:39.265 | INFO     | steering_lite.benchmark.cache:cached:37 - cache miss judge-request 183db77d6169
2026-09-22 06:45:39.287 | INFO     | steering_lite.benchmark.cache:cached:37 - cache miss judge-request adc472d8ea7a
2026-09-22 06:45:39.326 | INFO     | steering_lite.benchmark.cache:cached:37 - cache miss judge-request 16c976032502
2026-09-22 06:45:39.339 | INFO     | steering_lite.benchmark.cache:cached:37 - cache miss judge-request 055da958c2d1
2026-09-22 06:45:39.376 | INFO     | steering_lite.benchmark.cache:cached:37 - cache miss judge-request d6a8d0997a0e
2026-09-22 06:45:39.506 | INFO     | steering_lite.benchmark.cache:cached:37 - cache miss judge-request bce88f91162c
2026-09-22 06:45:39.548 | INFO     | steering_lite.benchmark.cache:cached:37 - cache miss judge-request fb892faaa070
2026-09-22 06:45:39.564 | INFO     | steering_lite.benchmark.cache:cached:37 - cache miss judge-request ee479faa56fc
2026-09-22 06:45:39.581 | INFO     | steering_lite.benchmark.cache:cached:37 - cache miss judge-request e5d2d3302350
2026-09-22 06:45:39.607 | INFO     | steering_lite.benchmark.cache:cached:37 - cache miss judge-request 2ee0e5289b6e
2026-09-22 06:45:39.642 | INFO     | steering_lite.benchmark.cache:cached:37 - cache miss judge-request 7ffdffbda9dd
2026-09-22 06:45:39.765 | INFO     | steering_lite.benchmark.cache:cached:37 - cache miss judge-request d5b95ce34058
2026-09-22 06:45:39.765 | INFO     | steering_lite.benchmark.cache:cached:37 - cache miss judge-request f7710bbce511
2026-09-22 06:45:39.777 | INFO     | steering_lite.benchmark.cache:cached:37 - cache miss judge-request 80a85658c10c
2026-09-22 06:45:39.791 | INFO     | steering_lite.benchmark.cache:cached:37 - cache miss judge-request 5c767b7be62c
2026-09-22 06:45:39.822 | INFO     | steering_lite.benchmark.cache:cached:37 - cache miss judge-request ea17d7a8b5fc
2026-09-22 06:45:39.843 | INFO     | steering_lite.benchmark.cache:cached:37 - cache miss judge-request 2a4310e0b175
2026-09-22 06:45:40.098 | INFO     | steering_lite.benchmark.cache:cached:37 - cache miss judge-request f0590e0f08c6
2026-09-22 06:45:40.108 | INFO     | steering_lite.benchmark.cache:cached:37 - cache miss judge-request 33cf14d403d4
2026-09-22 06:45:40.127 | INFO     | steering_lite.benchmark.cache:cached:37 - cache miss judge-request cd9f5ed7b369
2026-09-22 06:45:40.151 | INFO     | steering_lite.benchmark.cache:cached:37 - cache miss judge-request 5b84514543e0
2026-09-22 06:45:40.160 | INFO     | steering_lite.benchmark.cache:cached:37 - cache miss judge-request 217d12327348
2026-09-22 06:45:40.294 | INFO     | steering_lite.benchmark.cache:cached:37 - cache miss judge-request c5b1fd0d76d5
2026-09-22 06:45:40.394 | INFO     | steering_lite.benchmark.cache:cached:37 - cache miss judge-request 2716662013e6
2026-09-22 06:45:40.426 | INFO     | steering_lite.benchmark.cache:cached:37 - cache miss judge-request bbaa284e4f90
2026-09-22 06:45:40.475 | INFO     | steering_lite.benchmark.cache:cached:37 - cache miss judge-request 6eb95a4e96c7
2026-09-22 06:45:40.487 | INFO     | steering_lite.benchmark.cache:cached:37 - cache miss judge-request 6cef9d232ffc
2026-09-22 06:45:40.534 | INFO     | steering_lite.benchmark.cache:cached:37 - cache miss judge-request 2e11c0f97c36
2026-09-22 06:45:40.550 | INFO     | steering_lite.benchmark.cache:cached:37 - cache miss judge-request 5d3029cda794
2026-09-22 06:45:40.649 | INFO     | steering_lite.benchmark.cache:cached:37 - cache miss judge-request 02a4c5cf6c8f
2026-09-22 06:45:40.661 | INFO     | steering_lite.benchmark.cache:cached:37 - cache miss judge-request 8229dd95d789
2026-09-22 06:45:40.703 | INFO     | steering_lite.benchmark.cache:cached:37 - cache miss judge-request 5713de659280
2026-09-22 06:45:40.750 | INFO     | steering_lite.benchmark.cache:cached:37 - cache miss judge-request 0cd1de1392c3
2026-09-22 06:45:40.772 | INFO     | steering_lite.benchmark.cache:cached:37 - cache miss judge-request 3d5dbc51e2ce
2026-09-22 06:45:40.785 | INFO     | steering_lite.benchmark.cache:cached:37 - cache miss judge-request 112e885b5cfa
2026-09-22 06:45:40.901 | INFO     | steering_lite.benchmark.cache:cached:37 - cache miss judge-request 7d3d7c580060
2026-09-22 06:45:40.921 | INFO     | steering_lite.benchmark.cache:cached:37 - cache miss judge-request 9833052ec0dc
2026-09-22 06:45:40.968 | INFO     | steering_lite.benchmark.cache:cached:37 - cache miss judge-request c2f1333a0c99
2026-09-22 06:45:40.985 | INFO     | steering_lite.benchmark.cache:cached:37 - cache miss judge-request 4beaa50685dd
2026-09-22 06:45:41.007 | INFO     | steering_lite.benchmark.cache:cached:37 - cache miss judge-request ac198fdf63ed
2026-09-22 06:45:41.040 | INFO     | steering_lite.benchmark.cache:cached:37 - cache miss judge-request 3fce7bd7e8d8
2026-09-22 06:45:41.141 | INFO     | steering_lite.benchmark.cache:cached:37 - cache miss judge-request 61cad823f165
2026-09-22 06:45:41.146 | INFO     | steering_lite.benchmark.cache:cached:37 - cache miss judge-request 8657ed89ba52
2026-09-22 06:45:41.172 | INFO     | steering_lite.benchmark.cache:cached:37 - cache miss judge-request 16992c6aef28
2026-09-22 06:45:41.206 | INFO     | steering_lite.benchmark.cache:cached:37 - cache miss judge-request 1ed9ec37df8b
2026-09-22 06:45:41.222 | INFO     | steering_lite.benchmark.cache:cached:37 - cache miss judge-request f26f2dd82963
2026-09-22 06:45:41.272 | INFO     | steering_lite.benchmark.cache:cached:37 - cache miss judge-request b849a568cb83
2026-09-22 06:45:41.356 | INFO     | steering_lite.benchmark.cache:cached:37 - cache miss judge-request 6db2bf32daec
2026-09-22 06:45:41.356 | INFO     | steering_lite.benchmark.cache:cached:37 - cache miss judge-request 64e2cc3460c2
2026-09-22 06:45:41.399 | INFO     | steering_lite.benchmark.cache:cached:37 - cache miss judge-request 57461aa58e82
2026-09-22 06:45:41.429 | INFO     | steering_lite.benchmark.cache:cached:37 - cache miss judge-request 34569dfb3ed2
2026-09-22 06:45:41.430 | INFO     | steering_lite.benchmark.cache:cached:37 - cache miss judge-request 1b69301bce98
2026-09-22 06:45:41.514 | INFO     | steering_lite.benchmark.cache:cached:37 - cache miss judge-request 55c2b20006a2
2026-09-22 06:45:41.565 | INFO     | steering_lite.benchmark.cache:cached:37 - cache miss judge-request 15a41f6d16a1
2026-09-22 06:45:41.592 | INFO     | steering_lite.benchmark.cache:cached:37 - cache miss judge-request 6d5fd31a1dc5
2026-09-22 06:45:41.628 | INFO     | steering_lite.benchmark.cache:cached:37 - cache miss judge-request 7a6187481681
2026-09-22 06:45:41.705 | INFO     | steering_lite.benchmark.cache:cached:37 - cache miss judge-request 984938e1291b
2026-09-22 06:45:41.708 | INFO     | steering_lite.benchmark.cache:cached:37 - cache miss judge-request 4d777e61d68e
2026-09-22 06:45:41.793 | INFO     | steering_lite.benchmark.cache:cached:37 - cache miss judge-request 83b08a388596
2026-09-22 06:45:41.815 | INFO     | steering_lite.benchmark.cache:cached:37 - cache miss judge-request 8ae6e500a7d5
2026-09-22 06:45:41.823 | INFO     | steering_lite.benchmark.cache:cached:37 - cache miss judge-request a840ae3d1f87
2026-09-22 06:45:41.945 | INFO     | steering_lite.benchmark.cache:cached:37 - cache miss judge-request 2de7521b1665
2026-09-22 06:45:41.952 | INFO     | steering_lite.benchmark.cache:cached:37 - cache miss judge-request fcbe4c26b19c
2026-09-22 06:45:41.999 | INFO     | steering_lite.benchmark.cache:cached:37 - cache miss judge-request 34e364049897
2026-09-22 06:45:42.089 | INFO     | steering_lite.benchmark.cache:cached:37 - cache miss judge-request f99ef9d69290
2026-09-22 06:45:42.094 | INFO     | steering_lite.benchmark.cache:cached:37 - cache miss judge-request a034720070ba
2026-09-22 06:45:42.138 | INFO     | steering_lite.benchmark.cache:cached:37 - cache miss judge-request 497673cae6c5
2026-09-22 06:45:42.202 | INFO     | steering_lite.benchmark.cache:cached:37 - cache miss judge-request 3c0e31603155
2026-09-22 06:45:42.238 | INFO     | steering_lite.benchmark.cache:cached:37 - cache miss judge-request fa2f1bb5fdef
2026-09-22 06:45:42.266 | INFO     | steering_lite.benchmark.cache:cached:37 - cache miss judge-request e9556e6e5f48
2026-09-22 06:45:42.394 | INFO     | steering_lite.benchmark.cache:cached:37 - cache miss judge-request db23da5aae46
2026-09-22 06:45:42.401 | INFO     | steering_lite.benchmark.cache:cached:37 - cache miss judge-request e6fef317016e
2026-09-22 06:45:42.412 | INFO     | steering_lite.benchmark.cache:cached:37 - cache miss judge-request 5bd99e37dad4
2026-09-22 06:45:42.430 | INFO     | steering_lite.benchmark.cache:cached:37 - cache miss judge-request 7dcb944bfdcf
2026-09-22 06:45:42.533 | INFO     | steering_lite.benchmark.cache:cached:37 - cache miss judge-request 4906dff1ab5d
2026-09-22 06:45:42.645 | INFO     | steering_lite.benchmark.cache:cached:37 - cache miss judge-request a528e7d44f61
2026-09-22 06:45:42.752 | INFO     | steering_lite.benchmark.cache:cached:37 - cache miss judge-request e9c5d9b48120
2026-09-22 06:45:42.777 | INFO     | steering_lite.benchmark.cache:cached:37 - cache miss judge-request 39fc5e7da466
2026-09-22 06:45:42.966 | INFO     | steering_lite.benchmark.cache:cached:37 - cache miss judge-request c0bddf517c58
2026-09-22 06:45:43.004 | INFO     | steering_lite.benchmark.cache:cached:37 - cache miss judge-request 751b23834fc3
2026-09-22 06:45:43.007 | INFO     | steering_lite.benchmark.cache:cached:37 - cache miss judge-request 04e98fe4718b
2026-09-22 06:45:43.040 | INFO     | steering_lite.benchmark.cache:cached:37 - cache miss judge-request 7e14181fee03
2026-09-22 06:45:43.069 | INFO     | steering_lite.benchmark.cache:cached:37 - cache miss judge-request 516bf4f4bf5f
2026-09-22 06:45:43.111 | INFO     | steering_lite.benchmark.cache:cached:37 - cache miss judge-request c3c3aa217562
2026-09-22 06:45:43.285 | INFO     | steering_lite.benchmark.cache:cached:37 - cache miss judge-request 9cea53e94fd1
2026-09-22 06:45:43.345 | INFO     | steering_lite.benchmark.cache:cached:37 - cache miss judge-request 6c90f22c89b2
2026-09-22 06:45:43.386 | INFO     | steering_lite.benchmark.cache:cached:37 - cache miss judge-request e778f6453a4e
2026-09-22 06:45:43.429 | INFO     | steering_lite.benchmark.cache:cached:37 - cache miss judge-request 6599e1ac7e5f
2026-09-22 06:45:43.435 | INFO     | steering_lite.benchmark.cache:cached:37 - cache miss judge-request a5e330ff3bc6
2026-09-22 06:45:43.473 | INFO     | steering_lite.benchmark.cache:cached:37 - cache miss judge-request 41df45e9059e
2026-09-22 06:45:43.517 | INFO     | steering_lite.benchmark.cache:cached:37 - cache miss judge-request bd217d2daa15
2026-09-22 06:45:43.588 | INFO     | steering_lite.benchmark.cache:cached:37 - cache miss judge-request d7e3448429df
2026-09-22 06:45:43.622 | INFO     | steering_lite.benchmark.cache:cached:37 - cache miss judge-request b72da41e4a24
2026-09-22 06:45:43.677 | INFO     | steering_lite.benchmark.cache:cached:37 - cache miss judge-request ce0fcb70c60a
2026-09-22 06:45:43.688 | INFO     | steering_lite.benchmark.cache:cached:37 - cache miss judge-request 0673aea411ed
2026-09-22 06:45:43.765 | INFO     | steering_lite.benchmark.cache:cached:37 - cache miss judge-request cee8e2fce6db
2026-09-22 06:45:43.813 | INFO     | steering_lite.benchmark.cache:cached:37 - cache miss judge-request fe7f095f9839
2026-09-22 06:45:43.821 | INFO     | steering_lite.benchmark.cache:cached:37 - cache miss judge-request fd9cb7bbd4aa
2026-09-22 06:45:43.946 | INFO     | steering_lite.benchmark.cache:cached:37 - cache miss judge-request 10bd16223ae0
2026-09-22 06:45:43.965 | INFO     | steering_lite.benchmark.cache:cached:37 - cache miss judge-request 367b17712600
2026-09-22 06:45:44.105 | INFO     | steering_lite.benchmark.cache:cached:37 - cache miss judge-request ac91e02b5fb2
2026-09-22 06:45:44.147 | INFO     | steering_lite.benchmark.cache:cached:37 - cache miss judge-request f8f9a6a2a16e
2026-09-22 06:45:44.152 | INFO     | steering_lite.benchmark.cache:cached:37 - cache miss judge-request 390ba016162a
2026-09-22 06:45:44.176 | INFO     | steering_lite.benchmark.cache:cached:37 - cache miss judge-request fb14103b0abc
2026-09-22 06:45:44.204 | INFO     | steering_lite.benchmark.cache:cached:37 - cache miss judge-request 543f133e4c85
2026-09-22 06:45:44.338 | INFO     | steering_lite.benchmark.cache:cached:37 - cache miss judge-request 9f5ecaf745ed
2026-09-22 06:45:44.383 | INFO     | steering_lite.benchmark.cache:cached:37 - cache miss judge-request 2e10cd645509
2026-09-22 06:45:44.433 | INFO     | steering_lite.benchmark.cache:cached:37 - cache miss judge-request 44ef8e855261
2026-09-22 06:45:44.487 | INFO     | steering_lite.benchmark.cache:cached:37 - cache miss judge-request 67dec46c9792
2026-09-22 06:45:44.511 | INFO     | steering_lite.benchmark.cache:cached:37 - cache miss judge-request a4a216ac75a0
2026-09-22 06:45:44.511 | INFO     | steering_lite.benchmark.cache:cached:37 - cache miss judge-request dd5bc7562df1
2026-09-22 06:45:44.605 | INFO     | steering_lite.benchmark.cache:cached:37 - cache miss judge-request 81cc40d3af90
2026-09-22 06:45:44.617 | INFO     | steering_lite.benchmark.cache:cached:37 - cache miss judge-request 83007b058633
2026-09-22 06:45:44.657 | INFO     | steering_lite.benchmark.cache:cached:37 - cache miss judge-request fd1ebdb47043
2026-09-22 06:45:44.696 | INFO     | steering_lite.benchmark.cache:cached:37 - cache miss judge-request ae8ecc12d15c
2026-09-22 06:45:44.757 | INFO     | steering_lite.benchmark.cache:cached:37 - cache miss judge-request ea9d37f58cca
2026-09-22 06:45:44.795 | INFO     | steering_lite.benchmark.cache:cached:37 - cache miss judge-request bbe1bd52a2e7
2026-09-22 06:45:44.903 | INFO     | steering_lite.benchmark.cache:cached:37 - cache miss judge-request 50416194477d
2026-09-22 06:45:44.914 | INFO     | steering_lite.benchmark.cache:cached:37 - cache miss judge-request c4ada9cdfe2a
2026-09-22 06:45:44.928 | INFO     | steering_lite.benchmark.cache:cached:37 - cache miss judge-request e6b2b1816c79
2026-09-22 06:45:44.934 | INFO     | steering_lite.benchmark.cache:cached:37 - cache miss judge-request 274f99a6fca6
2026-09-22 06:45:45.016 | INFO     | steering_lite.benchmark.cache:cached:37 - cache miss judge-request e7a798d36017
2026-09-22 06:45:45.078 | INFO     | steering_lite.benchmark.cache:cached:37 - cache miss judge-request 1f50ff2ea98b
2026-09-22 06:45:45.123 | INFO     | steering_lite.benchmark.cache:cached:37 - cache miss judge-request 368ce7a452a9
2026-09-22 06:45:45.166 | INFO     | steering_lite.benchmark.cache:cached:37 - cache miss judge-request a41a7a7d3b3d
2026-09-22 06:45:45.196 | INFO     | steering_lite.benchmark.cache:cached:37 - cache miss judge-request 64c7d324c953
2026-09-22 06:45:45.218 | INFO     | steering_lite.benchmark.cache:cached:37 - cache miss judge-request a1f24f308b93
2026-09-22 06:45:45.506 | INFO     | steering_lite.benchmark.cache:cached:37 - cache miss final-health fe0e3eec2dc6
2026-09-22 06:45:45.510 | INFO     | steering_lite.benchmark.cache:cached:37 - cache miss final-aware 8b8fe41589a5
2026-09-22 06:45:45.514 | INFO     | steering_lite.benchmark.cache:cached:37 - cache miss final-blind 213a05e9939e
2026-09-22 06:45:45.546 | INFO     | steering_lite.data.personas:load_suffixes:47 - Loaded 200 branching suffixes
2026-09-22 06:45:45.552 | INFO     | steering_lite.benchmark.cache:cached:37 - cache miss calibration-candidates 0f97c2e4e687
2026-09-22 06:45:45.579 | INFO     | steering_lite.benchmark.cache:cached:37 - cache miss candidate-judgments cb87cd6800b0
2026-09-22 06:45:45.581 | INFO     | steering_lite.benchmark.cache:cached:37 - cache miss judge-request ee32bedf7fca
2026-09-22 06:45:45.582 | INFO     | steering_lite.benchmark.cache:cached:37 - cache miss judge-request 01a92b49a8be
2026-09-22 06:45:45.582 | INFO     | steering_lite.benchmark.cache:cached:37 - cache miss judge-request 8f10d5e38f03
2026-09-22 06:45:45.582 | INFO     | steering_lite.benchmark.cache:cached:37 - cache miss judge-request 3e8c182792e1
2026-09-22 06:45:45.583 | INFO     | steering_lite.benchmark.cache:cached:37 - cache miss judge-request 070ec5115cf9
2026-09-22 06:45:45.584 | INFO     | steering_lite.benchmark.cache:cached:37 - cache miss judge-request b059fbdf5908
2026-09-22 06:45:45.746 | INFO     | steering_lite.benchmark.cache:cached:37 - cache miss judge-request febc52d35e20
2026-09-22 06:45:45.837 | INFO     | steering_lite.benchmark.cache:cached:37 - cache miss judge-request f030fa84987e
2026-09-22 06:45:45.856 | INFO     | steering_lite.benchmark.cache:cached:37 - cache miss judge-request 72e5d6ce41fe
2026-09-22 06:45:45.894 | INFO     | steering_lite.benchmark.cache:cached:37 - cache miss judge-request 17c2a942d8d8
2026-09-22 06:45:45.895 | INFO     | steering_lite.benchmark.cache:cached:37 - cache miss judge-request 3fb914ee1fec
2026-09-22 06:45:45.906 | INFO     | steering_lite.benchmark.cache:cached:37 - cache miss judge-request 184c78bb6b91
2026-09-22 06:45:46.122 | INFO     | steering_lite.benchmark.cache:cached:37 - cache miss judge-request 0c6fd8b40303
2026-09-22 06:45:46.141 | INFO     | steering_lite.benchmark.cache:cached:37 - cache miss judge-request 294a6640b0d4
2026-09-22 06:45:46.141 | INFO     | steering_lite.benchmark.cache:cached:37 - cache miss judge-request 58b314dd7bd4
2026-09-22 06:45:46.254 | INFO     | steering_lite.benchmark.cache:cached:37 - cache miss judge-request 61315848bde8
2026-09-22 06:45:46.256 | INFO     | steering_lite.benchmark.cache:cached:37 - cache miss judge-request f3d202cf5fe9
2026-09-22 06:45:46.290 | INFO     | steering_lite.benchmark.cache:cached:37 - cache miss judge-request 6f9a0024b5f7
2026-09-22 06:45:46.361 | INFO     | steering_lite.benchmark.cache:cached:37 - cache miss judge-request 57ba77060aa4
2026-09-22 06:45:46.394 | INFO     | steering_lite.benchmark.cache:cached:37 - cache miss judge-request 874f523db0b8
2026-09-22 06:45:46.398 | INFO     | steering_lite.benchmark.cache:cached:37 - cache miss judge-request cb519ad7aa37
2026-09-22 06:45:46.424 | INFO     | steering_lite.benchmark.cache:cached:37 - cache miss judge-request 66adb370205e
2026-09-22 06:45:46.591 | INFO     | steering_lite.benchmark.cache:cached:37 - cache miss judge-request 955af0aa6e5f
2026-09-22 06:45:46.615 | INFO     | steering_lite.benchmark.cache:cached:37 - cache miss judge-request 6e42a7beae6b
2026-09-22 06:45:46.790 | INFO     | steering_lite.benchmark.cache:cached:37 - cache miss judge-request 0eac8d83ec1a
2026-09-22 06:45:46.824 | INFO     | steering_lite.benchmark.cache:cached:37 - cache miss judge-request f0e61f6dc540
2026-09-22 06:45:46.857 | INFO     | steering_lite.benchmark.cache:cached:37 - cache miss judge-request b0bb9c13a917
2026-09-22 06:45:46.981 | INFO     | steering_lite.benchmark.cache:cached:37 - cache miss judge-request aa4e5e4d102f
2026-09-22 06:45:47.034 | INFO     | steering_lite.benchmark.cache:cached:37 - cache miss judge-request f3aaa4d1e969
2026-09-22 06:45:47.095 | INFO     | steering_lite.benchmark.cache:cached:37 - cache miss judge-request 4c9b57108aac
2026-09-22 06:45:47.165 | INFO     | steering_lite.benchmark.cache:cached:37 - cache miss judge-request d082a026d827
2026-09-22 06:45:47.167 | INFO     | steering_lite.benchmark.cache:cached:37 - cache miss judge-request b5985487d81e
2026-09-22 06:45:47.237 | INFO     | steering_lite.benchmark.cache:cached:37 - cache miss judge-request 95f28f7cfe5c
2026-09-22 06:45:47.247 | INFO     | steering_lite.benchmark.cache:cached:37 - cache miss judge-request fb4f0c2b84a3
2026-09-22 06:45:47.295 | INFO     | steering_lite.benchmark.cache:cached:37 - cache miss judge-request ded2cefa09e6
2026-09-22 06:45:47.307 | INFO     | steering_lite.benchmark.cache:cached:37 - cache miss judge-request 69e66d996568
2026-09-22 06:45:47.480 | INFO     | steering_lite.benchmark.cache:cached:37 - cache miss judge-request 201b0023561d
2026-09-22 06:45:47.585 | INFO     | steering_lite.benchmark.cache:cached:37 - cache miss judge-request dac14699d4bf
2026-09-22 06:45:47.625 | INFO     | steering_lite.benchmark.cache:cached:37 - cache miss judge-request dbd5d0cce375
2026-09-22 06:45:47.628 | INFO     | steering_lite.benchmark.cache:cached:37 - cache miss judge-request 334c17ed6fe6
2026-09-22 06:45:47.671 | INFO     | steering_lite.benchmark.cache:cached:37 - cache miss judge-request d5269c12ff9a
2026-09-22 06:45:47.682 | INFO     | steering_lite.benchmark.cache:cached:37 - cache miss judge-request 6880af5227fb
2026-09-22 06:45:47.825 | INFO     | steering_lite.benchmark.cache:cached:37 - cache miss judge-request 66cc96e571c1
2026-09-22 06:45:47.875 | INFO     | steering_lite.benchmark.cache:cached:37 - cache miss judge-request 44849700cb8c
2026-09-22 06:45:47.886 | INFO     | steering_lite.benchmark.cache:cached:37 - cache miss judge-request cf13a7b24930
2026-09-22 06:45:47.949 | INFO     | steering_lite.benchmark.cache:cached:37 - cache miss judge-request ef73a110f538
2026-09-22 06:45:48.062 | INFO     | steering_lite.benchmark.cache:cached:37 - cache miss judge-request cd6c0bffd359
2026-09-22 06:45:48.072 | INFO     | steering_lite.benchmark.cache:cached:37 - cache miss judge-request 21c2aefdc098
2026-09-22 06:45:48.447 | INFO     | steering_lite.benchmark.cache:cached:37 - cache miss candidate-health 10e6ecf7d203
2026-09-22 06:45:48.451 | INFO     | steering_lite.benchmark.cache:cached:37 - cache miss candidate-aware 82a452fb1760
2026-09-22 06:45:48.454 | INFO     | steering_lite.benchmark.cache:cached:37 - cache miss candidate-blind 41c0f1c27218
2026-09-22 06:45:48.458 | INFO     | steering_lite.benchmark.cache:cached:37 - cache miss final-generation be7403a46e61
2026-09-22 06:45:48.490 | INFO     | steering_lite.benchmark.cache:cached:37 - cache miss final-judgments 3a181a1cd3ab
2026-09-22 06:45:48.501 | INFO     | steering_lite.benchmark.cache:cached:37 - cache miss judge-request 9d3b42be16d6
2026-09-22 06:45:48.502 | INFO     | steering_lite.benchmark.cache:cached:37 - cache miss judge-request 8e3adc545278
2026-09-22 06:45:48.502 | INFO     | steering_lite.benchmark.cache:cached:37 - cache miss judge-request 5315ef2abe55
2026-09-22 06:45:48.502 | INFO     | steering_lite.benchmark.cache:cached:37 - cache miss judge-request 9ee1d9d6092d
2026-09-22 06:45:48.503 | INFO     | steering_lite.benchmark.cache:cached:37 - cache miss judge-request 8a946ef88da0
2026-09-22 06:45:48.503 | INFO     | steering_lite.benchmark.cache:cached:37 - cache miss judge-request a200c85122e6
2026-09-22 06:45:48.684 | INFO     | steering_lite.benchmark.cache:cached:37 - cache miss judge-request b7c18e410e3b
2026-09-22 06:45:48.723 | INFO     | steering_lite.benchmark.cache:cached:37 - cache miss judge-request 36a0f5191284
2026-09-22 06:45:48.767 | INFO     | steering_lite.benchmark.cache:cached:37 - cache miss judge-request 9ea493fd4286
2026-09-22 06:45:48.768 | INFO     | steering_lite.benchmark.cache:cached:37 - cache miss judge-request f4fc525c2dec
2026-09-22 06:45:48.786 | INFO     | steering_lite.benchmark.cache:cached:37 - cache miss judge-request c5171545f61e
2026-09-22 06:45:48.818 | INFO     | steering_lite.benchmark.cache:cached:37 - cache miss judge-request 8932ecb018e6
2026-09-22 06:45:49.086 | INFO     | steering_lite.benchmark.cache:cached:37 - cache miss judge-request 5e0539e089ee
2026-09-22 06:45:49.146 | INFO     | steering_lite.benchmark.cache:cached:37 - cache miss judge-request c34e37c3f8cf
2026-09-22 06:45:49.272 | INFO     | steering_lite.benchmark.cache:cached:37 - cache miss judge-request 4ead40702e4a
2026-09-22 06:45:49.476 | INFO     | steering_lite.benchmark.cache:cached:37 - cache miss judge-request 7fb448d5ac6a
2026-09-22 06:45:49.512 | INFO     | steering_lite.benchmark.cache:cached:37 - cache miss judge-request ca4181990bf9
2026-09-22 06:45:49.541 | INFO     | steering_lite.benchmark.cache:cached:37 - cache miss judge-request 9cdf04020bd0
2026-09-22 06:45:49.560 | INFO     | steering_lite.benchmark.cache:cached:37 - cache miss judge-request 1badec33f68d
2026-09-22 06:45:49.586 | INFO     | steering_lite.benchmark.cache:cached:37 - cache miss judge-request 15c638533f8a
2026-09-22 06:45:49.807 | INFO     | steering_lite.benchmark.cache:cached:37 - cache miss judge-request 4a311403fa9e
2026-09-22 06:45:49.866 | INFO     | steering_lite.benchmark.cache:cached:37 - cache miss judge-request 5d3f67da8f18
2026-09-22 06:45:49.885 | INFO     | steering_lite.benchmark.cache:cached:37 - cache miss judge-request 60763d0faee0
2026-09-22 06:45:49.915 | INFO     | steering_lite.benchmark.cache:cached:37 - cache miss judge-request bfd7416c0553
2026-09-22 06:45:50.002 | INFO     | steering_lite.benchmark.cache:cached:37 - cache miss judge-request c82f2c99ca49
2026-09-22 06:45:50.036 | INFO     | steering_lite.benchmark.cache:cached:37 - cache miss judge-request 854c143a1b0f
2026-09-22 06:45:50.143 | INFO     | steering_lite.benchmark.cache:cached:37 - cache miss judge-request 2d479e449b79
2026-09-22 06:45:50.162 | INFO     | steering_lite.benchmark.cache:cached:37 - cache miss judge-request 2e16d611a988
2026-09-22 06:45:50.201 | INFO     | steering_lite.benchmark.cache:cached:37 - cache miss judge-request 8bcfa5d627f4
2026-09-22 06:45:50.260 | INFO     | steering_lite.benchmark.cache:cached:37 - cache miss judge-request 8493927380cb
2026-09-22 06:45:50.266 | INFO     | steering_lite.benchmark.cache:cached:37 - cache miss judge-request 936232a40432
2026-09-22 06:45:50.413 | INFO     | steering_lite.benchmark.cache:cached:37 - cache miss judge-request ba6b0ba3037e
2026-09-22 06:45:50.441 | INFO     | steering_lite.benchmark.cache:cached:37 - cache miss judge-request 38bc9ac81306
2026-09-22 06:45:50.529 | INFO     | steering_lite.benchmark.cache:cached:37 - cache miss judge-request e955a0c8eccc
2026-09-22 06:45:50.541 | INFO     | steering_lite.benchmark.cache:cached:37 - cache miss judge-request 00bd6e47eb1c
2026-09-22 06:45:50.559 | INFO     | steering_lite.benchmark.cache:cached:37 - cache miss judge-request 55815412f4d8
2026-09-22 06:45:50.572 | INFO     | steering_lite.benchmark.cache:cached:37 - cache miss judge-request bd9ddd9b29cc
2026-09-22 06:45:50.762 | INFO     | steering_lite.benchmark.cache:cached:37 - cache miss judge-request 709ae2f49958
2026-09-22 06:45:50.802 | INFO     | steering_lite.benchmark.cache:cached:37 - cache miss judge-request 0b6a2e00a841
2026-09-22 06:45:50.975 | INFO     | steering_lite.benchmark.cache:cached:37 - cache miss judge-request 7fc37d0e8db1
2026-09-22 06:45:51.066 | INFO     | steering_lite.benchmark.cache:cached:37 - cache miss judge-request e14e95070a32
2026-09-22 06:45:51.094 | INFO     | steering_lite.benchmark.cache:cached:37 - cache miss judge-request 1ac998bd3270
2026-09-22 06:45:51.168 | INFO     | steering_lite.benchmark.cache:cached:37 - cache miss judge-request 2db6bfaa2aec
2026-09-22 06:45:51.196 | INFO     | steering_lite.benchmark.cache:cached:37 - cache miss judge-request 7297dc1a1f5a
2026-09-22 06:45:51.308 | INFO     | steering_lite.benchmark.cache:cached:37 - cache miss judge-request 2249043e64cc
2026-09-22 06:45:51.391 | INFO     | steering_lite.benchmark.cache:cached:37 - cache miss judge-request ff86fddaf661
2026-09-22 06:45:51.392 | INFO     | steering_lite.benchmark.cache:cached:37 - cache miss judge-request 280778ed9ca6
2026-09-22 06:45:51.432 | INFO     | steering_lite.benchmark.cache:cached:37 - cache miss judge-request 35ef111d1cca
2026-09-22 06:45:51.463 | INFO     | steering_lite.benchmark.cache:cached:37 - cache miss judge-request 8ae13a179a83
2026-09-22 06:45:51.488 | INFO     | steering_lite.benchmark.cache:cached:37 - cache miss judge-request bdc10e517072
2026-09-22 06:45:51.575 | INFO     | steering_lite.benchmark.cache:cached:37 - cache miss judge-request a844cff5cef5
2026-09-22 06:45:51.726 | INFO     | steering_lite.benchmark.cache:cached:37 - cache miss judge-request 6aefc6d1874b
2026-09-22 06:45:51.757 | INFO     | steering_lite.benchmark.cache:cached:37 - cache miss judge-request 8013ef7b5546
2026-09-22 06:45:51.851 | INFO     | steering_lite.benchmark.cache:cached:37 - cache miss judge-request e2bd272f275e
2026-09-22 06:45:51.898 | INFO     | steering_lite.benchmark.cache:cached:37 - cache miss judge-request add016ca9d4e
2026-09-22 06:45:51.938 | INFO     | steering_lite.benchmark.cache:cached:37 - cache miss judge-request daf85ff16a28
2026-09-22 06:45:52.057 | INFO     | steering_lite.benchmark.cache:cached:37 - cache miss judge-request 24524b9d2878
2026-09-22 06:45:52.111 | INFO     | steering_lite.benchmark.cache:cached:37 - cache miss judge-request c025d257bfa0
2026-09-22 06:45:52.161 | INFO     | steering_lite.benchmark.cache:cached:37 - cache miss judge-request 0c000411e809
2026-09-22 06:45:52.215 | INFO     | steering_lite.benchmark.cache:cached:37 - cache miss judge-request 2830d6c6c8c7
2026-09-22 06:45:52.261 | INFO     | steering_lite.benchmark.cache:cached:37 - cache miss judge-request 60eb9350ab0f
2026-09-22 06:45:52.275 | INFO     | steering_lite.benchmark.cache:cached:37 - cache miss judge-request def94eeb457c
2026-09-22 06:45:52.426 | INFO     | steering_lite.benchmark.cache:cached:37 - cache miss judge-request 01ae8c7d512e
2026-09-22 06:45:52.497 | INFO     | steering_lite.benchmark.cache:cached:37 - cache miss judge-request a5171c9cd743
2026-09-22 06:45:52.582 | INFO     | steering_lite.benchmark.cache:cached:37 - cache miss judge-request f5bc7cffd504
2026-09-22 06:45:52.624 | INFO     | steering_lite.benchmark.cache:cached:37 - cache miss judge-request 3e04961c56fa
2026-09-22 06:45:52.655 | INFO     | steering_lite.benchmark.cache:cached:37 - cache miss judge-request 55b02a34a9f9
2026-09-22 06:45:52.700 | INFO     | steering_lite.benchmark.cache:cached:37 - cache miss judge-request 48a0fa97ea2d
2026-09-22 06:45:52.845 | INFO     | steering_lite.benchmark.cache:cached:37 - cache miss judge-request 461e0c6017fb
2026-09-22 06:45:52.857 | INFO     | steering_lite.benchmark.cache:cached:37 - cache miss judge-request b94e132ebc5d
2026-09-22 06:45:52.874 | INFO     | steering_lite.benchmark.cache:cached:37 - cache miss judge-request 2d1b7f95eef1
2026-09-22 06:45:53.044 | INFO     | steering_lite.benchmark.cache:cached:37 - cache miss judge-request 38d1793d4e1e
2026-09-22 06:45:53.083 | INFO     | steering_lite.benchmark.cache:cached:37 - cache miss judge-request 1b284cb0c52f
2026-09-22 06:45:53.094 | INFO     | steering_lite.benchmark.cache:cached:37 - cache miss judge-request 0e6592b7c8d8
2026-09-22 06:45:53.199 | INFO     | steering_lite.benchmark.cache:cached:37 - cache miss judge-request 275060bd3d39
2026-09-22 06:45:53.221 | INFO     | steering_lite.benchmark.cache:cached:37 - cache miss judge-request 82ec04487798
2026-09-22 06:45:53.232 | INFO     | steering_lite.benchmark.cache:cached:37 - cache miss judge-request ae95e1b19f6f
2026-09-22 06:45:53.381 | INFO     | steering_lite.benchmark.cache:cached:37 - cache miss judge-request c3bee3ccd1a5
2026-09-22 06:45:53.427 | INFO     | steering_lite.benchmark.cache:cached:37 - cache miss judge-request e52d84299de3
2026-09-22 06:45:53.438 | INFO     | steering_lite.benchmark.cache:cached:37 - cache miss judge-request b79e821ec93c
2026-09-22 06:45:53.568 | INFO     | steering_lite.benchmark.cache:cached:37 - cache miss judge-request 68ccd6afa942
2026-09-22 06:45:53.631 | INFO     | steering_lite.benchmark.cache:cached:37 - cache miss judge-request 88fb866188dd
2026-09-22 06:45:53.633 | INFO     | steering_lite.benchmark.cache:cached:37 - cache miss judge-request 1a6db7bad3f2
2026-09-22 06:45:53.803 | INFO     | steering_lite.benchmark.cache:cached:37 - cache miss judge-request af9e527d4640
2026-09-22 06:45:53.832 | INFO     | steering_lite.benchmark.cache:cached:37 - cache miss judge-request ddeed9027b45
2026-09-22 06:45:53.845 | INFO     | steering_lite.benchmark.cache:cached:37 - cache miss judge-request 08b829e3f6ae
2026-09-22 06:45:53.934 | INFO     | steering_lite.benchmark.cache:cached:37 - cache miss judge-request 476eec7491d6
2026-09-22 06:45:53.937 | INFO     | steering_lite.benchmark.cache:cached:37 - cache miss judge-request 585327b9dd74
2026-09-22 06:45:53.965 | INFO     | steering_lite.benchmark.cache:cached:37 - cache miss judge-request 527d805ce996
2026-09-22 06:45:54.071 | INFO     | steering_lite.benchmark.cache:cached:37 - cache miss judge-request 640e0db103e0
2026-09-22 06:45:54.071 | INFO     | steering_lite.benchmark.cache:cached:37 - cache miss judge-request cc8287567747
2026-09-22 06:45:54.099 | INFO     | steering_lite.benchmark.cache:cached:37 - cache miss judge-request 84c70f005320
2026-09-22 06:45:54.157 | INFO     | steering_lite.benchmark.cache:cached:37 - cache miss judge-request f14c1211598c
2026-09-22 06:45:54.159 | INFO     | steering_lite.benchmark.cache:cached:37 - cache miss judge-request 50639d06341c
2026-09-22 06:45:54.195 | INFO     | steering_lite.benchmark.cache:cached:37 - cache miss judge-request 3e109bbb06f7
2026-09-22 06:45:54.361 | INFO     | steering_lite.benchmark.cache:cached:37 - cache miss judge-request 2bea209ae4dd
2026-09-22 06:45:54.407 | INFO     | steering_lite.benchmark.cache:cached:37 - cache miss judge-request 44ef161f6990
2026-09-22 06:45:54.451 | INFO     | steering_lite.benchmark.cache:cached:37 - cache miss judge-request 5bf0f779fcb8
2026-09-22 06:45:54.481 | INFO     | steering_lite.benchmark.cache:cached:37 - cache miss judge-request 31cc7f28d93c
2026-09-22 06:45:54.676 | INFO     | steering_lite.benchmark.cache:cached:37 - cache miss judge-request 403db6cbe85f
2026-09-22 06:45:54.754 | INFO     | steering_lite.benchmark.cache:cached:37 - cache miss judge-request 7e77f59856cc
2026-09-22 06:45:54.886 | INFO     | steering_lite.benchmark.cache:cached:37 - cache miss judge-request ffb8f9c1d73c
2026-09-22 06:45:54.950 | INFO     | steering_lite.benchmark.cache:cached:37 - cache miss judge-request ea958d4e24fd
2026-09-22 06:45:54.983 | INFO     | steering_lite.benchmark.cache:cached:37 - cache miss judge-request 94b397a875f1
2026-09-22 06:45:55.045 | INFO     | steering_lite.benchmark.cache:cached:37 - cache miss judge-request 133e45096c91
2026-09-22 06:45:55.110 | INFO     | steering_lite.benchmark.cache:cached:37 - cache miss judge-request d23d6fb26f11
2026-09-22 06:45:55.177 | INFO     | steering_lite.benchmark.cache:cached:37 - cache miss judge-request b1da51fde6d5
2026-09-22 06:45:55.279 | INFO     | steering_lite.benchmark.cache:cached:37 - cache miss judge-request e5374a31e6b8
2026-09-22 06:45:55.306 | INFO     | steering_lite.benchmark.cache:cached:37 - cache miss judge-request 5bbc728af192
2026-09-22 06:45:55.368 | INFO     | steering_lite.benchmark.cache:cached:37 - cache miss judge-request dfa473d65074
2026-09-22 06:45:55.369 | INFO     | steering_lite.benchmark.cache:cached:37 - cache miss judge-request 288bc5f72c0a
2026-09-22 06:45:55.492 | INFO     | steering_lite.benchmark.cache:cached:37 - cache miss judge-request 5cfd5f4247c3
2026-09-22 06:45:55.560 | INFO     | steering_lite.benchmark.cache:cached:37 - cache miss judge-request 7eaff0d49be0
2026-09-22 06:45:55.696 | INFO     | steering_lite.benchmark.cache:cached:37 - cache miss judge-request 4e0b7dfa5534
2026-09-22 06:45:55.696 | INFO     | steering_lite.benchmark.cache:cached:37 - cache miss judge-request 1d308580d6db
2026-09-22 06:45:55.717 | INFO     | steering_lite.benchmark.cache:cached:37 - cache miss judge-request 381d0af66664
2026-09-22 06:45:55.734 | INFO     | steering_lite.benchmark.cache:cached:37 - cache miss judge-request d374f47c7dd4
2026-09-22 06:45:55.914 | INFO     | steering_lite.benchmark.cache:cached:37 - cache miss judge-request ca87a37c8126
2026-09-22 06:45:56.021 | INFO     | steering_lite.benchmark.cache:cached:37 - cache miss judge-request 57230820c247
2026-09-22 06:45:56.063 | INFO     | steering_lite.benchmark.cache:cached:37 - cache miss judge-request 637e0ac2d96a
2026-09-22 06:45:56.161 | INFO     | steering_lite.benchmark.cache:cached:37 - cache miss judge-request 84c51e039847
2026-09-22 06:45:56.335 | INFO     | steering_lite.benchmark.cache:cached:37 - cache miss judge-request f98000947e23
2026-09-22 06:45:56.342 | INFO     | steering_lite.benchmark.cache:cached:37 - cache miss judge-request b17cf5370678
2026-09-22 06:45:56.519 | INFO     | steering_lite.benchmark.cache:cached:37 - cache miss judge-request 6e1509cbed77
2026-09-22 06:45:56.569 | INFO     | steering_lite.benchmark.cache:cached:37 - cache miss judge-request 8e1f0d76cb6b
2026-09-22 06:45:56.605 | INFO     | steering_lite.benchmark.cache:cached:37 - cache miss judge-request de6fa45aa472
2026-09-22 06:45:56.637 | INFO     | steering_lite.benchmark.cache:cached:37 - cache miss judge-request 020dfda33e93
2026-09-22 06:45:56.760 | INFO     | steering_lite.benchmark.cache:cached:37 - cache miss judge-request 4234ee9f9d22
2026-09-22 06:45:56.776 | INFO     | steering_lite.benchmark.cache:cached:37 - cache miss judge-request 1ece24b8c5b8
2026-09-22 06:45:57.029 | INFO     | steering_lite.benchmark.cache:cached:37 - cache miss judge-request 654db786d016
2026-09-22 06:45:57.059 | INFO     | steering_lite.benchmark.cache:cached:37 - cache miss judge-request df11f8cbbe48
2026-09-22 06:45:57.084 | INFO     | steering_lite.benchmark.cache:cached:37 - cache miss judge-request 5d30993e6d37
2026-09-22 06:45:57.099 | INFO     | steering_lite.benchmark.cache:cached:37 - cache miss judge-request 6a65a6c4a1c7
2026-09-22 06:45:57.274 | INFO     | steering_lite.benchmark.cache:cached:37 - cache miss judge-request a4f4f949564c
2026-09-22 06:45:57.331 | INFO     | steering_lite.benchmark.cache:cached:37 - cache miss judge-request 9db2fe1b3abb
2026-09-22 06:45:57.695 | INFO     | steering_lite.benchmark.cache:cached:37 - cache miss judge-request 69bc82809a46
2026-09-22 06:45:57.730 | INFO     | steering_lite.benchmark.cache:cached:37 - cache miss judge-request 71b51d7a32b0
2026-09-22 06:45:57.762 | INFO     | steering_lite.benchmark.cache:cached:37 - cache miss judge-request 2ebfb0f9220c
2026-09-22 06:45:57.809 | INFO     | steering_lite.benchmark.cache:cached:37 - cache miss judge-request 289e7ad34f50
2026-09-22 06:45:57.962 | INFO     | steering_lite.benchmark.cache:cached:37 - cache miss judge-request 7d8a8c7133f0
2026-09-22 06:45:58.041 | INFO     | steering_lite.benchmark.cache:cached:37 - cache miss judge-request 4a38337b15bb
2026-09-22 06:45:58.203 | INFO     | steering_lite.benchmark.cache:cached:37 - cache miss judge-request fbbcf03c7feb
2026-09-22 06:45:58.242 | INFO     | steering_lite.benchmark.cache:cached:37 - cache miss judge-request 6d3b3c511437
2026-09-22 06:45:58.269 | INFO     | steering_lite.benchmark.cache:cached:37 - cache miss judge-request a3bbd1e3a330
2026-09-22 06:45:58.286 | INFO     | steering_lite.benchmark.cache:cached:37 - cache miss judge-request 7bbf415eb1be
2026-09-22 06:45:58.396 | INFO     | steering_lite.benchmark.cache:cached:37 - cache miss judge-request 6207ac87cc0c
2026-09-22 06:45:58.445 | INFO     | steering_lite.benchmark.cache:cached:37 - cache miss judge-request 529324988c3a
2026-09-22 06:45:58.629 | INFO     | steering_lite.benchmark.cache:cached:37 - cache miss judge-request 51b7b7847480
2026-09-22 06:45:58.639 | INFO     | steering_lite.benchmark.cache:cached:37 - cache miss judge-request 4768f7142c52
2026-09-22 06:45:58.664 | INFO     | steering_lite.benchmark.cache:cached:37 - cache miss judge-request 5a888b9ad62b
2026-09-22 06:45:58.695 | INFO     | steering_lite.benchmark.cache:cached:37 - cache miss judge-request 32e5996e0d0d
2026-09-22 06:45:58.850 | INFO     | steering_lite.benchmark.cache:cached:37 - cache miss judge-request ec6fc141a270
2026-09-22 06:45:58.930 | INFO     | steering_lite.benchmark.cache:cached:37 - cache miss judge-request 5d654dfbde98
2026-09-22 06:45:59.529 | INFO     | steering_lite.benchmark.cache:cached:37 - cache miss judge-request 46d79d3dcfdd
2026-09-22 06:45:59.529 | INFO     | steering_lite.benchmark.cache:cached:37 - cache miss judge-request 0b1e9320504c
2026-09-22 06:45:59.538 | INFO     | steering_lite.benchmark.cache:cached:37 - cache miss judge-request 0348e2772524
2026-09-22 06:45:59.575 | INFO     | steering_lite.benchmark.cache:cached:37 - cache miss judge-request 2721d4ef809b
2026-09-22 06:45:59.656 | INFO     | steering_lite.benchmark.cache:cached:37 - cache miss judge-request f574a72867b6
2026-09-22 06:45:59.745 | INFO     | steering_lite.benchmark.cache:cached:37 - cache miss judge-request b62fd476ddd3
2026-09-22 06:45:59.920 | INFO     | steering_lite.benchmark.cache:cached:37 - cache miss judge-request 7b327a96cec3
2026-09-22 06:45:59.927 | INFO     | steering_lite.benchmark.cache:cached:37 - cache miss judge-request 95b7fd2ea568
2026-09-22 06:45:59.946 | INFO     | steering_lite.benchmark.cache:cached:37 - cache miss judge-request ffe2c22702fc
2026-09-22 06:45:59.996 | INFO     | steering_lite.benchmark.cache:cached:37 - cache miss judge-request 9e154bc6681d
2026-09-22 06:46:00.074 | INFO     | steering_lite.benchmark.cache:cached:37 - cache miss judge-request f567ccb527c0
2026-09-22 06:46:00.075 | INFO     | steering_lite.benchmark.cache:cached:37 - cache miss judge-request 0ad200139296
2026-09-22 06:46:00.419 | INFO     | steering_lite.benchmark.cache:cached:37 - cache miss judge-request e75ce804cd3d
2026-09-22 06:46:00.455 | INFO     | steering_lite.benchmark.cache:cached:37 - cache miss judge-request 7390de87e7ae
2026-09-22 06:46:00.491 | INFO     | steering_lite.benchmark.cache:cached:37 - cache miss judge-request e01738a89aaf
2026-09-22 06:46:00.492 | INFO     | steering_lite.benchmark.cache:cached:37 - cache miss judge-request 5b61e14e51c3
2026-09-22 06:46:00.531 | INFO     | steering_lite.benchmark.cache:cached:37 - cache miss judge-request 7ed2fc101f3c
2026-09-22 06:46:00.588 | INFO     | steering_lite.benchmark.cache:cached:37 - cache miss judge-request 7680604dde0a
2026-09-22 06:46:00.664 | INFO     | steering_lite.benchmark.cache:cached:37 - cache miss judge-request 192626ce16ea
2026-09-22 06:46:00.911 | INFO     | steering_lite.benchmark.cache:cached:37 - cache miss judge-request 545e5169f787
2026-09-22 06:46:00.914 | INFO     | steering_lite.benchmark.cache:cached:37 - cache miss judge-request 598c1511a530
2026-09-22 06:46:00.944 | INFO     | steering_lite.benchmark.cache:cached:37 - cache miss judge-request 84aaf624e472
2026-09-22 06:46:00.946 | INFO     | steering_lite.benchmark.cache:cached:37 - cache miss judge-request 7e0cd0a33c51
2026-09-22 06:46:01.029 | INFO     | steering_lite.benchmark.cache:cached:37 - cache miss judge-request 42fd283b2105
2026-09-22 06:46:01.032 | INFO     | steering_lite.benchmark.cache:cached:37 - cache miss judge-request ec26a994c028
2026-09-22 06:46:01.207 | INFO     | steering_lite.benchmark.cache:cached:37 - cache miss judge-request 5662948462fb
2026-09-22 06:46:01.243 | INFO     | steering_lite.benchmark.cache:cached:37 - cache miss judge-request 09308a8c45a6
2026-09-22 06:46:01.244 | INFO     | steering_lite.benchmark.cache:cached:37 - cache miss judge-request 7308b000933a
2026-09-22 06:46:01.267 | INFO     | steering_lite.benchmark.cache:cached:37 - cache miss judge-request 7cb746c32568
2026-09-22 06:46:01.276 | INFO     | steering_lite.benchmark.cache:cached:37 - cache miss judge-request 8cf33c04ac95
2026-09-22 06:46:01.291 | INFO     | steering_lite.benchmark.cache:cached:37 - cache miss judge-request cc7a44e10ecc
2026-09-22 06:46:01.547 | INFO     | steering_lite.benchmark.cache:cached:37 - cache miss judge-request d7e224ac6803
2026-09-22 06:46:01.551 | INFO     | steering_lite.benchmark.cache:cached:37 - cache miss judge-request 0b196f188cd4
2026-09-22 06:46:01.572 | INFO     | steering_lite.benchmark.cache:cached:37 - cache miss judge-request c81142b0bf6b
2026-09-22 06:46:01.621 | INFO     | steering_lite.benchmark.cache:cached:37 - cache miss judge-request 30a8f3d822a1
2026-09-22 06:46:01.625 | INFO     | steering_lite.benchmark.cache:cached:37 - cache miss judge-request 4b8f39bdb0ae
2026-09-22 06:46:01.635 | INFO     | steering_lite.benchmark.cache:cached:37 - cache miss judge-request f5ac377dc875
2026-09-22 06:46:01.926 | INFO     | steering_lite.benchmark.cache:cached:37 - cache miss judge-request 9c53eb64ee50
2026-09-22 06:46:01.961 | INFO     | steering_lite.benchmark.cache:cached:37 - cache miss judge-request 06840058202c
2026-09-22 06:46:01.964 | INFO     | steering_lite.benchmark.cache:cached:37 - cache miss judge-request e8950de694ab
2026-09-22 06:46:01.977 | INFO     | steering_lite.benchmark.cache:cached:37 - cache miss judge-request 73b9197e4c6b
2026-09-22 06:46:01.981 | INFO     | steering_lite.benchmark.cache:cached:37 - cache miss judge-request add65246696d
2026-09-22 06:46:02.007 | INFO     | steering_lite.benchmark.cache:cached:37 - cache miss judge-request 503b75c56adf
2026-09-22 06:46:02.203 | INFO     | steering_lite.benchmark.cache:cached:37 - cache miss judge-request 582ca23d5d64
2026-09-22 06:46:02.206 | INFO     | steering_lite.benchmark.cache:cached:37 - cache miss judge-request d2550f92c0b9
2026-09-22 06:46:02.230 | INFO     | steering_lite.benchmark.cache:cached:37 - cache miss judge-request 7fde63e9f419
2026-09-22 06:46:02.247 | INFO     | steering_lite.benchmark.cache:cached:37 - cache miss judge-request d36ccb2edb0a
2026-09-22 06:46:02.254 | INFO     | steering_lite.benchmark.cache:cached:37 - cache miss judge-request 857bb4f5acb2
2026-09-22 06:46:02.399 | INFO     | steering_lite.benchmark.cache:cached:37 - cache miss judge-request b3cf5748df71
2026-09-22 06:46:02.656 | INFO     | steering_lite.benchmark.cache:cached:37 - cache miss judge-request 00e6a110327a
2026-09-22 06:46:02.678 | INFO     | steering_lite.benchmark.cache:cached:37 - cache miss judge-request 12c00bdca372
2026-09-22 06:46:02.723 | INFO     | steering_lite.benchmark.cache:cached:37 - cache miss judge-request 73140683924b
2026-09-22 06:46:02.776 | INFO     | steering_lite.benchmark.cache:cached:37 - cache miss judge-request 129d9c58b289
2026-09-22 06:46:02.781 | INFO     | steering_lite.benchmark.cache:cached:37 - cache miss judge-request 28425417ad24
2026-09-22 06:46:02.834 | INFO     | steering_lite.benchmark.cache:cached:37 - cache miss judge-request 762104fa28c5
2026-09-22 06:46:03.468 | INFO     | steering_lite.benchmark.cache:cached:37 - cache miss judge-request d1fe7cd4b6fa
2026-09-22 06:46:03.548 | INFO     | steering_lite.benchmark.cache:cached:37 - cache miss judge-request ba0437368062
2026-09-22 06:46:03.601 | INFO     | steering_lite.benchmark.cache:cached:37 - cache miss judge-request 17e796f6dcba
2026-09-22 06:46:03.652 | INFO     | steering_lite.benchmark.cache:cached:37 - cache miss judge-request be99b258608e
2026-09-22 06:46:03.710 | INFO     | steering_lite.benchmark.cache:cached:37 - cache miss judge-request a517194cf663
2026-09-22 06:46:03.734 | INFO     | steering_lite.benchmark.cache:cached:37 - cache miss judge-request 85e9433d207d
2026-09-22 06:46:04.115 | INFO     | steering_lite.benchmark.cache:cached:37 - cache miss judge-request 68491516ce43
2026-09-22 06:46:04.158 | INFO     | steering_lite.benchmark.cache:cached:37 - cache miss judge-request f02b66eb096c
2026-09-22 06:46:04.314 | INFO     | steering_lite.benchmark.cache:cached:37 - cache miss judge-request aa49c13439c9
2026-09-22 06:46:04.332 | INFO     | steering_lite.benchmark.cache:cached:37 - cache miss judge-request 8a20ed59a080
2026-09-22 06:46:04.381 | INFO     | steering_lite.benchmark.cache:cached:37 - cache miss judge-request f438ac9d8fbc
2026-09-22 06:46:04.447 | INFO     | steering_lite.benchmark.cache:cached:37 - cache miss judge-request a79b8f9df0db
2026-09-22 06:46:04.589 | INFO     | steering_lite.benchmark.cache:cached:37 - cache miss judge-request bc76b707e14e
2026-09-22 06:46:04.624 | INFO     | steering_lite.benchmark.cache:cached:37 - cache miss judge-request 5e2001ae7ffd
2026-09-22 06:46:04.659 | INFO     | steering_lite.benchmark.cache:cached:37 - cache miss judge-request a84d26d04a85
2026-09-22 06:46:04.681 | INFO     | steering_lite.benchmark.cache:cached:37 - cache miss judge-request 73565b13ab75
2026-09-22 06:46:04.738 | INFO     | steering_lite.benchmark.cache:cached:37 - cache miss judge-request e62d0a8748dc
2026-09-22 06:46:04.874 | INFO     | steering_lite.benchmark.cache:cached:37 - cache miss judge-request 5e9c205958ad
2026-09-22 06:46:04.926 | INFO     | steering_lite.benchmark.cache:cached:37 - cache miss judge-request 4ca0dd1c8983
2026-09-22 06:46:05.070 | INFO     | steering_lite.benchmark.cache:cached:37 - cache miss judge-request 39d9e9a89ef7
2026-09-22 06:46:05.105 | INFO     | steering_lite.benchmark.cache:cached:37 - cache miss judge-request 217bf18d2b99
2026-09-22 06:46:05.151 | INFO     | steering_lite.benchmark.cache:cached:37 - cache miss judge-request 9ace188a1608
2026-09-22 06:46:05.222 | INFO     | steering_lite.benchmark.cache:cached:37 - cache miss judge-request b424b0f72848
2026-09-22 06:46:05.265 | INFO     | steering_lite.benchmark.cache:cached:37 - cache miss judge-request 1d9f9689c446
2026-09-22 06:46:05.317 | INFO     | steering_lite.benchmark.cache:cached:37 - cache miss judge-request afdbc61d6262
2026-09-22 06:46:05.419 | INFO     | steering_lite.benchmark.cache:cached:37 - cache miss judge-request 02fca596b200
2026-09-22 06:46:05.508 | INFO     | steering_lite.benchmark.cache:cached:37 - cache miss judge-request 8d0f244cd600
2026-09-22 06:46:05.545 | INFO     | steering_lite.benchmark.cache:cached:37 - cache miss judge-request e26d7fd9b05a
2026-09-22 06:46:05.660 | INFO     | steering_lite.benchmark.cache:cached:37 - cache miss judge-request 44534708372f
2026-09-22 06:46:05.742 | INFO     | steering_lite.benchmark.cache:cached:37 - cache miss judge-request 1fc3205a50b5
2026-09-22 06:46:05.822 | INFO     | steering_lite.benchmark.cache:cached:37 - cache miss judge-request 5b9ccefd66bb
2026-09-22 06:46:05.878 | INFO     | steering_lite.benchmark.cache:cached:37 - cache miss judge-request c7ad269ff9e8
2026-09-22 06:46:05.909 | INFO     | steering_lite.benchmark.cache:cached:37 - cache miss judge-request 16ad227d5b24
2026-09-22 06:46:05.949 | INFO     | steering_lite.benchmark.cache:cached:37 - cache miss judge-request d3d58a8839b6
2026-09-22 06:46:06.131 | INFO     | steering_lite.benchmark.cache:cached:37 - cache miss judge-request b893760fad5c
2026-09-22 06:46:06.232 | INFO     | steering_lite.benchmark.cache:cached:37 - cache miss judge-request 1141b5cddaf6
2026-09-22 06:46:06.267 | INFO     | steering_lite.benchmark.cache:cached:37 - cache miss judge-request 225e8dcf68f5
2026-09-22 06:46:06.336 | INFO     | steering_lite.benchmark.cache:cached:37 - cache miss judge-request d31b2003d07d
2026-09-22 06:46:06.347 | INFO     | steering_lite.benchmark.cache:cached:37 - cache miss judge-request aed5cfc44287
2026-09-22 06:46:06.494 | INFO     | steering_lite.benchmark.cache:cached:37 - cache miss judge-request 753a1832ca66
2026-09-22 06:46:06.569 | INFO     | steering_lite.benchmark.cache:cached:37 - cache miss judge-request 1ac053347e22
2026-09-22 06:46:06.570 | INFO     | steering_lite.benchmark.cache:cached:37 - cache miss judge-request ff16d4896ecb
2026-09-22 06:46:06.600 | INFO     | steering_lite.benchmark.cache:cached:37 - cache miss judge-request 268dc184a507
2026-09-22 06:46:06.600 | INFO     | steering_lite.benchmark.cache:cached:37 - cache miss judge-request de5d87e3f6e2
2026-09-22 06:46:06.683 | INFO     | steering_lite.benchmark.cache:cached:37 - cache miss judge-request 44dacca8408b
2026-09-22 06:46:06.772 | INFO     | steering_lite.benchmark.cache:cached:37 - cache miss judge-request 20a2aa8850e2
2026-09-22 06:46:07.044 | INFO     | steering_lite.benchmark.cache:cached:37 - cache miss judge-request 38eb0e58088c
2026-09-22 06:46:07.081 | INFO     | steering_lite.benchmark.cache:cached:37 - cache miss judge-request e3759f0a6c1b
2026-09-22 06:46:07.121 | INFO     | steering_lite.benchmark.cache:cached:37 - cache miss judge-request 7987149af353
2026-09-22 06:46:07.149 | INFO     | steering_lite.benchmark.cache:cached:37 - cache miss judge-request 3fb253189055
2026-09-22 06:46:07.169 | INFO     | steering_lite.benchmark.cache:cached:37 - cache miss judge-request d2c98027051a
2026-09-22 06:46:07.231 | INFO     | steering_lite.benchmark.cache:cached:37 - cache miss judge-request 149bd7b22d39
2026-09-22 06:46:07.427 | INFO     | steering_lite.benchmark.cache:cached:37 - cache miss judge-request 93d6876b2409
2026-09-22 06:46:07.818 | INFO     | steering_lite.benchmark.cache:cached:37 - cache miss judge-request 34d1e9c17f14
2026-09-22 06:46:07.842 | INFO     | steering_lite.benchmark.cache:cached:37 - cache miss judge-request ebde9180ad5d
2026-09-22 06:46:07.874 | INFO     | steering_lite.benchmark.cache:cached:37 - cache miss judge-request d412392e1e87
2026-09-22 06:46:07.896 | INFO     | steering_lite.benchmark.cache:cached:37 - cache miss judge-request e4afdacc1b9f
2026-09-22 06:46:08.170 | INFO     | steering_lite.benchmark.cache:cached:37 - cache miss judge-request c86cbbc3410b
2026-09-22 06:46:08.244 | INFO     | steering_lite.benchmark.cache:cached:37 - cache miss judge-request 655deb3d2e9a
2026-09-22 06:46:08.618 | INFO     | steering_lite.benchmark.cache:cached:37 - cache miss judge-request 5cd4fcaac9fd
2026-09-22 06:46:08.637 | INFO     | steering_lite.benchmark.cache:cached:37 - cache miss judge-request 687d4632b626
2026-09-22 06:46:08.654 | INFO     | steering_lite.benchmark.cache:cached:37 - cache miss judge-request 721c2e05b700
2026-09-22 06:46:08.664 | INFO     | steering_lite.benchmark.cache:cached:37 - cache miss judge-request 55b4dbe35f5a
2026-09-22 06:46:08.682 | INFO     | steering_lite.benchmark.cache:cached:37 - cache miss judge-request 61580c22ddb1
2026-09-22 06:46:08.692 | INFO     | steering_lite.benchmark.cache:cached:37 - cache miss judge-request a863a8a97537
2026-09-22 06:46:09.010 | INFO     | steering_lite.benchmark.cache:cached:37 - cache miss judge-request 81cca37c25d2
2026-09-22 06:46:09.015 | INFO     | steering_lite.benchmark.cache:cached:37 - cache miss judge-request 5305f0ffd917
2026-09-22 06:46:09.252 | INFO     | steering_lite.benchmark.cache:cached:37 - cache miss judge-request 4ea8095dcdf6
2026-09-22 06:46:09.264 | INFO     | steering_lite.benchmark.cache:cached:37 - cache miss judge-request 7c9fd300c1a0
2026-09-22 06:46:09.303 | INFO     | steering_lite.benchmark.cache:cached:37 - cache miss judge-request 0a05230b55ce
2026-09-22 06:46:09.315 | INFO     | steering_lite.benchmark.cache:cached:37 - cache miss judge-request 5b271dcb5520
2026-09-22 06:46:09.662 | INFO     | steering_lite.benchmark.cache:cached:37 - cache miss judge-request 8da521cbbeb2
2026-09-22 06:46:09.687 | INFO     | steering_lite.benchmark.cache:cached:37 - cache miss judge-request 0f7a32db996f
2026-09-22 06:46:09.809 | INFO     | steering_lite.benchmark.cache:cached:37 - cache miss judge-request 6be1cd5003c7
2026-09-22 06:46:09.834 | INFO     | steering_lite.benchmark.cache:cached:37 - cache miss judge-request b98e3ea59596
2026-09-22 06:46:09.843 | INFO     | steering_lite.benchmark.cache:cached:37 - cache miss judge-request c48f62400384
2026-09-22 06:46:09.859 | INFO     | steering_lite.benchmark.cache:cached:37 - cache miss judge-request cb9632d27ef0
2026-09-22 06:46:10.125 | INFO     | steering_lite.benchmark.cache:cached:37 - cache miss judge-request a360d2dfc472
2026-09-22 06:46:10.179 | INFO     | steering_lite.benchmark.cache:cached:37 - cache miss judge-request b8256edf0b6c
2026-09-22 06:46:10.224 | INFO     | steering_lite.benchmark.cache:cached:37 - cache miss judge-request 272bf55980a0
2026-09-22 06:46:10.245 | INFO     | steering_lite.benchmark.cache:cached:37 - cache miss judge-request 02083eeb2c02
2026-09-22 06:46:10.246 | INFO     | steering_lite.benchmark.cache:cached:37 - cache miss judge-request db71ad0866ae
2026-09-22 06:46:10.286 | INFO     | steering_lite.benchmark.cache:cached:37 - cache miss judge-request 61a69097f000
2026-09-22 06:46:10.504 | INFO     | steering_lite.benchmark.cache:cached:37 - cache miss judge-request 6eee0f031944
2026-09-22 06:46:10.537 | INFO     | steering_lite.benchmark.cache:cached:37 - cache miss judge-request 8ba239476e85
2026-09-22 06:46:10.576 | INFO     | steering_lite.benchmark.cache:cached:37 - cache miss judge-request 79ac2ca0ee34
2026-09-22 06:46:10.578 | INFO     | steering_lite.benchmark.cache:cached:37 - cache miss judge-request ff2f16d64936
2026-09-22 06:46:10.614 | INFO     | steering_lite.benchmark.cache:cached:37 - cache miss judge-request 6a1d2783f2af
2026-09-22 06:46:10.646 | INFO     | steering_lite.benchmark.cache:cached:37 - cache miss judge-request a859736256b4
2026-09-22 06:46:10.912 | INFO     | steering_lite.benchmark.cache:cached:37 - cache miss judge-request dfa9eba08364
2026-09-22 06:46:10.932 | INFO     | steering_lite.benchmark.cache:cached:37 - cache miss judge-request c49c205fa737
2026-09-22 06:46:10.998 | INFO     | steering_lite.benchmark.cache:cached:37 - cache miss judge-request 35b0fb6dd11f
2026-09-22 06:46:11.012 | INFO     | steering_lite.benchmark.cache:cached:37 - cache miss judge-request 1461bb054340
2026-09-22 06:46:11.014 | INFO     | steering_lite.benchmark.cache:cached:37 - cache miss judge-request 0044f38542b4
2026-09-22 06:46:11.075 | INFO     | steering_lite.benchmark.cache:cached:37 - cache miss judge-request a046f8dfa582
2026-09-22 06:46:11.649 | INFO     | steering_lite.benchmark.cache:cached:37 - cache miss judge-request 8361d1c8093c
2026-09-22 06:46:11.668 | INFO     | steering_lite.benchmark.cache:cached:37 - cache miss judge-request 11ddc22b66a8
2026-09-22 06:46:11.733 | INFO     | steering_lite.benchmark.cache:cached:37 - cache miss judge-request 2b3ba975ae9e
2026-09-22 06:46:11.752 | INFO     | steering_lite.benchmark.cache:cached:37 - cache miss judge-request 97774f02c03d
2026-09-22 06:46:11.774 | INFO     | steering_lite.benchmark.cache:cached:37 - cache miss judge-request e25fabda40f0
2026-09-22 06:46:11.824 | INFO     | steering_lite.benchmark.cache:cached:37 - cache miss judge-request 75929033f1c9
2026-09-22 06:46:12.142 | INFO     | steering_lite.benchmark.cache:cached:37 - cache miss judge-request abf6f77f00eb
2026-09-22 06:46:12.142 | INFO     | steering_lite.benchmark.cache:cached:37 - cache miss judge-request 2f422eef3ee3
2026-09-22 06:46:12.164 | INFO     | steering_lite.benchmark.cache:cached:37 - cache miss judge-request 53203f9521ab
2026-09-22 06:46:12.183 | INFO     | steering_lite.benchmark.cache:cached:37 - cache miss judge-request b414c0041df3
2026-09-22 06:46:12.206 | INFO     | steering_lite.benchmark.cache:cached:37 - cache miss judge-request a4617e9caf59
2026-09-22 06:46:12.296 | INFO     | steering_lite.benchmark.cache:cached:37 - cache miss judge-request 6aef97786b5b
2026-09-22 06:46:12.682 | INFO     | steering_lite.benchmark.cache:cached:37 - cache miss judge-request ea25dbb52dbe
2026-09-22 06:46:12.691 | INFO     | steering_lite.benchmark.cache:cached:37 - cache miss judge-request a20ef25ffd4f
2026-09-22 06:46:12.744 | INFO     | steering_lite.benchmark.cache:cached:37 - cache miss judge-request eb76217ba642
2026-09-22 06:46:12.745 | INFO     | steering_lite.benchmark.cache:cached:37 - cache miss judge-request 64227ae29345
2026-09-22 06:46:12.797 | INFO     | steering_lite.benchmark.cache:cached:37 - cache miss judge-request 1f19a3bd9c19
2026-09-22 06:46:12.920 | INFO     | steering_lite.benchmark.cache:cached:37 - cache miss judge-request ad4fb5b4b333
2026-09-22 06:46:13.038 | INFO     | steering_lite.benchmark.cache:cached:37 - cache miss judge-request 19fbb993bd94
2026-09-22 06:46:13.103 | INFO     | steering_lite.benchmark.cache:cached:37 - cache miss judge-request 9c78d8d8cf75
2026-09-22 06:46:13.216 | INFO     | steering_lite.benchmark.cache:cached:37 - cache miss judge-request bb2e5d06733c
2026-09-22 06:46:13.217 | INFO     | steering_lite.benchmark.cache:cached:37 - cache miss judge-request 44c655452131
2026-09-22 06:46:13.265 | INFO     | steering_lite.benchmark.cache:cached:37 - cache miss judge-request 4660a352a21c
2026-09-22 06:46:13.371 | INFO     | steering_lite.benchmark.cache:cached:37 - cache miss judge-request 7fd18bae05d3
2026-09-22 06:46:13.457 | INFO     | steering_lite.benchmark.cache:cached:37 - cache miss judge-request 92299c1aaad1
2026-09-22 06:46:13.522 | INFO     | steering_lite.benchmark.cache:cached:37 - cache miss judge-request 6c05e345df44
2026-09-22 06:46:13.657 | INFO     | steering_lite.benchmark.cache:cached:37 - cache miss judge-request 63f068469a60
2026-09-22 06:46:13.675 | INFO     | steering_lite.benchmark.cache:cached:37 - cache miss judge-request b05e36b3a517
2026-09-22 06:46:13.705 | INFO     | steering_lite.benchmark.cache:cached:37 - cache miss judge-request fbe68575ae29
2026-09-22 06:46:13.741 | INFO     | steering_lite.benchmark.cache:cached:37 - cache miss judge-request a0635ef159dd
2026-09-22 06:46:13.925 | INFO     | steering_lite.benchmark.cache:cached:37 - cache miss judge-request fff2cb650004
2026-09-22 06:46:13.973 | INFO     | steering_lite.benchmark.cache:cached:37 - cache miss judge-request cb53742b2a64
2026-09-22 06:46:14.271 | INFO     | steering_lite.benchmark.cache:cached:37 - cache miss judge-request 7ead241a20f7
2026-09-22 06:46:14.289 | INFO     | steering_lite.benchmark.cache:cached:37 - cache miss judge-request 4651ced8aa75
2026-09-22 06:46:14.368 | INFO     | steering_lite.benchmark.cache:cached:37 - cache miss judge-request 25bb6331a81b
2026-09-22 06:46:14.387 | INFO     | steering_lite.benchmark.cache:cached:37 - cache miss judge-request 54f6107a1853
2026-09-22 06:46:14.489 | INFO     | steering_lite.benchmark.cache:cached:37 - cache miss judge-request a41958fee8d7
2026-09-22 06:46:14.677 | INFO     | steering_lite.benchmark.cache:cached:37 - cache miss judge-request c9b9ac8fee87
2026-09-22 06:46:14.862 | INFO     | steering_lite.benchmark.cache:cached:37 - cache miss judge-request 2f850daea9a9
2026-09-22 06:46:14.879 | INFO     | steering_lite.benchmark.cache:cached:37 - cache miss judge-request 059fc811e68b
2026-09-22 06:46:14.918 | INFO     | steering_lite.benchmark.cache:cached:37 - cache miss judge-request 62a6a3b84f56
2026-09-22 06:46:14.939 | INFO     | steering_lite.benchmark.cache:cached:37 - cache miss judge-request e3da89d2ad04
2026-09-22 06:46:15.031 | INFO     | steering_lite.benchmark.cache:cached:37 - cache miss judge-request 76cbab2103a6
2026-09-22 06:46:15.239 | INFO     | steering_lite.benchmark.cache:cached:37 - cache miss judge-request 36f0218e7297
2026-09-22 06:46:15.258 | INFO     | steering_lite.benchmark.cache:cached:37 - cache miss judge-request 83545f848f61
2026-09-22 06:46:15.325 | INFO     | steering_lite.benchmark.cache:cached:37 - cache miss judge-request 29c9d3a49ffd
2026-09-22 06:46:15.409 | INFO     | steering_lite.benchmark.cache:cached:37 - cache miss judge-request 9d03cebcd150
2026-09-22 06:46:15.435 | INFO     | steering_lite.benchmark.cache:cached:37 - cache miss judge-request 67684c7ac988
2026-09-22 06:46:15.496 | INFO     | steering_lite.benchmark.cache:cached:37 - cache miss judge-request 1effc1cdaa61
2026-09-22 06:46:15.669 | INFO     | steering_lite.benchmark.cache:cached:37 - cache miss judge-request 3d23ac11e96e
2026-09-22 06:46:15.675 | INFO     | steering_lite.benchmark.cache:cached:37 - cache miss judge-request 12421df0318c
2026-09-22 06:46:15.749 | INFO     | steering_lite.benchmark.cache:cached:37 - cache miss judge-request 77092339de68
2026-09-22 06:46:15.808 | INFO     | steering_lite.benchmark.cache:cached:37 - cache miss judge-request 367745eaa192
2026-09-22 06:46:15.823 | INFO     | steering_lite.benchmark.cache:cached:37 - cache miss judge-request 56eb93af4e9e
2026-09-22 06:46:15.890 | INFO     | steering_lite.benchmark.cache:cached:37 - cache miss judge-request c31a3008de06
2026-09-22 06:46:16.014 | INFO     | steering_lite.benchmark.cache:cached:37 - cache miss judge-request b42a893d0d51
2026-09-22 06:46:16.100 | INFO     | steering_lite.benchmark.cache:cached:37 - cache miss judge-request b036dd2ec904
2026-09-22 06:46:16.180 | INFO     | steering_lite.benchmark.cache:cached:37 - cache miss judge-request 49bd25db53ac
2026-09-22 06:46:16.212 | INFO     | steering_lite.benchmark.cache:cached:37 - cache miss judge-request c2a4c6d9fcc2
2026-09-22 06:46:16.289 | INFO     | steering_lite.benchmark.cache:cached:37 - cache miss judge-request d3616d3ab847
2026-09-22 06:46:16.369 | INFO     | steering_lite.benchmark.cache:cached:37 - cache miss judge-request 27765a3600b7
2026-09-22 06:46:16.524 | INFO     | steering_lite.benchmark.cache:cached:37 - cache miss judge-request 886c34840d69
2026-09-22 06:46:16.570 | INFO     | steering_lite.benchmark.cache:cached:37 - cache miss judge-request 325f20a2a1de
2026-09-22 06:46:16.678 | INFO     | steering_lite.benchmark.cache:cached:37 - cache miss judge-request 8d27a35f69a0
2026-09-22 06:46:16.702 | INFO     | steering_lite.benchmark.cache:cached:37 - cache miss judge-request 2caba7265433
2026-09-22 06:46:16.857 | INFO     | steering_lite.benchmark.cache:cached:37 - cache miss judge-request dd5fa9533d9e
2026-09-22 06:46:16.995 | INFO     | steering_lite.benchmark.cache:cached:37 - cache miss judge-request 6115316aca50
2026-09-22 06:46:17.184 | INFO     | steering_lite.benchmark.cache:cached:37 - cache miss judge-request 9d930c26e71e
2026-09-22 06:46:17.208 | INFO     | steering_lite.benchmark.cache:cached:37 - cache miss judge-request ec31664ac693
2026-09-22 06:46:17.212 | INFO     | steering_lite.benchmark.cache:cached:37 - cache miss judge-request d3509050e0c3
2026-09-22 06:46:17.285 | INFO     | steering_lite.benchmark.cache:cached:37 - cache miss judge-request 4877dc17ce5a
2026-09-22 06:46:17.337 | INFO     | steering_lite.benchmark.cache:cached:37 - cache miss judge-request e889946057f8
2026-09-22 06:46:17.340 | INFO     | steering_lite.benchmark.cache:cached:37 - cache miss judge-request e36fbe0c4c4d
2026-09-22 06:46:17.637 | INFO     | steering_lite.benchmark.cache:cached:37 - cache miss judge-request b191f2aabf44
2026-09-22 06:46:17.685 | INFO     | steering_lite.benchmark.cache:cached:37 - cache miss judge-request 7d8ef0c1dc76
2026-09-22 06:46:17.797 | INFO     | steering_lite.benchmark.cache:cached:37 - cache miss judge-request a61fe98828c8
2026-09-22 06:46:17.805 | INFO     | steering_lite.benchmark.cache:cached:37 - cache miss judge-request 3829fb5313ee
2026-09-22 06:46:17.935 | INFO     | steering_lite.benchmark.cache:cached:37 - cache miss judge-request 5cf1bbe089d5
2026-09-22 06:46:18.010 | INFO     | steering_lite.benchmark.cache:cached:37 - cache miss judge-request 4d1c830f7608
2026-09-22 06:46:18.161 | INFO     | steering_lite.benchmark.cache:cached:37 - cache miss judge-request 652d1c0da247
2026-09-22 06:46:18.347 | INFO     | steering_lite.benchmark.cache:cached:37 - cache miss judge-request bc7f12891c69
2026-09-22 06:46:18.347 | INFO     | steering_lite.benchmark.cache:cached:37 - cache miss judge-request 46952e3e97c0
2026-09-22 06:46:18.404 | INFO     | steering_lite.benchmark.cache:cached:37 - cache miss judge-request ff9b9d05c59a
2026-09-22 06:46:18.543 | INFO     | steering_lite.benchmark.cache:cached:37 - cache miss judge-request 8a65f830464a
2026-09-22 06:46:18.545 | INFO     | steering_lite.benchmark.cache:cached:37 - cache miss judge-request a4391032705f
2026-09-22 06:46:18.711 | INFO     | steering_lite.benchmark.cache:cached:37 - cache miss judge-request bc808f41042a
2026-09-22 06:46:18.754 | INFO     | steering_lite.benchmark.cache:cached:37 - cache miss judge-request 56d0f7b37733
2026-09-22 06:46:18.908 | INFO     | steering_lite.benchmark.cache:cached:37 - cache miss judge-request 7195ec921803
2026-09-22 06:46:18.964 | INFO     | steering_lite.benchmark.cache:cached:37 - cache miss judge-request 81e5bec76279
2026-09-22 06:46:19.040 | INFO     | steering_lite.benchmark.cache:cached:37 - cache miss judge-request 2c108de00979
2026-09-22 06:46:19.115 | INFO     | steering_lite.benchmark.cache:cached:37 - cache miss judge-request c834bf3bc1d3
2026-09-22 06:46:19.314 | INFO     | steering_lite.benchmark.cache:cached:37 - cache miss judge-request 1d45e235c705
2026-09-22 06:46:19.336 | INFO     | steering_lite.benchmark.cache:cached:37 - cache miss judge-request 3b7dfbdff6a2
2026-09-22 06:46:19.563 | INFO     | steering_lite.benchmark.cache:cached:37 - cache miss judge-request 21f36d389eba
2026-09-22 06:46:19.611 | INFO     | steering_lite.benchmark.cache:cached:37 - cache miss judge-request 08e92bb87fe3
2026-09-22 06:46:19.717 | INFO     | steering_lite.benchmark.cache:cached:37 - cache miss judge-request 9af73daa8fb9
2026-09-22 06:46:19.764 | INFO     | steering_lite.benchmark.cache:cached:37 - cache miss judge-request afd7a7d6dc57
2026-09-22 06:46:19.854 | INFO     | steering_lite.benchmark.cache:cached:37 - cache miss judge-request cb4d10e8fa0d
2026-09-22 06:46:20.015 | INFO     | steering_lite.benchmark.cache:cached:37 - cache miss judge-request 9dad6ce1f345
2026-09-22 06:46:20.208 | INFO     | steering_lite.benchmark.cache:cached:37 - cache miss judge-request f204ae942032
2026-09-22 06:46:20.240 | INFO     | steering_lite.benchmark.cache:cached:37 - cache miss judge-request 61d9dab19b80
2026-09-22 06:46:20.300 | INFO     | steering_lite.benchmark.cache:cached:37 - cache miss judge-request d30bcbbbd513
2026-09-22 06:46:20.340 | INFO     | steering_lite.benchmark.cache:cached:37 - cache miss judge-request aba9343a6b1c
2026-09-22 06:46:20.406 | INFO     | steering_lite.benchmark.cache:cached:37 - cache miss judge-request fdd232019687
2026-09-22 06:46:20.501 | INFO     | steering_lite.benchmark.cache:cached:37 - cache miss judge-request 904466b345b7
2026-09-22 06:46:20.684 | INFO     | steering_lite.benchmark.cache:cached:37 - cache miss judge-request 8c82bb856730
2026-09-22 06:46:20.723 | INFO     | steering_lite.benchmark.cache:cached:37 - cache miss judge-request bb779d922caf
2026-09-22 06:46:20.760 | INFO     | steering_lite.benchmark.cache:cached:37 - cache miss judge-request 752d305d94f6
2026-09-22 06:46:20.844 | INFO     | steering_lite.benchmark.cache:cached:37 - cache miss judge-request 8ee0eb7a5575
2026-09-22 06:46:20.954 | INFO     | steering_lite.benchmark.cache:cached:37 - cache miss judge-request c3ad6320cf25
2026-09-22 06:46:20.984 | INFO     | steering_lite.benchmark.cache:cached:37 - cache miss judge-request fa20c654327d
2026-09-22 06:46:21.038 | INFO     | steering_lite.benchmark.cache:cached:37 - cache miss judge-request 42cc756a46f9
2026-09-22 06:46:21.144 | INFO     | steering_lite.benchmark.cache:cached:37 - cache miss judge-request ea51e35519c3
2026-09-22 06:46:21.228 | INFO     | steering_lite.benchmark.cache:cached:37 - cache miss judge-request 482e12d67cf8
2026-09-22 06:46:21.324 | INFO     | steering_lite.benchmark.cache:cached:37 - cache miss judge-request 8264a5c7cfbc
2026-09-22 06:46:21.419 | INFO     | steering_lite.benchmark.cache:cached:37 - cache miss judge-request 129721b8cbf7
2026-09-22 06:46:21.462 | INFO     | steering_lite.benchmark.cache:cached:37 - cache miss judge-request a6f0b22b2be5
2026-09-22 06:46:21.463 | INFO     | steering_lite.benchmark.cache:cached:37 - cache miss judge-request a3e01bf4aad0
2026-09-22 06:46:21.473 | INFO     | steering_lite.benchmark.cache:cached:37 - cache miss judge-request 672a86e04ad9
2026-09-22 06:46:21.684 | INFO     | steering_lite.benchmark.cache:cached:37 - cache miss judge-request fce2486d04a2
2026-09-22 06:46:21.797 | INFO     | steering_lite.benchmark.cache:cached:37 - cache miss judge-request 029eb2a0641d
2026-09-22 06:46:21.903 | INFO     | steering_lite.benchmark.cache:cached:37 - cache miss judge-request 00498176f5c9
2026-09-22 06:46:21.942 | INFO     | steering_lite.benchmark.cache:cached:37 - cache miss judge-request 3693c5410fac
2026-09-22 06:46:22.030 | INFO     | steering_lite.benchmark.cache:cached:37 - cache miss judge-request 8c8c61d05071
2026-09-22 06:46:22.031 | INFO     | steering_lite.benchmark.cache:cached:37 - cache miss judge-request afca8d8ca252
2026-09-22 06:46:22.249 | INFO     | steering_lite.benchmark.cache:cached:37 - cache miss judge-request 591ef2c06749
2026-09-22 06:46:22.323 | INFO     | steering_lite.benchmark.cache:cached:37 - cache miss judge-request 0c465a278a3f
2026-09-22 06:46:22.419 | INFO     | steering_lite.benchmark.cache:cached:37 - cache miss judge-request 4f168a543698
2026-09-22 06:46:22.486 | INFO     | steering_lite.benchmark.cache:cached:37 - cache miss judge-request 6271b1dcbeaf
2026-09-22 06:46:22.500 | INFO     | steering_lite.benchmark.cache:cached:37 - cache miss judge-request 777ad756ced1
2026-09-22 06:46:22.537 | INFO     | steering_lite.benchmark.cache:cached:37 - cache miss judge-request 41a788f15579
2026-09-22 06:46:22.704 | INFO     | steering_lite.benchmark.cache:cached:37 - cache miss judge-request 9ae37351ba21
2026-09-22 06:46:22.785 | INFO     | steering_lite.benchmark.cache:cached:37 - cache miss judge-request 4aff9cf01f72
2026-09-22 06:46:22.875 | INFO     | steering_lite.benchmark.cache:cached:37 - cache miss judge-request b73cde0e2561
2026-09-22 06:46:22.919 | INFO     | steering_lite.benchmark.cache:cached:37 - cache miss judge-request 477bfb9b6254
2026-09-22 06:46:23.017 | INFO     | steering_lite.benchmark.cache:cached:37 - cache miss judge-request c4fd27cd8ee7
2026-09-22 06:46:23.039 | INFO     | steering_lite.benchmark.cache:cached:37 - cache miss judge-request 39b0ec926c1c
2026-09-22 06:46:23.266 | INFO     | steering_lite.benchmark.cache:cached:37 - cache miss judge-request cb6c2d424df0
2026-09-22 06:46:23.329 | INFO     | steering_lite.benchmark.cache:cached:37 - cache miss judge-request 0009a53349dc
2026-09-22 06:46:23.377 | INFO     | steering_lite.benchmark.cache:cached:37 - cache miss judge-request b51b53726b65
2026-09-22 06:46:23.448 | INFO     | steering_lite.benchmark.cache:cached:37 - cache miss judge-request c65fe7fe4b68
2026-09-22 06:46:23.519 | INFO     | steering_lite.benchmark.cache:cached:37 - cache miss judge-request 3cbdc7ff7ea1
2026-09-22 06:46:23.558 | INFO     | steering_lite.benchmark.cache:cached:37 - cache miss judge-request e373667a0dd2
2026-09-22 06:46:23.872 | INFO     | steering_lite.benchmark.cache:cached:37 - cache miss judge-request 80134a21d067
2026-09-22 06:46:23.945 | INFO     | steering_lite.benchmark.cache:cached:37 - cache miss judge-request 5c1681fd9feb
2026-09-22 06:46:23.969 | INFO     | steering_lite.benchmark.cache:cached:37 - cache miss judge-request 38dae4f78bf2
2026-09-22 06:46:24.054 | INFO     | steering_lite.benchmark.cache:cached:37 - cache miss judge-request 22dfdb286df8
2026-09-22 06:46:24.106 | INFO     | steering_lite.benchmark.cache:cached:37 - cache miss judge-request ad2050108958
2026-09-22 06:46:24.182 | INFO     | steering_lite.benchmark.cache:cached:37 - cache miss judge-request 46db25642b00
2026-09-22 06:46:24.290 | INFO     | steering_lite.benchmark.cache:cached:37 - cache miss judge-request 4c5cba15c205
2026-09-22 06:46:24.457 | INFO     | steering_lite.benchmark.cache:cached:37 - cache miss judge-request f1eed0bb15ed
2026-09-22 06:46:24.511 | INFO     | steering_lite.benchmark.cache:cached:37 - cache miss judge-request 5ede8810b0e5
2026-09-22 06:46:24.547 | INFO     | steering_lite.benchmark.cache:cached:37 - cache miss judge-request f2588ffec3e0
2026-09-22 06:46:24.595 | INFO     | steering_lite.benchmark.cache:cached:37 - cache miss judge-request 09210c2a2051
2026-09-22 06:46:24.623 | INFO     | steering_lite.benchmark.cache:cached:37 - cache miss judge-request b3cc753629a6
2026-09-22 06:46:24.739 | INFO     | steering_lite.benchmark.cache:cached:37 - cache miss judge-request 339633c0cc37
2026-09-22 06:46:24.956 | INFO     | steering_lite.benchmark.cache:cached:37 - cache miss judge-request e80162d49cdd
2026-09-22 06:46:25.002 | INFO     | steering_lite.benchmark.cache:cached:37 - cache miss judge-request c264c4e55ec7
2026-09-22 06:46:25.002 | INFO     | steering_lite.benchmark.cache:cached:37 - cache miss judge-request a46a1b743998
2026-09-22 06:46:25.083 | INFO     | steering_lite.benchmark.cache:cached:37 - cache miss judge-request 889562df8fb5
2026-09-22 06:46:25.224 | INFO     | steering_lite.benchmark.cache:cached:37 - cache miss judge-request 593b6f17bd80
2026-09-22 06:46:25.327 | INFO     | steering_lite.benchmark.cache:cached:37 - cache miss judge-request 6bde06731d5e
2026-09-22 06:46:25.564 | INFO     | steering_lite.benchmark.cache:cached:37 - cache miss judge-request 805339d3b5e5
2026-09-22 06:46:25.596 | INFO     | steering_lite.benchmark.cache:cached:37 - cache miss judge-request 2abd89fab745
2026-09-22 06:46:25.612 | INFO     | steering_lite.benchmark.cache:cached:37 - cache miss judge-request e663a182781b
2026-09-22 06:46:25.679 | INFO     | steering_lite.benchmark.cache:cached:37 - cache miss judge-request b63041f4663c
2026-09-22 06:46:25.788 | INFO     | steering_lite.benchmark.cache:cached:37 - cache miss judge-request 06f3e873b953
2026-09-22 06:46:25.872 | INFO     | steering_lite.benchmark.cache:cached:37 - cache miss judge-request e71e990e0ba1
2026-09-22 06:46:26.041 | INFO     | steering_lite.benchmark.cache:cached:37 - cache miss judge-request 00a0202088dc
2026-09-22 06:46:26.062 | INFO     | steering_lite.benchmark.cache:cached:37 - cache miss judge-request a10b0b1207c0
2026-09-22 06:46:26.086 | INFO     | steering_lite.benchmark.cache:cached:37 - cache miss judge-request c6ac665e40ce
2026-09-22 06:46:26.162 | INFO     | steering_lite.benchmark.cache:cached:37 - cache miss judge-request 62e808bc13fd
2026-09-22 06:46:26.266 | INFO     | steering_lite.benchmark.cache:cached:37 - cache miss judge-request 5b3a1598e3c5
2026-09-22 06:46:26.375 | INFO     | steering_lite.benchmark.cache:cached:37 - cache miss judge-request 8149fd8fec60
2026-09-22 06:46:26.604 | INFO     | steering_lite.benchmark.cache:cached:37 - cache miss judge-request 32f3fd3fe7db
2026-09-22 06:46:26.612 | INFO     | steering_lite.benchmark.cache:cached:37 - cache miss judge-request 6dad3ba1b018
2026-09-22 06:46:26.665 | INFO     | steering_lite.benchmark.cache:cached:37 - cache miss judge-request bed1953b1a4f
2026-09-22 06:46:26.751 | INFO     | steering_lite.benchmark.cache:cached:37 - cache miss judge-request 8514ded95b28
2026-09-22 06:46:26.861 | INFO     | steering_lite.benchmark.cache:cached:37 - cache miss judge-request 24a2c9231ca3
2026-09-22 06:46:26.942 | INFO     | steering_lite.benchmark.cache:cached:37 - cache miss judge-request 2149e67aae6c
2026-09-22 06:46:27.154 | INFO     | steering_lite.benchmark.cache:cached:37 - cache miss judge-request 02e8d722b245
2026-09-22 06:46:27.185 | INFO     | steering_lite.benchmark.cache:cached:37 - cache miss judge-request 6b5ae13def57
2026-09-22 06:46:27.200 | INFO     | steering_lite.benchmark.cache:cached:37 - cache miss judge-request 3e4d25d8e24d
2026-09-22 06:46:27.274 | INFO     | steering_lite.benchmark.cache:cached:37 - cache miss judge-request 614ec76758a3
2026-09-22 06:46:27.276 | INFO     | steering_lite.benchmark.cache:cached:37 - cache miss judge-request 240d7a7afb22
2026-09-22 06:46:27.352 | INFO     | steering_lite.benchmark.cache:cached:37 - cache miss judge-request 7d41029d238f
2026-09-22 06:46:27.498 | INFO     | steering_lite.benchmark.cache:cached:37 - cache miss judge-request bd0c103852fd
2026-09-22 06:46:27.639 | INFO     | steering_lite.benchmark.cache:cached:37 - cache miss judge-request 569060cd38c6
2026-09-22 06:46:27.716 | INFO     | steering_lite.benchmark.cache:cached:37 - cache miss judge-request ed0a535e40e8
2026-09-22 06:46:27.795 | INFO     | steering_lite.benchmark.cache:cached:37 - cache miss judge-request fe093f524925
2026-09-22 06:46:27.802 | INFO     | steering_lite.benchmark.cache:cached:37 - cache miss judge-request 8cac2c16efc2
2026-09-22 06:46:27.906 | INFO     | steering_lite.benchmark.cache:cached:37 - cache miss judge-request 260151ea6f23
2026-09-22 06:46:28.125 | INFO     | steering_lite.benchmark.cache:cached:37 - cache miss judge-request fedbcb296fa5
2026-09-22 06:46:28.440 | INFO     | steering_lite.benchmark.cache:cached:37 - cache miss judge-request af05d525096a
2026-09-22 06:46:28.496 | INFO     | steering_lite.benchmark.cache:cached:37 - cache miss judge-request eeee6c2ad447
2026-09-22 06:46:28.559 | INFO     | steering_lite.benchmark.cache:cached:37 - cache miss judge-request 693ef8f06dd7
2026-09-22 06:46:28.585 | INFO     | steering_lite.benchmark.cache:cached:37 - cache miss judge-request 0fa1471de6ef
2026-09-22 06:46:28.686 | INFO     | steering_lite.benchmark.cache:cached:37 - cache miss judge-request 9ced6fc6b411
2026-09-22 06:46:28.786 | INFO     | steering_lite.benchmark.cache:cached:37 - cache miss judge-request 90b3a40d7111
2026-09-22 06:46:29.011 | INFO     | steering_lite.benchmark.cache:cached:37 - cache miss judge-request 99c8630e6484
2026-09-22 06:46:29.026 | INFO     | steering_lite.benchmark.cache:cached:37 - cache miss judge-request 320c1ec32e4f
2026-09-22 06:46:29.313 | INFO     | steering_lite.benchmark.cache:cached:37 - cache miss final-health 8c48dc423d78
2026-09-22 06:46:29.316 | INFO     | steering_lite.benchmark.cache:cached:37 - cache miss final-aware 3692d1cb1cf1
2026-09-22 06:46:29.321 | INFO     | steering_lite.benchmark.cache:cached:37 - cache miss final-blind fbb5d8856f1a
2026-09-22 06:46:29.382 | INFO     | steering_lite.data.personas:load_suffixes:47 - Loaded 200 branching suffixes
2026-09-22 06:46:29.386 | INFO     | steering_lite.benchmark.cache:cached:37 - cache miss calibration-candidates b8ad78ca2014
2026-09-22 06:46:29.454 | INFO     | steering_lite.benchmark.cache:cached:37 - cache miss candidate-judgments 3d5a3fb803db
2026-09-22 06:46:29.456 | INFO     | steering_lite.benchmark.cache:cached:37 - cache miss judge-request b5f3fc5d6241
2026-09-22 06:46:29.457 | INFO     | steering_lite.benchmark.cache:cached:37 - cache miss judge-request e8aab101e4a1
2026-09-22 06:46:29.457 | INFO     | steering_lite.benchmark.cache:cached:37 - cache miss judge-request 309ae240e656
2026-09-22 06:46:29.457 | INFO     | steering_lite.benchmark.cache:cached:37 - cache miss judge-request 948615f1791d
2026-09-22 06:46:29.457 | INFO     | steering_lite.benchmark.cache:cached:37 - cache miss judge-request 2e0e122873e1
2026-09-22 06:46:29.458 | INFO     | steering_lite.benchmark.cache:cached:37 - cache miss judge-request 4835cf618555
2026-09-22 06:46:29.885 | INFO     | steering_lite.benchmark.cache:cached:37 - cache miss judge-request 6f6a95cd8fa4
2026-09-22 06:46:29.904 | INFO     | steering_lite.benchmark.cache:cached:37 - cache miss judge-request 870f59a4f73e
2026-09-22 06:46:29.934 | INFO     | steering_lite.benchmark.cache:cached:37 - cache miss judge-request 6f3965dffe43
2026-09-22 06:46:29.973 | INFO     | steering_lite.benchmark.cache:cached:37 - cache miss judge-request 3d4949b23b1f
2026-09-22 06:46:30.002 | INFO     | steering_lite.benchmark.cache:cached:37 - cache miss judge-request 3bdf749b8aa4
2026-09-22 06:46:30.011 | INFO     | steering_lite.benchmark.cache:cached:37 - cache miss judge-request 5639509d36b1
2026-09-22 06:46:30.423 | INFO     | steering_lite.benchmark.cache:cached:37 - cache miss judge-request 1bcc41ac233a
2026-09-22 06:46:30.531 | INFO     | steering_lite.benchmark.cache:cached:37 - cache miss judge-request 4dab76c090b1
2026-09-22 06:46:30.662 | INFO     | steering_lite.benchmark.cache:cached:37 - cache miss judge-request 83d443a5b0bf
2026-09-22 06:46:30.699 | INFO     | steering_lite.benchmark.cache:cached:37 - cache miss judge-request 2b53ed8926b8
2026-09-22 06:46:30.783 | INFO     | steering_lite.benchmark.cache:cached:37 - cache miss judge-request cff556effcfa
2026-09-22 06:46:30.814 | INFO     | steering_lite.benchmark.cache:cached:37 - cache miss judge-request 1274b075822a
2026-09-22 06:46:31.119 | INFO     | steering_lite.benchmark.cache:cached:37 - cache miss judge-request 60ba2fde73e4
2026-09-22 06:46:31.278 | INFO     | steering_lite.benchmark.cache:cached:37 - cache miss judge-request 097ab06f2f01
2026-09-22 06:46:31.371 | INFO     | steering_lite.benchmark.cache:cached:37 - cache miss judge-request cbef05a3d8fa
2026-09-22 06:46:31.398 | INFO     | steering_lite.benchmark.cache:cached:37 - cache miss judge-request d2e0d087a86a
2026-09-22 06:46:31.457 | INFO     | steering_lite.benchmark.cache:cached:37 - cache miss judge-request 10f577b59831
2026-09-22 06:46:31.496 | INFO     | steering_lite.benchmark.cache:cached:37 - cache miss judge-request d759c0d49199
2026-09-22 06:46:31.794 | INFO     | steering_lite.benchmark.cache:cached:37 - cache miss judge-request 9f21e74a4d6c
2026-09-22 06:46:31.862 | INFO     | steering_lite.benchmark.cache:cached:37 - cache miss judge-request eba88d2d973c
2026-09-22 06:46:31.982 | INFO     | steering_lite.benchmark.cache:cached:37 - cache miss judge-request 7ffbf84dde90
2026-09-22 06:46:32.015 | INFO     | steering_lite.benchmark.cache:cached:37 - cache miss judge-request 55b62dca5bac
2026-09-22 06:46:32.077 | INFO     | steering_lite.benchmark.cache:cached:37 - cache miss judge-request 5a96db6871ef
2026-09-22 06:46:32.122 | INFO     | steering_lite.benchmark.cache:cached:37 - cache miss judge-request 27f1e81e4a6b
2026-09-22 06:46:32.357 | INFO     | steering_lite.benchmark.cache:cached:37 - cache miss judge-request c71ddb3f7a7e
2026-09-22 06:46:32.402 | INFO     | steering_lite.benchmark.cache:cached:37 - cache miss judge-request 30f6b5d21730
2026-09-22 06:46:32.523 | INFO     | steering_lite.benchmark.cache:cached:37 - cache miss judge-request 52c3f04edf80
2026-09-22 06:46:32.648 | INFO     | steering_lite.benchmark.cache:cached:37 - cache miss judge-request 275e447dcd63
2026-09-22 06:46:32.766 | INFO     | steering_lite.benchmark.cache:cached:37 - cache miss judge-request 3e5a634e9274
2026-09-22 06:46:32.819 | INFO     | steering_lite.benchmark.cache:cached:37 - cache miss judge-request 6c153b9881ac
2026-09-22 06:46:32.912 | INFO     | steering_lite.benchmark.cache:cached:37 - cache miss judge-request 038252adf0a9
2026-09-22 06:46:33.030 | INFO     | steering_lite.benchmark.cache:cached:37 - cache miss judge-request 39b2871f3aac
2026-09-22 06:46:33.133 | INFO     | steering_lite.benchmark.cache:cached:37 - cache miss judge-request d0f663bbab15
2026-09-22 06:46:33.258 | INFO     | steering_lite.benchmark.cache:cached:37 - cache miss judge-request 64371504d1b8
2026-09-22 06:46:33.350 | INFO     | steering_lite.benchmark.cache:cached:37 - cache miss judge-request 8059e0d229b2
2026-09-22 06:46:33.464 | INFO     | steering_lite.benchmark.cache:cached:37 - cache miss judge-request b2dd98bb13f5
2026-09-22 06:46:33.548 | INFO     | steering_lite.benchmark.cache:cached:37 - cache miss judge-request de72c66efaaf
2026-09-22 06:46:33.703 | INFO     | steering_lite.benchmark.cache:cached:37 - cache miss judge-request dace2c1d27ff
2026-09-22 06:46:33.804 | INFO     | steering_lite.benchmark.cache:cached:37 - cache miss judge-request c94e4ab4a5ce
2026-09-22 06:46:33.917 | INFO     | steering_lite.benchmark.cache:cached:37 - cache miss judge-request d0cfba383c76
2026-09-22 06:46:34.022 | INFO     | steering_lite.benchmark.cache:cached:37 - cache miss judge-request 7de0cdc6a53a
2026-09-22 06:46:34.120 | INFO     | steering_lite.benchmark.cache:cached:37 - cache miss judge-request 5d026058ad89
2026-09-22 06:46:34.490 | INFO     | steering_lite.benchmark.cache:cached:37 - cache miss candidate-health 8c940683f722
2026-09-22 06:46:34.494 | INFO     | steering_lite.benchmark.cache:cached:37 - cache miss candidate-aware e4769abbc75e
2026-09-22 06:46:34.496 | INFO     | steering_lite.benchmark.cache:cached:37 - cache miss candidate-blind 4565de78be2e
2026-09-22 06:46:34.499 | INFO     | steering_lite.benchmark.cache:cached:37 - cache miss final-generation 7dbbfe0e3d5f
2026-09-22 06:46:34.542 | INFO     | steering_lite.benchmark.cache:cached:37 - cache miss final-judgments 44fac3ecbe98
2026-09-22 06:46:34.562 | INFO     | steering_lite.benchmark.cache:cached:37 - cache miss judge-request 9167f50b6b7f
2026-09-22 06:46:34.565 | INFO     | steering_lite.benchmark.cache:cached:37 - cache miss judge-request c61b26d65b87
2026-09-22 06:46:34.566 | INFO     | steering_lite.benchmark.cache:cached:37 - cache miss judge-request e244345cd35f
2026-09-22 06:46:34.566 | INFO     | steering_lite.benchmark.cache:cached:37 - cache miss judge-request 4e1491e31a21
2026-09-22 06:46:34.568 | INFO     | steering_lite.benchmark.cache:cached:37 - cache miss judge-request 46ffa9d07244
2026-09-22 06:46:34.570 | INFO     | steering_lite.benchmark.cache:cached:37 - cache miss judge-request ed3d9975fc6a
2026-09-22 06:46:35.052 | INFO     | steering_lite.benchmark.cache:cached:37 - cache miss judge-request d5978bea7826
2026-09-22 06:46:35.067 | INFO     | steering_lite.benchmark.cache:cached:37 - cache miss judge-request 16475ff2cd33
2026-09-22 06:46:35.115 | INFO     | steering_lite.benchmark.cache:cached:37 - cache miss judge-request eb04dbff922c
2026-09-22 06:46:35.133 | INFO     | steering_lite.benchmark.cache:cached:37 - cache miss judge-request 8141802d035a
2026-09-22 06:46:35.156 | INFO     | steering_lite.benchmark.cache:cached:37 - cache miss judge-request 2adc39db7bf8
2026-09-22 06:46:35.161 | INFO     | steering_lite.benchmark.cache:cached:37 - cache miss judge-request 0a5a951825d3
2026-09-22 06:46:35.535 | INFO     | steering_lite.benchmark.cache:cached:37 - cache miss judge-request 641511986a8e
2026-09-22 06:46:35.568 | INFO     | steering_lite.benchmark.cache:cached:37 - cache miss judge-request d37560755f11
2026-09-22 06:46:35.648 | INFO     | steering_lite.benchmark.cache:cached:37 - cache miss judge-request aaa937eff786
2026-09-22 06:46:35.677 | INFO     | steering_lite.benchmark.cache:cached:37 - cache miss judge-request 2a67a1bc4348
2026-09-22 06:46:35.677 | INFO     | steering_lite.benchmark.cache:cached:37 - cache miss judge-request 3aa35069687e
2026-09-22 06:46:35.736 | INFO     | steering_lite.benchmark.cache:cached:37 - cache miss judge-request 30901b6bd23a
2026-09-22 06:46:36.010 | INFO     | steering_lite.benchmark.cache:cached:37 - cache miss judge-request 5eaaae35ec8b
2026-09-22 06:46:36.062 | INFO     | steering_lite.benchmark.cache:cached:37 - cache miss judge-request 6babfa9e7b15
2026-09-22 06:46:36.250 | INFO     | steering_lite.benchmark.cache:cached:37 - cache miss judge-request 23caa586334e
2026-09-22 06:46:36.279 | INFO     | steering_lite.benchmark.cache:cached:37 - cache miss judge-request cac80a9d595e
2026-09-22 06:46:36.309 | INFO     | steering_lite.benchmark.cache:cached:37 - cache miss judge-request b25393da63b3
2026-09-22 06:46:36.342 | INFO     | steering_lite.benchmark.cache:cached:37 - cache miss judge-request f26f85a765b4
2026-09-22 06:46:36.592 | INFO     | steering_lite.benchmark.cache:cached:37 - cache miss judge-request 7efe2f78699b
2026-09-22 06:46:36.632 | INFO     | steering_lite.benchmark.cache:cached:37 - cache miss judge-request dc858b1f6555
2026-09-22 06:46:36.787 | INFO     | steering_lite.benchmark.cache:cached:37 - cache miss judge-request ccab5c666f75
2026-09-22 06:46:36.797 | INFO     | steering_lite.benchmark.cache:cached:37 - cache miss judge-request bda629e6fdaf
2026-09-22 06:46:36.842 | INFO     | steering_lite.benchmark.cache:cached:37 - cache miss judge-request 0ad10fb2d377
2026-09-22 06:46:36.869 | INFO     | steering_lite.benchmark.cache:cached:37 - cache miss judge-request a5ada15fac13
2026-09-22 06:46:37.080 | INFO     | steering_lite.benchmark.cache:cached:37 - cache miss judge-request 8eadad7f7214
2026-09-22 06:46:37.131 | INFO     | steering_lite.benchmark.cache:cached:37 - cache miss judge-request 3ed917ed3462
2026-09-22 06:46:37.362 | INFO     | steering_lite.benchmark.cache:cached:37 - cache miss judge-request bf4fc3779816
2026-09-22 06:46:37.406 | INFO     | steering_lite.benchmark.cache:cached:37 - cache miss judge-request 6f745d519077
2026-09-22 06:46:37.419 | INFO     | steering_lite.benchmark.cache:cached:37 - cache miss judge-request 31e149419777
2026-09-22 06:46:37.437 | INFO     | steering_lite.benchmark.cache:cached:37 - cache miss judge-request 3ebecf2ff4ef
2026-09-22 06:46:37.630 | INFO     | steering_lite.benchmark.cache:cached:37 - cache miss judge-request 6936d85b7406
2026-09-22 06:46:37.715 | INFO     | steering_lite.benchmark.cache:cached:37 - cache miss judge-request b15f4d62513d
2026-09-22 06:46:37.791 | INFO     | steering_lite.benchmark.cache:cached:37 - cache miss judge-request 50606504823b
2026-09-22 06:46:37.873 | INFO     | steering_lite.benchmark.cache:cached:37 - cache miss judge-request b1db9f4e2fe3
2026-09-22 06:46:37.876 | INFO     | steering_lite.benchmark.cache:cached:37 - cache miss judge-request c6688b15a92e
2026-09-22 06:46:37.904 | INFO     | steering_lite.benchmark.cache:cached:37 - cache miss judge-request ecae396304ee
2026-09-22 06:46:38.091 | INFO     | steering_lite.benchmark.cache:cached:37 - cache miss judge-request ad7affda8d02
2026-09-22 06:46:38.121 | INFO     | steering_lite.benchmark.cache:cached:37 - cache miss judge-request acf5d91610e0
2026-09-22 06:46:38.356 | INFO     | steering_lite.benchmark.cache:cached:37 - cache miss judge-request b6d9f54ab573
2026-09-22 06:46:38.400 | INFO     | steering_lite.benchmark.cache:cached:37 - cache miss judge-request 60e3486110c9
2026-09-22 06:46:38.460 | INFO     | steering_lite.benchmark.cache:cached:37 - cache miss judge-request 18f664decf23
2026-09-22 06:46:38.470 | INFO     | steering_lite.benchmark.cache:cached:37 - cache miss judge-request 6a86b4decb44
2026-09-22 06:46:38.530 | INFO     | steering_lite.benchmark.cache:cached:37 - cache miss judge-request 244449f87dd5
2026-09-22 06:46:38.737 | INFO     | steering_lite.benchmark.cache:cached:37 - cache miss judge-request 33ef99a5a44c
2026-09-22 06:46:38.997 | INFO     | steering_lite.benchmark.cache:cached:37 - cache miss judge-request 3508ee9220e5
2026-09-22 06:46:39.038 | INFO     | steering_lite.benchmark.cache:cached:37 - cache miss judge-request 90297e944c9d
2026-09-22 06:46:39.106 | INFO     | steering_lite.benchmark.cache:cached:37 - cache miss judge-request e43ef54b59c9
2026-09-22 06:46:39.131 | INFO     | steering_lite.benchmark.cache:cached:37 - cache miss judge-request d68250d59ea8
2026-09-22 06:46:39.187 | INFO     | steering_lite.benchmark.cache:cached:37 - cache miss judge-request 1f4342ac5906
2026-09-22 06:46:39.426 | INFO     | steering_lite.benchmark.cache:cached:37 - cache miss judge-request 59c5a4823c71
2026-09-22 06:46:39.708 | INFO     | steering_lite.benchmark.cache:cached:37 - cache miss judge-request b6a14855ce12
2026-09-22 06:46:39.767 | INFO     | steering_lite.benchmark.cache:cached:37 - cache miss judge-request 435b6325512a
2026-09-22 06:46:39.772 | INFO     | steering_lite.benchmark.cache:cached:37 - cache miss judge-request a0ab4331a228
2026-09-22 06:46:39.808 | INFO     | steering_lite.benchmark.cache:cached:37 - cache miss judge-request a05378f14df0
2026-09-22 06:46:39.864 | INFO     | steering_lite.benchmark.cache:cached:37 - cache miss judge-request 38ced4631e29
2026-09-22 06:46:40.147 | INFO     | steering_lite.benchmark.cache:cached:37 - cache miss judge-request b048923d44c6
2026-09-22 06:46:40.458 | INFO     | steering_lite.benchmark.cache:cached:37 - cache miss judge-request e430704c055e
2026-09-22 06:46:40.465 | INFO     | steering_lite.benchmark.cache:cached:37 - cache miss judge-request 217b8db7a865
2026-09-22 06:46:40.519 | INFO     | steering_lite.benchmark.cache:cached:37 - cache miss judge-request 4cea83bb0446
2026-09-22 06:46:40.543 | INFO     | steering_lite.benchmark.cache:cached:37 - cache miss judge-request 61ceaa98fe07
2026-09-22 06:46:40.570 | INFO     | steering_lite.benchmark.cache:cached:37 - cache miss judge-request c207574a8f9f
2026-09-22 06:46:40.632 | INFO     | steering_lite.benchmark.cache:cached:37 - cache miss judge-request 2f95c49b23ea
2026-09-22 06:46:40.892 | INFO     | steering_lite.benchmark.cache:cached:37 - cache miss judge-request fc037fb90266
2026-09-22 06:46:40.928 | INFO     | steering_lite.benchmark.cache:cached:37 - cache miss judge-request e231d186b405
2026-09-22 06:46:41.128 | INFO     | steering_lite.benchmark.cache:cached:37 - cache miss judge-request c94b177afb98
2026-09-22 06:46:41.154 | INFO     | steering_lite.benchmark.cache:cached:37 - cache miss judge-request f072327711b9
2026-09-22 06:46:41.176 | INFO     | steering_lite.benchmark.cache:cached:37 - cache miss judge-request b618dd5a48e5
2026-09-22 06:46:41.258 | INFO     | steering_lite.benchmark.cache:cached:37 - cache miss judge-request 52eb6cc56831
2026-09-22 06:46:41.563 | INFO     | steering_lite.benchmark.cache:cached:37 - cache miss judge-request 252b7c919165
2026-09-22 06:46:41.608 | INFO     | steering_lite.benchmark.cache:cached:37 - cache miss judge-request d317d820eb2d
2026-09-22 06:46:41.769 | INFO     | steering_lite.benchmark.cache:cached:37 - cache miss judge-request 9bb18b7f9dea
2026-09-22 06:46:41.785 | INFO     | steering_lite.benchmark.cache:cached:37 - cache miss judge-request 6b7c1d5b50d9
2026-09-22 06:46:41.796 | INFO     | steering_lite.benchmark.cache:cached:37 - cache miss judge-request 226229af9489
2026-09-22 06:46:41.849 | INFO     | steering_lite.benchmark.cache:cached:37 - cache miss judge-request 558047882cd3
2026-09-22 06:46:42.164 | INFO     | steering_lite.benchmark.cache:cached:37 - cache miss judge-request a1eccf528336
2026-09-22 06:46:42.222 | INFO     | steering_lite.benchmark.cache:cached:37 - cache miss judge-request f6f8755a0c0c
2026-09-22 06:46:42.409 | INFO     | steering_lite.benchmark.cache:cached:37 - cache miss judge-request 6f614f59f46b
2026-09-22 06:46:42.436 | INFO     | steering_lite.benchmark.cache:cached:37 - cache miss judge-request 81d5e211f02d
2026-09-22 06:46:42.440 | INFO     | steering_lite.benchmark.cache:cached:37 - cache miss judge-request f83f6e2fd584
2026-09-22 06:46:42.475 | INFO     | steering_lite.benchmark.cache:cached:37 - cache miss judge-request ea5e03592fcb
2026-09-22 06:46:42.597 | INFO     | steering_lite.benchmark.cache:cached:37 - cache miss judge-request deff75370179
2026-09-22 06:46:42.822 | INFO     | steering_lite.benchmark.cache:cached:37 - cache miss judge-request b4ae9b3ea096
2026-09-22 06:46:43.021 | INFO     | steering_lite.benchmark.cache:cached:37 - cache miss judge-request 0d0d05382190
2026-09-22 06:46:43.082 | INFO     | steering_lite.benchmark.cache:cached:37 - cache miss judge-request 77fef5712c34
2026-09-22 06:46:43.098 | INFO     | steering_lite.benchmark.cache:cached:37 - cache miss judge-request 0130846061c5
2026-09-22 06:46:43.136 | INFO     | steering_lite.benchmark.cache:cached:37 - cache miss judge-request 5c6eab55f188
2026-09-22 06:46:43.270 | INFO     | steering_lite.benchmark.cache:cached:37 - cache miss judge-request 3aa79409bfdb
2026-09-22 06:46:43.486 | INFO     | steering_lite.benchmark.cache:cached:37 - cache miss judge-request 4c7a75388a5d
2026-09-22 06:46:43.676 | INFO     | steering_lite.benchmark.cache:cached:37 - cache miss judge-request 70152edff90d
2026-09-22 06:46:43.679 | INFO     | steering_lite.benchmark.cache:cached:37 - cache miss judge-request dd7a554951eb
2026-09-22 06:46:43.757 | INFO     | steering_lite.benchmark.cache:cached:37 - cache miss judge-request 025461b90de5
2026-09-22 06:46:43.798 | INFO     | steering_lite.benchmark.cache:cached:37 - cache miss judge-request 8b95af7e791e
2026-09-22 06:46:43.889 | INFO     | steering_lite.benchmark.cache:cached:37 - cache miss judge-request 85e8bab0a1e3
2026-09-22 06:46:43.949 | INFO     | steering_lite.benchmark.cache:cached:37 - cache miss judge-request 1a639e2caaf2
2026-09-22 06:46:44.218 | INFO     | steering_lite.benchmark.cache:cached:37 - cache miss judge-request 6a6be54f7676
2026-09-22 06:46:44.360 | INFO     | steering_lite.benchmark.cache:cached:37 - cache miss judge-request 39a26ca2741f
2026-09-22 06:46:44.403 | INFO     | steering_lite.benchmark.cache:cached:37 - cache miss judge-request 49838fa04921
2026-09-22 06:46:44.479 | INFO     | steering_lite.benchmark.cache:cached:37 - cache miss judge-request 6ecc5e0c697b
2026-09-22 06:46:44.598 | INFO     | steering_lite.benchmark.cache:cached:37 - cache miss judge-request 9800edb8de47
2026-09-22 06:46:44.635 | INFO     | steering_lite.benchmark.cache:cached:37 - cache miss judge-request 4a6587b2b40b
2026-09-22 06:46:44.868 | INFO     | steering_lite.benchmark.cache:cached:37 - cache miss judge-request 3b989f48851f
2026-09-22 06:46:44.965 | INFO     | steering_lite.benchmark.cache:cached:37 - cache miss judge-request 7f59971b6ef4
2026-09-22 06:46:45.052 | INFO     | steering_lite.benchmark.cache:cached:37 - cache miss judge-request 1e042949e5b7
2026-09-22 06:46:45.126 | INFO     | steering_lite.benchmark.cache:cached:37 - cache miss judge-request a93c58299778
2026-09-22 06:46:45.205 | INFO     | steering_lite.benchmark.cache:cached:37 - cache miss judge-request ce69aa7ba8c7
2026-09-22 06:46:45.265 | INFO     | steering_lite.benchmark.cache:cached:37 - cache miss judge-request 8a67c131961f
2026-09-22 06:46:45.498 | INFO     | steering_lite.benchmark.cache:cached:37 - cache miss judge-request 69e1e7c9ea06
2026-09-22 06:46:45.632 | INFO     | steering_lite.benchmark.cache:cached:37 - cache miss judge-request 9f52035b1c57
2026-09-22 06:46:45.646 | INFO     | steering_lite.benchmark.cache:cached:37 - cache miss judge-request d981bbe138df
2026-09-22 06:46:45.710 | INFO     | steering_lite.benchmark.cache:cached:37 - cache miss judge-request dc0dbfd925df
2026-09-22 06:46:45.826 | INFO     | steering_lite.benchmark.cache:cached:37 - cache miss judge-request 3cf3ac1a304e
2026-09-22 06:46:45.885 | INFO     | steering_lite.benchmark.cache:cached:37 - cache miss judge-request cf535058ea43
2026-09-22 06:46:46.254 | INFO     | steering_lite.benchmark.cache:cached:37 - cache miss judge-request 53c51a2696c5
2026-09-22 06:46:46.410 | INFO     | steering_lite.benchmark.cache:cached:37 - cache miss judge-request 870c6d63c4a4
2026-09-22 06:46:46.432 | INFO     | steering_lite.benchmark.cache:cached:37 - cache miss judge-request 3d7ca6ffad0b
2026-09-22 06:46:46.522 | INFO     | steering_lite.benchmark.cache:cached:37 - cache miss judge-request b6aec061063d
2026-09-22 06:46:46.618 | INFO     | steering_lite.benchmark.cache:cached:37 - cache miss judge-request 8a3af86e4cfe
2026-09-22 06:46:46.635 | INFO     | steering_lite.benchmark.cache:cached:37 - cache miss judge-request ffa85bbe43dc
2026-09-22 06:46:46.763 | INFO     | steering_lite.benchmark.cache:cached:37 - cache miss judge-request 7af57049ee4d
2026-09-22 06:46:47.038 | INFO     | steering_lite.benchmark.cache:cached:37 - cache miss judge-request 2395953b63a0
2026-09-22 06:46:47.050 | INFO     | steering_lite.benchmark.cache:cached:37 - cache miss judge-request 116f8f0c59ca
2026-09-22 06:46:47.169 | INFO     | steering_lite.benchmark.cache:cached:37 - cache miss judge-request fc30bdf74af3
2026-09-22 06:46:47.254 | INFO     | steering_lite.benchmark.cache:cached:37 - cache miss judge-request 82d5be125051
2026-09-22 06:46:47.316 | INFO     | steering_lite.benchmark.cache:cached:37 - cache miss judge-request 1576b1b48d65
2026-09-22 06:46:47.476 | INFO     | steering_lite.benchmark.cache:cached:37 - cache miss judge-request c1789aad36e4
2026-09-22 06:46:47.597 | INFO     | steering_lite.benchmark.cache:cached:37 - cache miss judge-request e8b737956af0
2026-09-22 06:46:47.741 | INFO     | steering_lite.benchmark.cache:cached:37 - cache miss judge-request c55e877e4c42
2026-09-22 06:46:47.845 | INFO     | steering_lite.benchmark.cache:cached:37 - cache miss judge-request 2c1d1a5ac179
2026-09-22 06:46:47.919 | INFO     | steering_lite.benchmark.cache:cached:37 - cache miss judge-request 1b810d75b1e5
2026-09-22 06:46:47.939 | INFO     | steering_lite.benchmark.cache:cached:37 - cache miss judge-request e4a7cf63b18f
2026-09-22 06:46:48.118 | INFO     | steering_lite.benchmark.cache:cached:37 - cache miss judge-request d8ada3b4a24a
2026-09-22 06:46:48.183 | INFO     | steering_lite.benchmark.cache:cached:37 - cache miss judge-request 693c313dcb93
2026-09-22 06:46:48.298 | INFO     | steering_lite.benchmark.cache:cached:37 - cache miss judge-request adc22a1cc96d
2026-09-22 06:46:48.383 | INFO     | steering_lite.benchmark.cache:cached:37 - cache miss judge-request a0705fbde671
2026-09-22 06:46:48.477 | INFO     | steering_lite.benchmark.cache:cached:37 - cache miss judge-request 68729c8f75af
2026-09-22 06:46:48.501 | INFO     | steering_lite.benchmark.cache:cached:37 - cache miss judge-request ace29dd7ab25
2026-09-22 06:46:48.753 | INFO     | steering_lite.benchmark.cache:cached:37 - cache miss judge-request d0b2bfb14927
2026-09-22 06:46:48.822 | INFO     | steering_lite.benchmark.cache:cached:37 - cache miss judge-request d003622e80d4
2026-09-22 06:46:48.991 | INFO     | steering_lite.benchmark.cache:cached:37 - cache miss judge-request 0d5ab9630cbb
2026-09-22 06:46:49.063 | INFO     | steering_lite.benchmark.cache:cached:37 - cache miss judge-request d588f0dd2962
2026-09-22 06:46:49.091 | INFO     | steering_lite.benchmark.cache:cached:37 - cache miss judge-request 3d423a7e1608
2026-09-22 06:46:49.203 | INFO     | steering_lite.benchmark.cache:cached:37 - cache miss judge-request 204d13f0fd34
2026-09-22 06:46:49.459 | INFO     | steering_lite.benchmark.cache:cached:37 - cache miss judge-request fb316d23e619
2026-09-22 06:46:49.500 | INFO     | steering_lite.benchmark.cache:cached:37 - cache miss judge-request d1dc4391993a
2026-09-22 06:46:49.601 | INFO     | steering_lite.benchmark.cache:cached:37 - cache miss judge-request fa8c8d8fc672
2026-09-22 06:46:49.685 | INFO     | steering_lite.benchmark.cache:cached:37 - cache miss judge-request 0ca6ff58f3ad
2026-09-22 06:46:49.702 | INFO     | steering_lite.benchmark.cache:cached:37 - cache miss judge-request bdcb62696f01
2026-09-22 06:46:49.823 | INFO     | steering_lite.benchmark.cache:cached:37 - cache miss judge-request aa68a85d8701
2026-09-22 06:46:50.073 | INFO     | steering_lite.benchmark.cache:cached:37 - cache miss judge-request 18e2300aa558
2026-09-22 06:46:50.085 | INFO     | steering_lite.benchmark.cache:cached:37 - cache miss judge-request 9497c1da0e00
2026-09-22 06:46:50.106 | INFO     | steering_lite.benchmark.cache:cached:37 - cache miss judge-request fd8d27d1f4a6
2026-09-22 06:46:50.360 | INFO     | steering_lite.benchmark.cache:cached:37 - cache miss judge-request 1db482eeb6bf
2026-09-22 06:46:50.419 | INFO     | steering_lite.benchmark.cache:cached:37 - cache miss judge-request a925473572ac
2026-09-22 06:46:50.553 | INFO     | steering_lite.benchmark.cache:cached:37 - cache miss judge-request ed9bd0120256
2026-09-22 06:46:50.827 | INFO     | steering_lite.benchmark.cache:cached:37 - cache miss judge-request 45f1a6d7d027
2026-09-22 06:46:50.853 | INFO     | steering_lite.benchmark.cache:cached:37 - cache miss judge-request e0854354c55d
2026-09-22 06:46:50.872 | INFO     | steering_lite.benchmark.cache:cached:37 - cache miss judge-request a12b5dba6862
2026-09-22 06:46:51.055 | INFO     | steering_lite.benchmark.cache:cached:37 - cache miss judge-request f5fdd4c8c5fe
2026-09-22 06:46:51.073 | INFO     | steering_lite.benchmark.cache:cached:37 - cache miss judge-request ae79b153eda3
2026-09-22 06:46:51.191 | INFO     | steering_lite.benchmark.cache:cached:37 - cache miss judge-request 04c3c6bde855
2026-09-22 06:46:51.470 | INFO     | steering_lite.benchmark.cache:cached:37 - cache miss judge-request 269cf3bc0089
2026-09-22 06:46:51.526 | INFO     | steering_lite.benchmark.cache:cached:37 - cache miss judge-request 5d83546629a8
2026-09-22 06:46:51.576 | INFO     | steering_lite.benchmark.cache:cached:37 - cache miss judge-request 313e6d4a31d7
2026-09-22 06:46:51.654 | INFO     | steering_lite.benchmark.cache:cached:37 - cache miss judge-request 6d9ce138e2e8
2026-09-22 06:46:51.800 | INFO     | steering_lite.benchmark.cache:cached:37 - cache miss judge-request e40bbd60f54a
2026-09-22 06:46:51.913 | INFO     | steering_lite.benchmark.cache:cached:37 - cache miss judge-request 669f63d280c7
2026-09-22 06:46:52.092 | INFO     | steering_lite.benchmark.cache:cached:37 - cache miss judge-request b21b8b5d4fab
2026-09-22 06:46:52.127 | INFO     | steering_lite.benchmark.cache:cached:37 - cache miss judge-request ab9b863622e8
2026-09-22 06:46:52.162 | INFO     | steering_lite.benchmark.cache:cached:37 - cache miss judge-request 482720457d0c
2026-09-22 06:46:52.215 | INFO     | steering_lite.benchmark.cache:cached:37 - cache miss judge-request d81bf7e03a04
2026-09-22 06:46:52.333 | INFO     | steering_lite.benchmark.cache:cached:37 - cache miss judge-request 5bb02bc889d5
2026-09-22 06:46:52.435 | INFO     | steering_lite.benchmark.cache:cached:37 - cache miss judge-request 13fa871740f5
2026-09-22 06:46:52.633 | INFO     | steering_lite.benchmark.cache:cached:37 - cache miss judge-request 3cb7ffc75fb5
2026-09-22 06:46:52.697 | INFO     | steering_lite.benchmark.cache:cached:37 - cache miss judge-request fc3ac2fe99ce
2026-09-22 06:46:52.699 | INFO     | steering_lite.benchmark.cache:cached:37 - cache miss judge-request cac40df03af2
2026-09-22 06:46:52.805 | INFO     | steering_lite.benchmark.cache:cached:37 - cache miss judge-request b4dbac8ff80c
2026-09-22 06:46:52.914 | INFO     | steering_lite.benchmark.cache:cached:37 - cache miss judge-request 2f3f03d52d97
2026-09-22 06:46:52.960 | INFO     | steering_lite.benchmark.cache:cached:37 - cache miss judge-request 6896c5ac7afb
2026-09-22 06:46:53.176 | INFO     | steering_lite.benchmark.cache:cached:37 - cache miss judge-request 98e2796cfa1f
2026-09-22 06:46:53.373 | INFO     | steering_lite.benchmark.cache:cached:37 - cache miss judge-request 7515812d2341
2026-09-22 06:46:53.427 | INFO     | steering_lite.benchmark.cache:cached:37 - cache miss judge-request 0988d432289a
2026-09-22 06:46:53.452 | INFO     | steering_lite.benchmark.cache:cached:37 - cache miss judge-request 3c45cc54ab5a
2026-09-22 06:46:53.513 | INFO     | steering_lite.benchmark.cache:cached:37 - cache miss judge-request 8dbabeb105cd
2026-09-22 06:46:53.758 | INFO     | steering_lite.benchmark.cache:cached:37 - cache miss judge-request cefa1c130c92
2026-09-22 06:46:53.974 | INFO     | steering_lite.benchmark.cache:cached:37 - cache miss judge-request 5329bb1307c2
2026-09-22 06:46:54.183 | INFO     | steering_lite.benchmark.cache:cached:37 - cache miss judge-request 64f377739106
2026-09-22 06:46:54.208 | INFO     | steering_lite.benchmark.cache:cached:37 - cache miss judge-request 885414f7ebe4
2026-09-22 06:46:54.218 | INFO     | steering_lite.benchmark.cache:cached:37 - cache miss judge-request ee6fcc0db9a7
2026-09-22 06:46:54.253 | INFO     | steering_lite.benchmark.cache:cached:37 - cache miss judge-request 56383d31bf63
2026-09-22 06:46:54.405 | INFO     | steering_lite.benchmark.cache:cached:37 - cache miss judge-request 60e4af290b50
2026-09-22 06:46:54.602 | INFO     | steering_lite.benchmark.cache:cached:37 - cache miss judge-request da064819fc4f
2026-09-22 06:46:54.724 | INFO     | steering_lite.benchmark.cache:cached:37 - cache miss judge-request f42ec3f02b17
2026-09-22 06:46:54.770 | INFO     | steering_lite.benchmark.cache:cached:37 - cache miss judge-request c0259f011591
2026-09-22 06:46:54.808 | INFO     | steering_lite.benchmark.cache:cached:37 - cache miss judge-request 6c721e913900
2026-09-22 06:46:54.808 | INFO     | steering_lite.benchmark.cache:cached:37 - cache miss judge-request 7a2f2dfb0953
2026-09-22 06:46:54.968 | INFO     | steering_lite.benchmark.cache:cached:37 - cache miss judge-request 70005a5e1003
2026-09-22 06:46:55.162 | INFO     | steering_lite.benchmark.cache:cached:37 - cache miss judge-request cc4ca5c046fe
2026-09-22 06:46:55.198 | INFO     | steering_lite.benchmark.cache:cached:37 - cache miss judge-request 2c9a85c2e957
2026-09-22 06:46:55.299 | INFO     | steering_lite.benchmark.cache:cached:37 - cache miss judge-request 9f45977471b1
2026-09-22 06:46:55.353 | INFO     | steering_lite.benchmark.cache:cached:37 - cache miss judge-request 39d307d46eaf
2026-09-22 06:46:55.385 | INFO     | steering_lite.benchmark.cache:cached:37 - cache miss judge-request 9d1b9c4da2c4
2026-09-22 06:46:55.543 | INFO     | steering_lite.benchmark.cache:cached:37 - cache miss judge-request 4e8885b60229
2026-09-22 06:46:55.705 | INFO     | steering_lite.benchmark.cache:cached:37 - cache miss judge-request ad4aa7fc4c7f
2026-09-22 06:46:55.731 | INFO     | steering_lite.benchmark.cache:cached:37 - cache miss judge-request 5d5b731f8171
2026-09-22 06:46:55.856 | INFO     | steering_lite.benchmark.cache:cached:37 - cache miss judge-request 41a6c466aa9a
2026-09-22 06:46:55.899 | INFO     | steering_lite.benchmark.cache:cached:37 - cache miss judge-request 4854a0102b25
2026-09-22 06:46:55.969 | INFO     | steering_lite.benchmark.cache:cached:37 - cache miss judge-request afc303f7bec8
2026-09-22 06:46:56.219 | INFO     | steering_lite.benchmark.cache:cached:37 - cache miss judge-request bbbb7aac676e
2026-09-22 06:46:56.352 | INFO     | steering_lite.benchmark.cache:cached:37 - cache miss judge-request 137b821f14e5
2026-09-22 06:46:56.394 | INFO     | steering_lite.benchmark.cache:cached:37 - cache miss judge-request b8fc858815a3
2026-09-22 06:46:56.405 | INFO     | steering_lite.benchmark.cache:cached:37 - cache miss judge-request 3810def9b494
2026-09-22 06:46:56.497 | INFO     | steering_lite.benchmark.cache:cached:37 - cache miss judge-request d988f7974d60
2026-09-22 06:46:56.531 | INFO     | steering_lite.benchmark.cache:cached:37 - cache miss judge-request db667df3a683
2026-09-22 06:46:56.695 | INFO     | steering_lite.benchmark.cache:cached:37 - cache miss judge-request ad70547ec2f0
2026-09-22 06:46:56.759 | INFO     | steering_lite.benchmark.cache:cached:37 - cache miss judge-request f46e4cc56b9a
2026-09-22 06:46:57.034 | INFO     | steering_lite.benchmark.cache:cached:37 - cache miss judge-request 5a63ae371d4e
2026-09-22 06:46:57.099 | INFO     | steering_lite.benchmark.cache:cached:37 - cache miss judge-request e4f1b3a4a535
2026-09-22 06:46:57.218 | INFO     | steering_lite.benchmark.cache:cached:37 - cache miss judge-request 940a64b61a03
2026-09-22 06:46:57.275 | INFO     | steering_lite.benchmark.cache:cached:37 - cache miss judge-request e1b3fb1b6ce9
2026-09-22 06:46:57.518 | INFO     | steering_lite.benchmark.cache:cached:37 - cache miss judge-request 6cec4f52ff60
2026-09-22 06:46:57.597 | INFO     | steering_lite.benchmark.cache:cached:37 - cache miss judge-request fdf8134503cb
2026-09-22 06:46:57.855 | INFO     | steering_lite.benchmark.cache:cached:37 - cache miss judge-request 7bf1b115240b
2026-09-22 06:46:57.901 | INFO     | steering_lite.benchmark.cache:cached:37 - cache miss judge-request 23b18835a681
2026-09-22 06:46:58.060 | INFO     | steering_lite.benchmark.cache:cached:37 - cache miss judge-request 564e50f5dce8
2026-09-22 06:46:58.130 | INFO     | steering_lite.benchmark.cache:cached:37 - cache miss judge-request afd944a58996
2026-09-22 06:46:58.180 | INFO     | steering_lite.benchmark.cache:cached:37 - cache miss judge-request ad01ab0414e4
2026-09-22 06:46:58.320 | INFO     | steering_lite.benchmark.cache:cached:37 - cache miss judge-request 60a5d16739bc
2026-09-22 06:46:58.590 | INFO     | steering_lite.benchmark.cache:cached:37 - cache miss judge-request 1c01b49280e4
2026-09-22 06:46:58.665 | INFO     | steering_lite.benchmark.cache:cached:37 - cache miss judge-request 6eadc9604dc4
2026-09-22 06:46:58.852 | INFO     | steering_lite.benchmark.cache:cached:37 - cache miss judge-request 80ace4986b84
2026-09-22 06:46:58.884 | INFO     | steering_lite.benchmark.cache:cached:37 - cache miss judge-request 54ffb74cc4ea
2026-09-22 06:46:58.905 | INFO     | steering_lite.benchmark.cache:cached:37 - cache miss judge-request 92040a3322ba
2026-09-22 06:46:58.923 | INFO     | steering_lite.benchmark.cache:cached:37 - cache miss judge-request a3f5ee9a5bf5
2026-09-22 06:46:59.346 | INFO     | steering_lite.benchmark.cache:cached:37 - cache miss judge-request d290e9b3268d
2026-09-22 06:46:59.376 | INFO     | steering_lite.benchmark.cache:cached:37 - cache miss judge-request 67082ea3d415
2026-09-22 06:46:59.533 | INFO     | steering_lite.benchmark.cache:cached:37 - cache miss judge-request 1228615ad9a5
2026-09-22 06:46:59.578 | INFO     | steering_lite.benchmark.cache:cached:37 - cache miss judge-request 039afed2b7d0
2026-09-22 06:46:59.580 | INFO     | steering_lite.benchmark.cache:cached:37 - cache miss judge-request f31ff1f5f958
2026-09-22 06:46:59.603 | INFO     | steering_lite.benchmark.cache:cached:37 - cache miss judge-request 2280e12ab370
2026-09-22 06:46:59.965 | INFO     | steering_lite.benchmark.cache:cached:37 - cache miss judge-request c8c7e5806127
2026-09-22 06:46:59.998 | INFO     | steering_lite.benchmark.cache:cached:37 - cache miss judge-request 59c26191cdaf
2026-09-22 06:47:00.164 | INFO     | steering_lite.benchmark.cache:cached:37 - cache miss judge-request 88d477838694
2026-09-22 06:47:00.246 | INFO     | steering_lite.benchmark.cache:cached:37 - cache miss judge-request 3ad5cc4edbcb
2026-09-22 06:47:00.286 | INFO     | steering_lite.benchmark.cache:cached:37 - cache miss judge-request e34533ff867d
2026-09-22 06:47:00.318 | INFO     | steering_lite.benchmark.cache:cached:37 - cache miss judge-request c8e147fd0574
2026-09-22 06:47:00.610 | INFO     | steering_lite.benchmark.cache:cached:37 - cache miss judge-request ed5d69dd178a
2026-09-22 06:47:00.651 | INFO     | steering_lite.benchmark.cache:cached:37 - cache miss judge-request 7410f39af011
2026-09-22 06:47:00.790 | INFO     | steering_lite.benchmark.cache:cached:37 - cache miss judge-request f5e24506eb8d
2026-09-22 06:47:00.909 | INFO     | steering_lite.benchmark.cache:cached:37 - cache miss judge-request f12139ecdc04
2026-09-22 06:47:00.914 | INFO     | steering_lite.benchmark.cache:cached:37 - cache miss judge-request f95431d606db
2026-09-22 06:47:00.939 | INFO     | steering_lite.benchmark.cache:cached:37 - cache miss judge-request de2f83068529
2026-09-22 06:47:01.274 | INFO     | steering_lite.benchmark.cache:cached:37 - cache miss judge-request 0d4ad80ad559
2026-09-22 06:47:01.319 | INFO     | steering_lite.benchmark.cache:cached:37 - cache miss judge-request 6ac0c30cfe7b
2026-09-22 06:47:01.451 | INFO     | steering_lite.benchmark.cache:cached:37 - cache miss judge-request 4c92bfe153c8
2026-09-22 06:47:01.524 | INFO     | steering_lite.benchmark.cache:cached:37 - cache miss judge-request c14fc5f5998a
2026-09-22 06:47:01.535 | INFO     | steering_lite.benchmark.cache:cached:37 - cache miss judge-request 91a4632fea4f
2026-09-22 06:47:01.548 | INFO     | steering_lite.benchmark.cache:cached:37 - cache miss judge-request bb7a4ef02ae0
2026-09-22 06:47:01.982 | INFO     | steering_lite.benchmark.cache:cached:37 - cache miss judge-request 4deb995747c6
2026-09-22 06:47:02.152 | INFO     | steering_lite.benchmark.cache:cached:37 - cache miss judge-request 7c1c6f893f45
2026-09-22 06:47:02.396 | INFO     | steering_lite.benchmark.cache:cached:37 - cache miss judge-request 603e410c7220
2026-09-22 06:47:02.486 | INFO     | steering_lite.benchmark.cache:cached:37 - cache miss judge-request e9923afd09ea
2026-09-22 06:47:02.486 | INFO     | steering_lite.benchmark.cache:cached:37 - cache miss judge-request faf642b41f76
2026-09-22 06:47:02.516 | INFO     | steering_lite.benchmark.cache:cached:37 - cache miss judge-request bd1a275beb7d
2026-09-22 06:47:02.803 | INFO     | steering_lite.benchmark.cache:cached:37 - cache miss judge-request 382387b7599f
2026-09-22 06:47:02.957 | INFO     | steering_lite.benchmark.cache:cached:37 - cache miss judge-request 4f8a3fab9571
2026-09-22 06:47:03.186 | INFO     | steering_lite.benchmark.cache:cached:37 - cache miss judge-request 0619e994162f
2026-09-22 06:47:03.206 | INFO     | steering_lite.benchmark.cache:cached:37 - cache miss judge-request 1468bb5adb31
2026-09-22 06:47:03.250 | INFO     | steering_lite.benchmark.cache:cached:37 - cache miss judge-request da55e0c6b2a5
2026-09-22 06:47:03.266 | INFO     | steering_lite.benchmark.cache:cached:37 - cache miss judge-request 0a6df52b7af6
2026-09-22 06:47:03.410 | INFO     | steering_lite.benchmark.cache:cached:37 - cache miss judge-request fcd3da3ab03c
2026-09-22 06:47:03.503 | INFO     | steering_lite.benchmark.cache:cached:37 - cache miss judge-request f2510293897a
2026-09-22 06:47:03.718 | INFO     | steering_lite.benchmark.cache:cached:37 - cache miss judge-request 649a1366f015
2026-09-22 06:47:03.735 | INFO     | steering_lite.benchmark.cache:cached:37 - cache miss judge-request 784e924d84b7
2026-09-22 06:47:03.750 | INFO     | steering_lite.benchmark.cache:cached:37 - cache miss judge-request ea8a3da69d28
2026-09-22 06:47:03.782 | INFO     | steering_lite.benchmark.cache:cached:37 - cache miss judge-request 09278e142558
2026-09-22 06:47:03.992 | INFO     | steering_lite.benchmark.cache:cached:37 - cache miss judge-request e2d6183af3d2
2026-09-22 06:47:04.163 | INFO     | steering_lite.benchmark.cache:cached:37 - cache miss judge-request b416d7d9b443
2026-09-22 06:47:04.397 | INFO     | steering_lite.benchmark.cache:cached:37 - cache miss judge-request 78e338ccc987
2026-09-22 06:47:04.402 | INFO     | steering_lite.benchmark.cache:cached:37 - cache miss judge-request 14cfe93af5a6
2026-09-22 06:47:04.422 | INFO     | steering_lite.benchmark.cache:cached:37 - cache miss judge-request abc80078f51e
2026-09-22 06:47:04.490 | INFO     | steering_lite.benchmark.cache:cached:37 - cache miss judge-request f31ee38171b1
2026-09-22 06:47:04.755 | INFO     | steering_lite.benchmark.cache:cached:37 - cache miss judge-request 6d67c4c1fa0e
2026-09-22 06:47:05.003 | INFO     | steering_lite.benchmark.cache:cached:37 - cache miss judge-request 4b684d161b3a
2026-09-22 06:47:05.066 | INFO     | steering_lite.benchmark.cache:cached:37 - cache miss judge-request dd8e919c2ed6
2026-09-22 06:47:05.122 | INFO     | steering_lite.benchmark.cache:cached:37 - cache miss judge-request 320c488484da
2026-09-22 06:47:05.212 | INFO     | steering_lite.benchmark.cache:cached:37 - cache miss judge-request 9aeddcb64e82
2026-09-22 06:47:05.365 | INFO     | steering_lite.benchmark.cache:cached:37 - cache miss judge-request 2d303f12b921
2026-09-22 06:47:05.534 | INFO     | steering_lite.benchmark.cache:cached:37 - cache miss judge-request c0e74843ab07
2026-09-22 06:47:05.905 | INFO     | steering_lite.benchmark.cache:cached:37 - cache miss judge-request 1a8a96d3d660
2026-09-22 06:47:05.939 | INFO     | steering_lite.benchmark.cache:cached:37 - cache miss judge-request c0d12366c7a8
2026-09-22 06:47:05.975 | INFO     | steering_lite.benchmark.cache:cached:37 - cache miss judge-request 1df23721e55c
2026-09-22 06:47:06.074 | INFO     | steering_lite.benchmark.cache:cached:37 - cache miss judge-request f58ab6dcfc27
2026-09-22 06:47:06.236 | INFO     | steering_lite.benchmark.cache:cached:37 - cache miss judge-request 266eb58525d6
2026-09-22 06:47:06.405 | INFO     | steering_lite.benchmark.cache:cached:37 - cache miss judge-request 4b5ef441513d
2026-09-22 06:47:06.701 | INFO     | steering_lite.benchmark.cache:cached:37 - cache miss judge-request 1b3798ba6728
2026-09-22 06:47:06.725 | INFO     | steering_lite.benchmark.cache:cached:37 - cache miss judge-request f6007737abdf
2026-09-22 06:47:06.762 | INFO     | steering_lite.benchmark.cache:cached:37 - cache miss judge-request 2272d55d6a9c
2026-09-22 06:47:06.838 | INFO     | steering_lite.benchmark.cache:cached:37 - cache miss judge-request 5b6be0a37f97
2026-09-22 06:47:06.952 | INFO     | steering_lite.benchmark.cache:cached:37 - cache miss judge-request 562484eac312
2026-09-22 06:47:07.055 | INFO     | steering_lite.benchmark.cache:cached:37 - cache miss judge-request 361dc2dffb31
2026-09-22 06:47:07.314 | INFO     | steering_lite.benchmark.cache:cached:37 - cache miss judge-request 52f4070845bb
2026-09-22 06:47:07.400 | INFO     | steering_lite.benchmark.cache:cached:37 - cache miss judge-request 84f29614af44
2026-09-22 06:47:07.451 | INFO     | steering_lite.benchmark.cache:cached:37 - cache miss judge-request 5c34728dd132
2026-09-22 06:47:07.544 | INFO     | steering_lite.benchmark.cache:cached:37 - cache miss judge-request 95e0567edb93
2026-09-22 06:47:07.721 | INFO     | steering_lite.benchmark.cache:cached:37 - cache miss judge-request a2248fd1907a
2026-09-22 06:47:07.996 | INFO     | steering_lite.benchmark.cache:cached:37 - cache miss judge-request b92255a9258c
2026-09-22 06:47:08.279 | INFO     | steering_lite.benchmark.cache:cached:37 - cache miss judge-request 166ca32a72e3
2026-09-22 06:47:08.385 | INFO     | steering_lite.benchmark.cache:cached:37 - cache miss judge-request ffe784c22ea2
2026-09-22 06:47:08.386 | INFO     | steering_lite.benchmark.cache:cached:37 - cache miss judge-request b0a341fb7d0b
2026-09-22 06:47:08.511 | INFO     | steering_lite.benchmark.cache:cached:37 - cache miss judge-request f492c6ad6acc
2026-09-22 06:47:08.618 | INFO     | steering_lite.benchmark.cache:cached:37 - cache miss judge-request 8b24c6f09c9b
2026-09-22 06:47:08.834 | INFO     | steering_lite.benchmark.cache:cached:37 - cache miss judge-request 84eb667eaa4a
2026-09-22 06:47:09.122 | INFO     | steering_lite.benchmark.cache:cached:37 - cache miss judge-request dfce89983647
2026-09-22 06:47:09.168 | INFO     | steering_lite.benchmark.cache:cached:37 - cache miss judge-request eac0701323b1
2026-09-22 06:47:09.233 | INFO     | steering_lite.benchmark.cache:cached:37 - cache miss judge-request f622909a421c
2026-09-22 06:47:09.308 | INFO     | steering_lite.benchmark.cache:cached:37 - cache miss judge-request eb8cd2f86f26
2026-09-22 06:47:09.378 | INFO     | steering_lite.benchmark.cache:cached:37 - cache miss judge-request 170c529ffc33
2026-09-22 06:47:09.445 | INFO     | steering_lite.benchmark.cache:cached:37 - cache miss judge-request 01589110debb
2026-09-22 06:47:09.884 | INFO     | steering_lite.benchmark.cache:cached:37 - cache miss judge-request 113a114f49d1
2026-09-22 06:47:09.919 | INFO     | steering_lite.benchmark.cache:cached:37 - cache miss judge-request f8fbb10df019
2026-09-22 06:47:09.992 | INFO     | steering_lite.benchmark.cache:cached:37 - cache miss judge-request 5eaca12ad879
2026-09-22 06:47:10.008 | INFO     | steering_lite.benchmark.cache:cached:37 - cache miss judge-request e3a558e0a4d4
2026-09-22 06:47:10.034 | INFO     | steering_lite.benchmark.cache:cached:37 - cache miss judge-request 6c76e53cd6a0
2026-09-22 06:47:10.106 | INFO     | steering_lite.benchmark.cache:cached:37 - cache miss judge-request b9314dd69d87
2026-09-22 06:47:10.591 | INFO     | steering_lite.benchmark.cache:cached:37 - cache miss judge-request 3780dde9266e
2026-09-22 06:47:10.630 | INFO     | steering_lite.benchmark.cache:cached:37 - cache miss judge-request 481a9cc3d57b
2026-09-22 06:47:10.653 | INFO     | steering_lite.benchmark.cache:cached:37 - cache miss judge-request 682ea8328b3b
2026-09-22 06:47:10.683 | INFO     | steering_lite.benchmark.cache:cached:37 - cache miss judge-request 984233d85d2c
2026-09-22 06:47:10.740 | INFO     | steering_lite.benchmark.cache:cached:37 - cache miss judge-request b7eb5548d32a
2026-09-22 06:47:10.808 | INFO     | steering_lite.benchmark.cache:cached:37 - cache miss judge-request ea16e6e44f3a
2026-09-22 06:47:11.318 | INFO     | steering_lite.benchmark.cache:cached:37 - cache miss judge-request 73715ad409ec
2026-09-22 06:47:11.350 | INFO     | steering_lite.benchmark.cache:cached:37 - cache miss judge-request f4b9dc8e8ef7
2026-09-22 06:47:11.376 | INFO     | steering_lite.benchmark.cache:cached:37 - cache miss judge-request 1c192ec8bffd
2026-09-22 06:47:11.376 | INFO     | steering_lite.benchmark.cache:cached:37 - cache miss judge-request 516f95be7b8f
2026-09-22 06:47:11.413 | INFO     | steering_lite.benchmark.cache:cached:37 - cache miss judge-request 4c68ea8b0ec7
2026-09-22 06:47:11.457 | INFO     | steering_lite.benchmark.cache:cached:37 - cache miss judge-request 76be5d665690
2026-09-22 06:47:11.993 | INFO     | steering_lite.benchmark.cache:cached:37 - cache miss judge-request 1d25ad5cffb0
2026-09-22 06:47:12.032 | INFO     | steering_lite.benchmark.cache:cached:37 - cache miss judge-request a82bc75a7eb8
2026-09-22 06:47:12.054 | INFO     | steering_lite.benchmark.cache:cached:37 - cache miss judge-request 5e24e7f7ddda
2026-09-22 06:47:12.085 | INFO     | steering_lite.benchmark.cache:cached:37 - cache miss judge-request c5049509079f
2026-09-22 06:47:12.126 | INFO     | steering_lite.benchmark.cache:cached:37 - cache miss judge-request e95f579d187b
2026-09-22 06:47:12.182 | INFO     | steering_lite.benchmark.cache:cached:37 - cache miss judge-request 295fa86e13b1
2026-09-22 06:47:12.943 | INFO     | steering_lite.benchmark.cache:cached:37 - cache miss judge-request 827241869540
2026-09-22 06:47:13.070 | INFO     | steering_lite.benchmark.cache:cached:37 - cache miss judge-request 5b7f814188e8
2026-09-22 06:47:13.107 | INFO     | steering_lite.benchmark.cache:cached:37 - cache miss judge-request cc89c2b71955
2026-09-22 06:47:13.133 | INFO     | steering_lite.benchmark.cache:cached:37 - cache miss judge-request 98f7457cb4d4
2026-09-22 06:47:13.206 | INFO     | steering_lite.benchmark.cache:cached:37 - cache miss judge-request 714c8778b122
2026-09-22 06:47:13.327 | INFO     | steering_lite.benchmark.cache:cached:37 - cache miss judge-request 69e8d12f5076
2026-09-22 06:47:13.938 | INFO     | steering_lite.benchmark.cache:cached:37 - cache miss judge-request f16b7eb6484e
2026-09-22 06:47:13.965 | INFO     | steering_lite.benchmark.cache:cached:37 - cache miss judge-request ba0d5a4db738
2026-09-22 06:47:13.991 | INFO     | steering_lite.benchmark.cache:cached:37 - cache miss judge-request 1b2c7458d751
2026-09-22 06:47:14.034 | INFO     | steering_lite.benchmark.cache:cached:37 - cache miss judge-request 4296ca4b2f2a
2026-09-22 06:47:14.043 | INFO     | steering_lite.benchmark.cache:cached:37 - cache miss judge-request 432a15971d89
2026-09-22 06:47:14.082 | INFO     | steering_lite.benchmark.cache:cached:37 - cache miss judge-request fce8d99117d5
2026-09-22 06:47:14.668 | INFO     | steering_lite.benchmark.cache:cached:37 - cache miss judge-request 095d4b69f981
2026-09-22 06:47:14.700 | INFO     | steering_lite.benchmark.cache:cached:37 - cache miss judge-request 29df293b4dc6
2026-09-22 06:47:14.745 | INFO     | steering_lite.benchmark.cache:cached:37 - cache miss judge-request 51e20bbdb9ef
2026-09-22 06:47:14.803 | INFO     | steering_lite.benchmark.cache:cached:37 - cache miss judge-request 7594dfc555e5
2026-09-22 06:47:14.808 | INFO     | steering_lite.benchmark.cache:cached:37 - cache miss judge-request a0d5d9d4b729
2026-09-22 06:47:14.849 | INFO     | steering_lite.benchmark.cache:cached:37 - cache miss judge-request 7535b456926c
2026-09-22 06:47:15.546 | INFO     | steering_lite.benchmark.cache:cached:37 - cache miss judge-request 575d964c0d39
2026-09-22 06:47:15.579 | INFO     | steering_lite.benchmark.cache:cached:37 - cache miss judge-request 7d75a36fc3b6
2026-09-22 06:47:15.597 | INFO     | steering_lite.benchmark.cache:cached:37 - cache miss judge-request 3710d2d5c4b4
2026-09-22 06:47:15.619 | INFO     | steering_lite.benchmark.cache:cached:37 - cache miss judge-request 54fea5dae8c7
2026-09-22 06:47:15.651 | INFO     | steering_lite.benchmark.cache:cached:37 - cache miss judge-request 812151597834
2026-09-22 06:47:15.693 | INFO     | steering_lite.benchmark.cache:cached:37 - cache miss judge-request 90d0c60b00e2
2026-09-22 06:47:16.345 | INFO     | steering_lite.benchmark.cache:cached:37 - cache miss judge-request 4bd445f019bc
2026-09-22 06:47:16.368 | INFO     | steering_lite.benchmark.cache:cached:37 - cache miss judge-request 80c88c775386
2026-09-22 06:47:16.414 | INFO     | steering_lite.benchmark.cache:cached:37 - cache miss judge-request 1cd0aa2fda6c
2026-09-22 06:47:16.436 | INFO     | steering_lite.benchmark.cache:cached:37 - cache miss judge-request 8b6629671612
2026-09-22 06:47:16.484 | INFO     | steering_lite.benchmark.cache:cached:37 - cache miss judge-request 0e881cd652a5
2026-09-22 06:47:16.512 | INFO     | steering_lite.benchmark.cache:cached:37 - cache miss judge-request d6baca7bb4e8
2026-09-22 06:47:17.217 | INFO     | steering_lite.benchmark.cache:cached:37 - cache miss judge-request a2ac6bde2617
2026-09-22 06:47:17.238 | INFO     | steering_lite.benchmark.cache:cached:37 - cache miss judge-request be2d0973dea5
2026-09-22 06:47:17.328 | INFO     | steering_lite.benchmark.cache:cached:37 - cache miss judge-request ce58775e0753
2026-09-22 06:47:17.407 | INFO     | steering_lite.benchmark.cache:cached:37 - cache miss judge-request a7d7351ca9f1
2026-09-22 06:47:17.425 | INFO     | steering_lite.benchmark.cache:cached:37 - cache miss judge-request 0bbec11af1b3
2026-09-22 06:47:17.472 | INFO     | steering_lite.benchmark.cache:cached:37 - cache miss judge-request fb23ea0b5b05
2026-09-22 06:47:17.737 | INFO     | steering_lite.benchmark.cache:cached:37 - cache miss judge-request b710adf36f50
2026-09-22 06:47:18.127 | INFO     | steering_lite.benchmark.cache:cached:37 - cache miss judge-request 537246bad0ae
2026-09-22 06:47:18.223 | INFO     | steering_lite.benchmark.cache:cached:37 - cache miss judge-request a9d4d2986e32
2026-09-22 06:47:18.269 | INFO     | steering_lite.benchmark.cache:cached:37 - cache miss judge-request 99766da4c242
2026-09-22 06:47:18.322 | INFO     | steering_lite.benchmark.cache:cached:37 - cache miss judge-request cde001d5ca92
2026-09-22 06:47:18.380 | INFO     | steering_lite.benchmark.cache:cached:37 - cache miss judge-request 151b2869b146
2026-09-22 06:47:18.947 | INFO     | steering_lite.benchmark.cache:cached:37 - cache miss judge-request 9cc64cc61fae
2026-09-22 06:47:19.390 | INFO     | steering_lite.benchmark.cache:cached:37 - cache miss judge-request e5febff724e7
2026-09-22 06:47:19.459 | INFO     | steering_lite.benchmark.cache:cached:37 - cache miss judge-request 8f82f810124a
2026-09-22 06:47:19.492 | INFO     | steering_lite.benchmark.cache:cached:37 - cache miss judge-request 7244373d5147
2026-09-22 06:47:19.524 | INFO     | steering_lite.benchmark.cache:cached:37 - cache miss judge-request 5eed630abcdf
2026-09-22 06:47:19.567 | INFO     | steering_lite.benchmark.cache:cached:37 - cache miss judge-request f84df065c331
2026-09-22 06:47:19.900 | INFO     | steering_lite.benchmark.cache:cached:37 - cache miss judge-request f54525c42beb
2026-09-22 06:47:20.308 | INFO     | steering_lite.benchmark.cache:cached:37 - cache miss judge-request 5e70da8da4c6
2026-09-22 06:47:20.360 | INFO     | steering_lite.benchmark.cache:cached:37 - cache miss judge-request d13971ce7a48
2026-09-22 06:47:20.406 | INFO     | steering_lite.benchmark.cache:cached:37 - cache miss judge-request cbb404c434f3
2026-09-22 06:47:20.444 | INFO     | steering_lite.benchmark.cache:cached:37 - cache miss judge-request e61488e5bbf1
2026-09-22 06:47:20.487 | INFO     | steering_lite.benchmark.cache:cached:37 - cache miss judge-request 69ae1e1b27c9
2026-09-22 06:47:20.824 | INFO     | steering_lite.benchmark.cache:cached:37 - cache miss judge-request c581c645bc63
2026-09-22 06:47:21.241 | INFO     | steering_lite.benchmark.cache:cached:37 - cache miss judge-request 87e07fd18ed7
2026-09-22 06:47:21.322 | INFO     | steering_lite.benchmark.cache:cached:37 - cache miss judge-request 02011dc46046
2026-09-22 06:47:21.345 | INFO     | steering_lite.benchmark.cache:cached:37 - cache miss judge-request e89de3153c4f
2026-09-22 06:47:21.371 | INFO     | steering_lite.benchmark.cache:cached:37 - cache miss judge-request 709d0b267b4c
2026-09-22 06:47:21.423 | INFO     | steering_lite.benchmark.cache:cached:37 - cache miss judge-request d9b1543ce054
2026-09-22 06:47:21.615 | INFO     | steering_lite.benchmark.cache:cached:37 - cache miss judge-request 34f195a4190c
2026-09-22 06:47:22.083 | INFO     | steering_lite.benchmark.cache:cached:37 - cache miss judge-request 31be759248d1
2026-09-22 06:47:22.197 | INFO     | steering_lite.benchmark.cache:cached:37 - cache miss judge-request 2b5c13a4bc02
2026-09-22 06:47:22.255 | INFO     | steering_lite.benchmark.cache:cached:37 - cache miss judge-request e5b9edaba6cf
2026-09-22 06:47:22.262 | INFO     | steering_lite.benchmark.cache:cached:37 - cache miss judge-request 84f1b0160fd8
2026-09-22 06:47:22.347 | INFO     | steering_lite.benchmark.cache:cached:37 - cache miss judge-request 49d3340e312c
2026-09-22 06:47:22.582 | INFO     | steering_lite.benchmark.cache:cached:37 - cache miss judge-request d87d250df643
2026-09-22 06:47:22.947 | INFO     | steering_lite.benchmark.cache:cached:37 - cache miss judge-request 882e64fa9999
2026-09-22 06:47:23.083 | INFO     | steering_lite.benchmark.cache:cached:37 - cache miss judge-request 2a589809033e
2026-09-22 06:47:23.088 | INFO     | steering_lite.benchmark.cache:cached:37 - cache miss judge-request 9068bc187b22
2026-09-22 06:47:23.121 | INFO     | steering_lite.benchmark.cache:cached:37 - cache miss judge-request 5ba6027bd444
2026-09-22 06:47:23.224 | INFO     | steering_lite.benchmark.cache:cached:37 - cache miss judge-request 8db6591a8361
2026-09-22 06:47:23.481 | INFO     | steering_lite.benchmark.cache:cached:37 - cache miss judge-request ce220b561a86
2026-09-22 06:47:23.934 | INFO     | steering_lite.benchmark.cache:cached:37 - cache miss judge-request 05dbdf1a1a55
2026-09-22 06:47:24.065 | INFO     | steering_lite.benchmark.cache:cached:37 - cache miss judge-request 953622509365
2026-09-22 06:47:24.073 | INFO     | steering_lite.benchmark.cache:cached:37 - cache miss judge-request d471d5c7f7ff
2026-09-22 06:47:24.144 | INFO     | steering_lite.benchmark.cache:cached:37 - cache miss judge-request 7b0484bba681
2026-09-22 06:47:24.198 | INFO     | steering_lite.benchmark.cache:cached:37 - cache miss judge-request d54af48a7d16
2026-09-22 06:47:24.488 | INFO     | steering_lite.benchmark.cache:cached:37 - cache miss judge-request 82151f02fa85
2026-09-22 06:47:24.705 | INFO     | steering_lite.benchmark.cache:cached:37 - cache miss judge-request 83612ace9c5b
2026-09-22 06:47:24.879 | INFO     | steering_lite.benchmark.cache:cached:37 - cache miss judge-request 0edf5f24440f
2026-09-22 06:47:24.879 | INFO     | steering_lite.benchmark.cache:cached:37 - cache miss judge-request ab7e171e051e
2026-09-22 06:47:24.977 | INFO     | steering_lite.benchmark.cache:cached:37 - cache miss judge-request 65a5a783b09a
2026-09-22 06:47:25.009 | INFO     | steering_lite.benchmark.cache:cached:37 - cache miss judge-request dbb382904f64
2026-09-22 06:47:25.343 | INFO     | steering_lite.benchmark.cache:cached:37 - cache miss judge-request 8981b8c8002b
2026-09-22 06:47:25.723 | INFO     | steering_lite.benchmark.cache:cached:37 - cache miss judge-request e8a00044c1f3
2026-09-22 06:47:25.770 | INFO     | steering_lite.benchmark.cache:cached:37 - cache miss judge-request 0b7549d8070c
2026-09-22 06:47:25.930 | INFO     | steering_lite.benchmark.cache:cached:37 - cache miss judge-request 483385d78194
2026-09-22 06:47:26.063 | INFO     | steering_lite.benchmark.cache:cached:37 - cache miss judge-request cfdbaec1bfcf
2026-09-22 06:47:26.100 | INFO     | steering_lite.benchmark.cache:cached:37 - cache miss judge-request f6fead0f300d
2026-09-22 06:47:26.419 | INFO     | steering_lite.benchmark.cache:cached:37 - cache miss judge-request 771351ed9ed1
2026-09-22 06:47:26.785 | INFO     | steering_lite.benchmark.cache:cached:37 - cache miss judge-request 27aec9017096
2026-09-22 06:47:26.843 | INFO     | steering_lite.benchmark.cache:cached:37 - cache miss judge-request c2e75ae8fefb
2026-09-22 06:47:26.982 | INFO     | steering_lite.benchmark.cache:cached:37 - cache miss judge-request 35e7b719e232
2026-09-22 06:47:27.061 | INFO     | steering_lite.benchmark.cache:cached:37 - cache miss judge-request fb04728092d3
2026-09-22 06:47:27.105 | INFO     | steering_lite.benchmark.cache:cached:37 - cache miss judge-request dabb8b1f4131
2026-09-22 06:47:27.274 | INFO     | steering_lite.benchmark.cache:cached:37 - cache miss judge-request c609012ecbb3
2026-09-22 06:47:27.573 | INFO     | steering_lite.benchmark.cache:cached:37 - cache miss judge-request 26e69839bca9
2026-09-22 06:47:27.604 | INFO     | steering_lite.benchmark.cache:cached:37 - cache miss judge-request 356b447d0c1e
2026-09-22 06:47:27.679 | INFO     | steering_lite.benchmark.cache:cached:37 - cache miss judge-request 606ff8534388
2026-09-22 06:47:27.871 | INFO     | steering_lite.benchmark.cache:cached:37 - cache miss judge-request fd552fd9f75d
2026-09-22 06:47:27.946 | INFO     | steering_lite.benchmark.cache:cached:37 - cache miss judge-request c0b8a93f2976
2026-09-22 06:47:28.301 | INFO     | steering_lite.benchmark.cache:cached:37 - cache miss judge-request cf5504f8a8c9
2026-09-22 06:47:28.538 | INFO     | steering_lite.benchmark.cache:cached:37 - cache miss judge-request 8ecf627d928e
2026-09-22 06:47:28.564 | INFO     | steering_lite.benchmark.cache:cached:37 - cache miss judge-request 92e6f51d5504
2026-09-22 06:47:28.664 | INFO     | steering_lite.benchmark.cache:cached:37 - cache miss judge-request 67ea8d0f190a
2026-09-22 06:47:28.829 | INFO     | steering_lite.benchmark.cache:cached:37 - cache miss judge-request 1f43fcbb5fb6
2026-09-22 06:47:28.878 | INFO     | steering_lite.benchmark.cache:cached:37 - cache miss judge-request 1942759a1958
2026-09-22 06:47:29.169 | INFO     | steering_lite.benchmark.cache:cached:37 - cache miss judge-request ba126cdf00ba
2026-09-22 06:47:29.547 | INFO     | steering_lite.benchmark.cache:cached:37 - cache miss judge-request d00825a45b98
2026-09-22 06:47:29.591 | INFO     | steering_lite.benchmark.cache:cached:37 - cache miss judge-request 28daac47b374
2026-09-22 06:47:29.766 | INFO     | steering_lite.benchmark.cache:cached:37 - cache miss judge-request 5a2032d15a93
2026-09-22 06:47:29.951 | INFO     | steering_lite.benchmark.cache:cached:37 - cache miss judge-request 08d46e072a06
2026-09-22 06:47:29.997 | INFO     | steering_lite.benchmark.cache:cached:37 - cache miss judge-request e0397d35132f
2026-09-22 06:47:30.277 | INFO     | steering_lite.benchmark.cache:cached:37 - cache miss judge-request 74e55bd5ef85
2026-09-22 06:47:30.517 | INFO     | steering_lite.benchmark.cache:cached:37 - cache miss judge-request 22ed33f91f24
2026-09-22 06:47:30.533 | INFO     | steering_lite.benchmark.cache:cached:37 - cache miss judge-request fa105bdddc3b
2026-09-22 06:47:30.604 | INFO     | steering_lite.benchmark.cache:cached:37 - cache miss judge-request 3584bcca5d7d
2026-09-22 06:47:30.749 | INFO     | steering_lite.benchmark.cache:cached:37 - cache miss judge-request 2098683d8bb5
2026-09-22 06:47:30.798 | INFO     | steering_lite.benchmark.cache:cached:37 - cache miss judge-request f294ba565865
2026-09-22 06:47:31.080 | INFO     | steering_lite.benchmark.cache:cached:37 - cache miss judge-request 8f948b3083e5
2026-09-22 06:47:31.337 | INFO     | steering_lite.benchmark.cache:cached:37 - cache miss judge-request 0811a7ed5a85
2026-09-22 06:47:31.355 | INFO     | steering_lite.benchmark.cache:cached:37 - cache miss judge-request 3dd161a259c5
2026-09-22 06:47:31.502 | INFO     | steering_lite.benchmark.cache:cached:37 - cache miss judge-request 4d273533428a
2026-09-22 06:47:31.684 | INFO     | steering_lite.benchmark.cache:cached:37 - cache miss judge-request 618647ae0ccc
2026-09-22 06:47:31.745 | INFO     | steering_lite.benchmark.cache:cached:37 - cache miss judge-request 07bc2bc63da0
2026-09-22 06:47:32.044 | INFO     | steering_lite.benchmark.cache:cached:37 - cache miss judge-request b2e4c486a02e
2026-09-22 06:47:32.287 | INFO     | steering_lite.benchmark.cache:cached:37 - cache miss judge-request c3772e6b8b79
2026-09-22 06:47:32.335 | INFO     | steering_lite.benchmark.cache:cached:37 - cache miss judge-request 8712c1c1f359
2026-09-22 06:47:32.459 | INFO     | steering_lite.benchmark.cache:cached:37 - cache miss judge-request e2140c660c28
2026-09-22 06:47:32.550 | INFO     | steering_lite.benchmark.cache:cached:37 - cache miss judge-request 1f9e893eccf3
2026-09-22 06:47:32.559 | INFO     | steering_lite.benchmark.cache:cached:37 - cache miss judge-request 7b15e747d34b
2026-09-22 06:47:32.860 | INFO     | steering_lite.benchmark.cache:cached:37 - cache miss judge-request 02b288e3d437
2026-09-22 06:47:33.032 | INFO     | steering_lite.benchmark.cache:cached:37 - cache miss judge-request 7a6413305944
2026-09-22 06:47:33.134 | INFO     | steering_lite.benchmark.cache:cached:37 - cache miss judge-request 855f0072bbc1
2026-09-22 06:47:33.292 | INFO     | steering_lite.benchmark.cache:cached:37 - cache miss judge-request 3d65316728ce
2026-09-22 06:47:33.395 | INFO     | steering_lite.benchmark.cache:cached:37 - cache miss judge-request 47d3fc6a85e1
2026-09-22 06:47:33.438 | INFO     | steering_lite.benchmark.cache:cached:37 - cache miss judge-request f8f7afe6210b
2026-09-22 06:47:33.796 | INFO     | steering_lite.benchmark.cache:cached:37 - cache miss judge-request ee0c2b0a1ebd
2026-09-22 06:47:33.988 | INFO     | steering_lite.benchmark.cache:cached:37 - cache miss judge-request 60414bfbf28d
2026-09-22 06:47:34.061 | INFO     | steering_lite.benchmark.cache:cached:37 - cache miss judge-request b2ff82599d5b
2026-09-22 06:47:34.163 | INFO     | steering_lite.benchmark.cache:cached:37 - cache miss judge-request 882e7ac0986c
2026-09-22 06:47:34.309 | INFO     | steering_lite.benchmark.cache:cached:37 - cache miss judge-request 8788c554d610
2026-09-22 06:47:34.349 | INFO     | steering_lite.benchmark.cache:cached:37 - cache miss judge-request a13c984ec8c1
2026-09-22 06:47:34.680 | INFO     | steering_lite.benchmark.cache:cached:37 - cache miss judge-request 29ecafeb28e9
2026-09-22 06:47:34.683 | INFO     | steering_lite.benchmark.cache:cached:37 - cache miss judge-request 8efb7c48bd1f
2026-09-22 06:47:34.822 | INFO     | steering_lite.benchmark.cache:cached:37 - cache miss judge-request d34060d58077
2026-09-22 06:47:34.914 | INFO     | steering_lite.benchmark.cache:cached:37 - cache miss judge-request 12c52bbc31c1
2026-09-22 06:47:35.126 | INFO     | steering_lite.benchmark.cache:cached:37 - cache miss judge-request f215070eb953
2026-09-22 06:47:35.198 | INFO     | steering_lite.benchmark.cache:cached:37 - cache miss judge-request 366aa18d1d16
2026-09-22 06:47:35.549 | INFO     | steering_lite.benchmark.cache:cached:37 - cache miss judge-request e588241b7145
2026-09-22 06:47:35.594 | INFO     | steering_lite.benchmark.cache:cached:37 - cache miss judge-request c320540ce4a3
2026-09-22 06:47:35.796 | INFO     | steering_lite.benchmark.cache:cached:37 - cache miss judge-request 25f4d8a8f580
2026-09-22 06:47:35.901 | INFO     | steering_lite.benchmark.cache:cached:37 - cache miss judge-request b498789f9488
2026-09-22 06:47:36.099 | INFO     | steering_lite.benchmark.cache:cached:37 - cache miss judge-request 2c4e306a1b30
2026-09-22 06:47:36.228 | INFO     | steering_lite.benchmark.cache:cached:37 - cache miss judge-request a173db8eaf83
2026-09-22 06:47:36.696 | INFO     | steering_lite.benchmark.cache:cached:37 - cache miss final-health cd7e5058e48d
2026-09-22 06:47:36.699 | INFO     | steering_lite.benchmark.cache:cached:37 - cache miss final-aware 8599b14df5d6
2026-09-22 06:47:36.702 | INFO     | steering_lite.benchmark.cache:cached:37 - cache miss final-blind 09e6275f005a
2026-09-22 06:47:36.777 | INFO     | steering_lite.data.personas:load_suffixes:47 - Loaded 200 branching suffixes
2026-09-22 06:47:36.785 | INFO     | steering_lite.benchmark.cache:cached:37 - cache miss calibration-candidates 6ab77d0f103c
2026-09-22 06:47:36.868 | INFO     | steering_lite.benchmark.cache:cached:37 - cache miss candidate-judgments bf09932d9b8c
2026-09-22 06:47:36.871 | INFO     | steering_lite.benchmark.cache:cached:37 - cache miss judge-request c632ae7ca703
2026-09-22 06:47:36.871 | INFO     | steering_lite.benchmark.cache:cached:37 - cache miss judge-request 2a77856c1de2
2026-09-22 06:47:36.871 | INFO     | steering_lite.benchmark.cache:cached:37 - cache miss judge-request 8bac04ce894b
2026-09-22 06:47:36.872 | INFO     | steering_lite.benchmark.cache:cached:37 - cache miss judge-request 6ed07b39ed0b
2026-09-22 06:47:36.871 | INFO     | steering_lite.benchmark.cache:cached:37 - cache miss judge-request 953027325ac9
2026-09-22 06:47:36.880 | INFO     | steering_lite.benchmark.cache:cached:37 - cache miss judge-request 333447185f51
2026-09-22 06:47:37.485 | INFO     | steering_lite.benchmark.cache:cached:37 - cache miss judge-request 8f90abf4ef28
2026-09-22 06:47:37.726 | INFO     | steering_lite.benchmark.cache:cached:37 - cache miss judge-request d22ced5fa35f
2026-09-22 06:47:37.746 | INFO     | steering_lite.benchmark.cache:cached:37 - cache miss judge-request 304a8dc52d44
2026-09-22 06:47:37.798 | INFO     | steering_lite.benchmark.cache:cached:37 - cache miss judge-request b31323c56fc8
2026-09-22 06:47:37.826 | INFO     | steering_lite.benchmark.cache:cached:37 - cache miss judge-request 59bf63457a5b
2026-09-22 06:47:37.888 | INFO     | steering_lite.benchmark.cache:cached:37 - cache miss judge-request d12292cb3855
2026-09-22 06:47:38.264 | INFO     | steering_lite.benchmark.cache:cached:37 - cache miss judge-request 348435732a1c
2026-09-22 06:47:38.458 | INFO     | steering_lite.benchmark.cache:cached:37 - cache miss judge-request aed269fad4c5
2026-09-22 06:47:38.544 | INFO     | steering_lite.benchmark.cache:cached:37 - cache miss judge-request 656a99f4aa16
2026-09-22 06:47:38.593 | INFO     | steering_lite.benchmark.cache:cached:37 - cache miss judge-request 6dd42dd455e6
2026-09-22 06:47:38.606 | INFO     | steering_lite.benchmark.cache:cached:37 - cache miss judge-request 6594be6af475
2026-09-22 06:47:38.639 | INFO     | steering_lite.benchmark.cache:cached:37 - cache miss judge-request 8b09d1885e9a
2026-09-22 06:47:39.168 | INFO     | steering_lite.benchmark.cache:cached:37 - cache miss judge-request d3e4106a383b
2026-09-22 06:47:39.346 | INFO     | steering_lite.benchmark.cache:cached:37 - cache miss judge-request 77f4aa3fce38
2026-09-22 06:47:39.406 | INFO     | steering_lite.benchmark.cache:cached:37 - cache miss judge-request 4e81da61e8eb
2026-09-22 06:47:39.436 | INFO     | steering_lite.benchmark.cache:cached:37 - cache miss judge-request e1273e300bee
2026-09-22 06:47:39.473 | INFO     | steering_lite.benchmark.cache:cached:37 - cache miss judge-request 71c7ecebf904
2026-09-22 06:47:39.531 | INFO     | steering_lite.benchmark.cache:cached:37 - cache miss judge-request 795bfe687451
2026-09-22 06:47:39.918 | INFO     | steering_lite.benchmark.cache:cached:37 - cache miss judge-request 20fb26ff1319
2026-09-22 06:47:40.013 | INFO     | steering_lite.benchmark.cache:cached:37 - cache miss judge-request ce534b3220db
2026-09-22 06:47:40.133 | INFO     | steering_lite.benchmark.cache:cached:37 - cache miss judge-request 2744762f2b5c
2026-09-22 06:47:40.150 | INFO     | steering_lite.benchmark.cache:cached:37 - cache miss judge-request eb3f599b2df1
2026-09-22 06:47:40.202 | INFO     | steering_lite.benchmark.cache:cached:37 - cache miss judge-request 060ff4efa1be
2026-09-22 06:47:40.283 | INFO     | steering_lite.benchmark.cache:cached:37 - cache miss judge-request 26cbeabf8b11
2026-09-22 06:47:40.959 | INFO     | steering_lite.benchmark.cache:cached:37 - cache miss judge-request 1c63c5a98842
2026-09-22 06:47:41.096 | INFO     | steering_lite.benchmark.cache:cached:37 - cache miss judge-request 620c2be166a8
2026-09-22 06:47:41.132 | INFO     | steering_lite.benchmark.cache:cached:37 - cache miss judge-request afadc93da469
2026-09-22 06:47:41.248 | INFO     | steering_lite.benchmark.cache:cached:37 - cache miss judge-request 5a817465826b
2026-09-22 06:47:41.251 | INFO     | steering_lite.benchmark.cache:cached:37 - cache miss judge-request 795d11793d6b
2026-09-22 06:47:41.279 | INFO     | steering_lite.benchmark.cache:cached:37 - cache miss judge-request 04a1510e6926
2026-09-22 06:47:41.753 | INFO     | steering_lite.benchmark.cache:cached:37 - cache miss judge-request 077a21761fd3
2026-09-22 06:47:41.886 | INFO     | steering_lite.benchmark.cache:cached:37 - cache miss judge-request 0a75caf8b3cb
2026-09-22 06:47:41.933 | INFO     | steering_lite.benchmark.cache:cached:37 - cache miss judge-request 62f0d66f6ea2
2026-09-22 06:47:41.984 | INFO     | steering_lite.benchmark.cache:cached:37 - cache miss judge-request fc35a51c1f3a
2026-09-22 06:47:42.014 | INFO     | steering_lite.benchmark.cache:cached:37 - cache miss judge-request 5e66f656b224
2026-09-22 06:47:42.076 | INFO     | steering_lite.benchmark.cache:cached:37 - cache miss judge-request 946babb69ae3
2026-09-22 06:47:42.532 | INFO     | steering_lite.benchmark.cache:cached:37 - cache miss judge-request d8ad5bf98298
2026-09-22 06:47:42.737 | INFO     | steering_lite.benchmark.cache:cached:37 - cache miss judge-request 060f1fced646
2026-09-22 06:47:42.816 | INFO     | steering_lite.benchmark.cache:cached:37 - cache miss judge-request 51cca3466b28
2026-09-22 06:47:42.855 | INFO     | steering_lite.benchmark.cache:cached:37 - cache miss judge-request 9a4d20c257ad
2026-09-22 06:47:42.902 | INFO     | steering_lite.benchmark.cache:cached:37 - cache miss judge-request 42943ac625ed
2026-09-22 06:47:42.919 | INFO     | steering_lite.benchmark.cache:cached:37 - cache miss judge-request bc46bf231b98
2026-09-22 06:47:43.804 | INFO     | steering_lite.benchmark.cache:cached:37 - cache miss candidate-health ddee0ef431b5
2026-09-22 06:47:43.807 | INFO     | steering_lite.benchmark.cache:cached:37 - cache miss candidate-aware ff9577926f9d
2026-09-22 06:47:43.809 | INFO     | steering_lite.benchmark.cache:cached:37 - cache miss candidate-blind 40ef61b2fb40
2026-09-22 06:47:43.812 | INFO     | steering_lite.benchmark.cache:cached:37 - cache miss final-generation 64ecf7eae170
2026-09-22 06:47:43.892 | INFO     | steering_lite.benchmark.cache:cached:37 - cache miss final-judgments ef39045f6322
2026-09-22 06:47:43.909 | INFO     | steering_lite.benchmark.cache:cached:37 - cache miss judge-request 1e0837813ffd
2026-09-22 06:47:43.909 | INFO     | steering_lite.benchmark.cache:cached:37 - cache miss judge-request b5e3f57f142c
2026-09-22 06:47:43.909 | INFO     | steering_lite.benchmark.cache:cached:37 - cache miss judge-request 71da3323174e
2026-09-22 06:47:43.910 | INFO     | steering_lite.benchmark.cache:cached:37 - cache miss judge-request 3cbd319e12b6
2026-09-22 06:47:43.909 | INFO     | steering_lite.benchmark.cache:cached:37 - cache miss judge-request 590344c10d11
2026-09-22 06:47:43.911 | INFO     | steering_lite.benchmark.cache:cached:37 - cache miss judge-request 92b4725286a4
2026-09-22 06:47:44.554 | INFO     | steering_lite.benchmark.cache:cached:37 - cache miss judge-request e9311a2a1405
2026-09-22 06:47:44.606 | INFO     | steering_lite.benchmark.cache:cached:37 - cache miss judge-request ddf3cdf0360e
2026-09-22 06:47:44.638 | INFO     | steering_lite.benchmark.cache:cached:37 - cache miss judge-request 68ec627cc97d
2026-09-22 06:47:44.654 | INFO     | steering_lite.benchmark.cache:cached:37 - cache miss judge-request 376ee8e2afa9
2026-09-22 06:47:44.699 | INFO     | steering_lite.benchmark.cache:cached:37 - cache miss judge-request 61e746e9170d
2026-09-22 06:47:44.736 | INFO     | steering_lite.benchmark.cache:cached:37 - cache miss judge-request 78c3630699a4
2026-09-22 06:47:45.621 | INFO     | steering_lite.benchmark.cache:cached:37 - cache miss judge-request 5165699c1782
2026-09-22 06:47:45.623 | INFO     | steering_lite.benchmark.cache:cached:37 - cache miss judge-request 47f89ceac24f
2026-09-22 06:47:45.671 | INFO     | steering_lite.benchmark.cache:cached:37 - cache miss judge-request c04d59515fbb
2026-09-22 06:47:45.717 | INFO     | steering_lite.benchmark.cache:cached:37 - cache miss judge-request da11e692bf32
2026-09-22 06:47:45.753 | INFO     | steering_lite.benchmark.cache:cached:37 - cache miss judge-request 7aba7f58a5da
2026-09-22 06:47:45.790 | INFO     | steering_lite.benchmark.cache:cached:37 - cache miss judge-request 6acde3f8bd6f
2026-09-22 06:47:46.824 | INFO     | steering_lite.benchmark.cache:cached:37 - cache miss judge-request 034d1e2d95fe
2026-09-22 06:47:46.856 | INFO     | steering_lite.benchmark.cache:cached:37 - cache miss judge-request cf19e756db6d
2026-09-22 06:47:46.891 | INFO     | steering_lite.benchmark.cache:cached:37 - cache miss judge-request cab9004d9f1a
2026-09-22 06:47:46.934 | INFO     | steering_lite.benchmark.cache:cached:37 - cache miss judge-request bfbaef326e2f
2026-09-22 06:47:46.956 | INFO     | steering_lite.benchmark.cache:cached:37 - cache miss judge-request 34b20021328d
2026-09-22 06:47:46.996 | INFO     | steering_lite.benchmark.cache:cached:37 - cache miss judge-request 3a69d0e84140
2026-09-22 06:47:47.777 | INFO     | steering_lite.benchmark.cache:cached:37 - cache miss judge-request c7c29367fadc
2026-09-22 06:47:47.812 | INFO     | steering_lite.benchmark.cache:cached:37 - cache miss judge-request 1fd1d9ccb05a
2026-09-22 06:47:47.877 | INFO     | steering_lite.benchmark.cache:cached:37 - cache miss judge-request c204f04c43a7
2026-09-22 06:47:47.890 | INFO     | steering_lite.benchmark.cache:cached:37 - cache miss judge-request 56ece79dd9fb
2026-09-22 06:47:47.935 | INFO     | steering_lite.benchmark.cache:cached:37 - cache miss judge-request a1c6602b5cdb
2026-09-22 06:47:47.964 | INFO     | steering_lite.benchmark.cache:cached:37 - cache miss judge-request 06e54f9adcb9
2026-09-22 06:47:48.620 | INFO     | steering_lite.benchmark.cache:cached:37 - cache miss judge-request 0570f5ccf747
2026-09-22 06:47:48.626 | INFO     | steering_lite.benchmark.cache:cached:37 - cache miss judge-request 866f3b5c6d13
2026-09-22 06:47:48.652 | INFO     | steering_lite.benchmark.cache:cached:37 - cache miss judge-request f1db319dce8a
2026-09-22 06:47:48.728 | INFO     | steering_lite.benchmark.cache:cached:37 - cache miss judge-request 735573c3dfef
2026-09-22 06:47:48.740 | INFO     | steering_lite.benchmark.cache:cached:37 - cache miss judge-request 529b559282a0
2026-09-22 06:47:48.831 | INFO     | steering_lite.benchmark.cache:cached:37 - cache miss judge-request d7dcb55d2653
2026-09-22 06:47:49.665 | INFO     | steering_lite.benchmark.cache:cached:37 - cache miss judge-request 5fecc75ff9f0
2026-09-22 06:47:49.727 | INFO     | steering_lite.benchmark.cache:cached:37 - cache miss judge-request 44df752ef51d
2026-09-22 06:47:49.810 | INFO     | steering_lite.benchmark.cache:cached:37 - cache miss judge-request 96776a3520aa
2026-09-22 06:47:49.840 | INFO     | steering_lite.benchmark.cache:cached:37 - cache miss judge-request 8c66278bd09e
2026-09-22 06:47:49.856 | INFO     | steering_lite.benchmark.cache:cached:37 - cache miss judge-request 62b4c3a86c9d
2026-09-22 06:47:49.939 | INFO     | steering_lite.benchmark.cache:cached:37 - cache miss judge-request f44f12a2ad53
2026-09-22 06:47:50.728 | INFO     | steering_lite.benchmark.cache:cached:37 - cache miss judge-request 0c83d2700240
2026-09-22 06:47:50.797 | INFO     | steering_lite.benchmark.cache:cached:37 - cache miss judge-request 00768fc81b61
2026-09-22 06:47:50.862 | INFO     | steering_lite.benchmark.cache:cached:37 - cache miss judge-request aa2790e4224b
2026-09-22 06:47:50.895 | INFO     | steering_lite.benchmark.cache:cached:37 - cache miss judge-request ff9a8ea91d0b
2026-09-22 06:47:50.951 | INFO     | steering_lite.benchmark.cache:cached:37 - cache miss judge-request 30c2a3a4ab04
2026-09-22 06:47:51.077 | INFO     | steering_lite.benchmark.cache:cached:37 - cache miss judge-request e37e903be49e
2026-09-22 06:47:51.764 | INFO     | steering_lite.benchmark.cache:cached:37 - cache miss judge-request a966d809acdb
2026-09-22 06:47:51.849 | INFO     | steering_lite.benchmark.cache:cached:37 - cache miss judge-request 0a77ebca8bad
2026-09-22 06:47:51.939 | INFO     | steering_lite.benchmark.cache:cached:37 - cache miss judge-request cabf8680c9d2
2026-09-22 06:47:51.939 | INFO     | steering_lite.benchmark.cache:cached:37 - cache miss judge-request 6362bea6938c
2026-09-22 06:47:51.993 | INFO     | steering_lite.benchmark.cache:cached:37 - cache miss judge-request 7e585b1ad610
2026-09-22 06:47:52.052 | INFO     | steering_lite.benchmark.cache:cached:37 - cache miss judge-request 595101c40beb
2026-09-22 06:47:52.539 | INFO     | steering_lite.benchmark.cache:cached:37 - cache miss judge-request f13b505f0ab5
2026-09-22 06:47:52.724 | INFO     | steering_lite.benchmark.cache:cached:37 - cache miss judge-request 47de93ccec00
2026-09-22 06:47:52.796 | INFO     | steering_lite.benchmark.cache:cached:37 - cache miss judge-request 48e47f4db902
2026-09-22 06:47:52.835 | INFO     | steering_lite.benchmark.cache:cached:37 - cache miss judge-request 130629fa8c0d
2026-09-22 06:47:52.860 | INFO     | steering_lite.benchmark.cache:cached:37 - cache miss judge-request 8c30431ea267
2026-09-22 06:47:52.893 | INFO     | steering_lite.benchmark.cache:cached:37 - cache miss judge-request 2e7379219b55
2026-09-22 06:47:53.321 | INFO     | steering_lite.benchmark.cache:cached:37 - cache miss judge-request dd6d17bde12b
2026-09-22 06:47:53.484 | INFO     | steering_lite.benchmark.cache:cached:37 - cache miss judge-request 89e90df72ee0
2026-09-22 06:47:53.551 | INFO     | steering_lite.benchmark.cache:cached:37 - cache miss judge-request 12336e1572fd
2026-09-22 06:47:53.587 | INFO     | steering_lite.benchmark.cache:cached:37 - cache miss judge-request fb34d31ef7e3
2026-09-22 06:47:53.639 | INFO     | steering_lite.benchmark.cache:cached:37 - cache miss judge-request b0310472b5a7
2026-09-22 06:47:53.646 | INFO     | steering_lite.benchmark.cache:cached:37 - cache miss judge-request 44e71a338830
2026-09-22 06:47:54.116 | INFO     | steering_lite.benchmark.cache:cached:37 - cache miss judge-request c765bea6b271
2026-09-22 06:47:54.258 | INFO     | steering_lite.benchmark.cache:cached:37 - cache miss judge-request aa6d553b1c4c
2026-09-22 06:47:54.345 | INFO     | steering_lite.benchmark.cache:cached:37 - cache miss judge-request 43e6f6b5c2fd
2026-09-22 06:47:54.366 | INFO     | steering_lite.benchmark.cache:cached:37 - cache miss judge-request 85ee94994abc
2026-09-22 06:47:54.418 | INFO     | steering_lite.benchmark.cache:cached:37 - cache miss judge-request 8b9394915c28
2026-09-22 06:47:54.441 | INFO     | steering_lite.benchmark.cache:cached:37 - cache miss judge-request 6a76f024d8b0
2026-09-22 06:47:54.983 | INFO     | steering_lite.benchmark.cache:cached:37 - cache miss judge-request fce902370e9d
2026-09-22 06:47:55.190 | INFO     | steering_lite.benchmark.cache:cached:37 - cache miss judge-request 665bb3833927
2026-09-22 06:47:55.250 | INFO     | steering_lite.benchmark.cache:cached:37 - cache miss judge-request c2fbdea8edf0
2026-09-22 06:47:55.296 | INFO     | steering_lite.benchmark.cache:cached:37 - cache miss judge-request e9138d74afb5
2026-09-22 06:47:55.345 | INFO     | steering_lite.benchmark.cache:cached:37 - cache miss judge-request 335ab998aa3e
2026-09-22 06:47:55.418 | INFO     | steering_lite.benchmark.cache:cached:37 - cache miss judge-request 06f655a7d6d5
2026-09-22 06:47:55.969 | INFO     | steering_lite.benchmark.cache:cached:37 - cache miss judge-request b0497ddcf516
2026-09-22 06:47:56.052 | INFO     | steering_lite.benchmark.cache:cached:37 - cache miss judge-request a9aef06b5400
2026-09-22 06:47:56.129 | INFO     | steering_lite.benchmark.cache:cached:37 - cache miss judge-request 5a5dbe1b191d
2026-09-22 06:47:56.185 | INFO     | steering_lite.benchmark.cache:cached:37 - cache miss judge-request 4c0f1a056d5a
2026-09-22 06:47:56.263 | INFO     | steering_lite.benchmark.cache:cached:37 - cache miss judge-request 6c2f29522a9c
2026-09-22 06:47:56.362 | INFO     | steering_lite.benchmark.cache:cached:37 - cache miss judge-request 811c09eff26c
2026-09-22 06:47:57.079 | INFO     | steering_lite.benchmark.cache:cached:37 - cache miss judge-request be782deb6408
2026-09-22 06:47:57.237 | INFO     | steering_lite.benchmark.cache:cached:37 - cache miss judge-request 44ee77bd103b
2026-09-22 06:47:57.315 | INFO     | steering_lite.benchmark.cache:cached:37 - cache miss judge-request 0372d557e6ed
2026-09-22 06:47:57.380 | INFO     | steering_lite.benchmark.cache:cached:37 - cache miss judge-request 74d2356d66f7
2026-09-22 06:47:57.429 | INFO     | steering_lite.benchmark.cache:cached:37 - cache miss judge-request 134b65f7a343
2026-09-22 06:47:57.530 | INFO     | steering_lite.benchmark.cache:cached:37 - cache miss judge-request 111268e010fe
2026-09-22 06:47:57.582 | INFO     | steering_lite.benchmark.cache:cached:37 - cache miss judge-request 1cf22691403a
2026-09-22 06:47:58.147 | INFO     | steering_lite.benchmark.cache:cached:37 - cache miss judge-request 825deb9671d0
2026-09-22 06:47:58.184 | INFO     | steering_lite.benchmark.cache:cached:37 - cache miss judge-request 7fc9141cc9d7
2026-09-22 06:47:58.292 | INFO     | steering_lite.benchmark.cache:cached:37 - cache miss judge-request e132a2d1ccb0
2026-09-22 06:47:58.314 | INFO     | steering_lite.benchmark.cache:cached:37 - cache miss judge-request a0fd30fb22b0
2026-09-22 06:47:58.430 | INFO     | steering_lite.benchmark.cache:cached:37 - cache miss judge-request 4c64857641f1
2026-09-22 06:47:58.450 | INFO     | steering_lite.benchmark.cache:cached:37 - cache miss judge-request 963d5baca29d
2026-09-22 06:47:59.048 | INFO     | steering_lite.benchmark.cache:cached:37 - cache miss judge-request d4435495a42e
2026-09-22 06:47:59.096 | INFO     | steering_lite.benchmark.cache:cached:37 - cache miss judge-request 108ebad21ed1
2026-09-22 06:47:59.224 | INFO     | steering_lite.benchmark.cache:cached:37 - cache miss judge-request 35ce88088628
2026-09-22 06:47:59.304 | INFO     | steering_lite.benchmark.cache:cached:37 - cache miss judge-request b2854e9fbbd4
2026-09-22 06:47:59.421 | INFO     | steering_lite.benchmark.cache:cached:37 - cache miss judge-request 0a0720aee235
2026-09-22 06:47:59.466 | INFO     | steering_lite.benchmark.cache:cached:37 - cache miss judge-request b08658696cf1
2026-09-22 06:47:59.960 | INFO     | steering_lite.benchmark.cache:cached:37 - cache miss judge-request ba614040a53c
2026-09-22 06:48:00.013 | INFO     | steering_lite.benchmark.cache:cached:37 - cache miss judge-request 2bf50dafdbeb
2026-09-22 06:48:00.128 | INFO     | steering_lite.benchmark.cache:cached:37 - cache miss judge-request 8d74e1931307
2026-09-22 06:48:00.131 | INFO     | steering_lite.benchmark.cache:cached:37 - cache miss judge-request b704a50ff206
2026-09-22 06:48:00.245 | INFO     | steering_lite.benchmark.cache:cached:37 - cache miss judge-request 470fa55d89d2
2026-09-22 06:48:00.284 | INFO     | steering_lite.benchmark.cache:cached:37 - cache miss judge-request 5dd2298b4cae
2026-09-22 06:48:00.835 | INFO     | steering_lite.benchmark.cache:cached:37 - cache miss judge-request 8071b7a9c18a
2026-09-22 06:48:00.877 | INFO     | steering_lite.benchmark.cache:cached:37 - cache miss judge-request ad5ac7c8b20e
2026-09-22 06:48:00.999 | INFO     | steering_lite.benchmark.cache:cached:37 - cache miss judge-request d3ded70ae0cb
2026-09-22 06:48:01.024 | INFO     | steering_lite.benchmark.cache:cached:37 - cache miss judge-request 275aaef8c9d5
2026-09-22 06:48:01.152 | INFO     | steering_lite.benchmark.cache:cached:37 - cache miss judge-request dc81d0ab305b
2026-09-22 06:48:01.208 | INFO     | steering_lite.benchmark.cache:cached:37 - cache miss judge-request 7c6e98ff6af3
2026-09-22 06:48:01.741 | INFO     | steering_lite.benchmark.cache:cached:37 - cache miss judge-request 87a0494a31b9
2026-09-22 06:48:01.784 | INFO     | steering_lite.benchmark.cache:cached:37 - cache miss judge-request 3059f7cd2309
2026-09-22 06:48:01.882 | INFO     | steering_lite.benchmark.cache:cached:37 - cache miss judge-request b53b57e9630a
2026-09-22 06:48:01.933 | INFO     | steering_lite.benchmark.cache:cached:37 - cache miss judge-request 002cd63da7e6
2026-09-22 06:48:02.086 | INFO     | steering_lite.benchmark.cache:cached:37 - cache miss judge-request 34b46a70ab27
2026-09-22 06:48:02.087 | INFO     | steering_lite.benchmark.cache:cached:37 - cache miss judge-request c2b539e6cd46
2026-09-22 06:48:02.394 | INFO     | steering_lite.benchmark.cache:cached:37 - cache miss judge-request 6699b409c48f
2026-09-22 06:48:02.653 | INFO     | steering_lite.benchmark.cache:cached:37 - cache miss judge-request 57fe0fc32629
2026-09-22 06:48:02.766 | INFO     | steering_lite.benchmark.cache:cached:37 - cache miss judge-request e721edc56949
2026-09-22 06:48:02.801 | INFO     | steering_lite.benchmark.cache:cached:37 - cache miss judge-request bc386bb3f996
2026-09-22 06:48:02.944 | INFO     | steering_lite.benchmark.cache:cached:37 - cache miss judge-request 9667951ca25e
2026-09-22 06:48:03.019 | INFO     | steering_lite.benchmark.cache:cached:37 - cache miss judge-request 2b0b20247de7
2026-09-22 06:48:03.331 | INFO     | steering_lite.benchmark.cache:cached:37 - cache miss judge-request 13e53c1c005c
2026-09-22 06:48:03.640 | INFO     | steering_lite.benchmark.cache:cached:37 - cache miss judge-request 359e4df2db47
2026-09-22 06:48:03.697 | INFO     | steering_lite.benchmark.cache:cached:37 - cache miss judge-request 15b235354d72
2026-09-22 06:48:03.745 | INFO     | steering_lite.benchmark.cache:cached:37 - cache miss judge-request 574d253c5e2b
2026-09-22 06:48:03.828 | INFO     | steering_lite.benchmark.cache:cached:37 - cache miss judge-request 026fef520274
2026-09-22 06:48:03.865 | INFO     | steering_lite.benchmark.cache:cached:37 - cache miss judge-request 6df7fa9307db
2026-09-22 06:48:04.118 | INFO     | steering_lite.benchmark.cache:cached:37 - cache miss judge-request 251bf5feef43
2026-09-22 06:48:04.353 | INFO     | steering_lite.benchmark.cache:cached:37 - cache miss judge-request 5a9bad4f77b6
2026-09-22 06:48:04.446 | INFO     | steering_lite.benchmark.cache:cached:37 - cache miss judge-request 4331e6129936
2026-09-22 06:48:04.517 | INFO     | steering_lite.benchmark.cache:cached:37 - cache miss judge-request 8fd0c4df951d
2026-09-22 06:48:04.599 | INFO     | steering_lite.benchmark.cache:cached:37 - cache miss judge-request 078010c99367
2026-09-22 06:48:04.636 | INFO     | steering_lite.benchmark.cache:cached:37 - cache miss judge-request 5e64b5415471
2026-09-22 06:48:04.969 | INFO     | steering_lite.benchmark.cache:cached:37 - cache miss judge-request 512bcb88a398
2026-09-22 06:48:05.222 | INFO     | steering_lite.benchmark.cache:cached:37 - cache miss judge-request 737badb10c6c
2026-09-22 06:48:05.312 | INFO     | steering_lite.benchmark.cache:cached:37 - cache miss judge-request 251f2fa293a5
2026-09-22 06:48:05.440 | INFO     | steering_lite.benchmark.cache:cached:37 - cache miss judge-request 2ec8f3b80c32
2026-09-22 06:48:05.493 | INFO     | steering_lite.benchmark.cache:cached:37 - cache miss judge-request 61d9a111ccbb
2026-09-22 06:48:05.502 | INFO     | steering_lite.benchmark.cache:cached:37 - cache miss judge-request f1e5a159414b
2026-09-22 06:48:05.835 | INFO     | steering_lite.benchmark.cache:cached:37 - cache miss judge-request 307518e0a1ef
2026-09-22 06:48:06.159 | INFO     | steering_lite.benchmark.cache:cached:37 - cache miss judge-request 85e84f63a8dd
2026-09-22 06:48:06.332 | INFO     | steering_lite.benchmark.cache:cached:37 - cache miss judge-request a5d0f19b215e
2026-09-22 06:48:06.429 | INFO     | steering_lite.benchmark.cache:cached:37 - cache miss judge-request a69129484d63
2026-09-22 06:48:06.452 | INFO     | steering_lite.benchmark.cache:cached:37 - cache miss judge-request 1c8712be24e6
2026-09-22 06:48:06.477 | INFO     | steering_lite.benchmark.cache:cached:37 - cache miss judge-request 693ba1f42c56
2026-09-22 06:48:06.757 | INFO     | steering_lite.benchmark.cache:cached:37 - cache miss judge-request 849d0ac71992
2026-09-22 06:48:07.006 | INFO     | steering_lite.benchmark.cache:cached:37 - cache miss judge-request 87d225b49c5f
2026-09-22 06:48:07.072 | INFO     | steering_lite.benchmark.cache:cached:37 - cache miss judge-request 0056f4b36392
2026-09-22 06:48:07.153 | INFO     | steering_lite.benchmark.cache:cached:37 - cache miss judge-request 6c6692064d80
2026-09-22 06:48:07.360 | INFO     | steering_lite.benchmark.cache:cached:37 - cache miss judge-request 4cf141ce6cee
2026-09-22 06:48:07.401 | INFO     | steering_lite.benchmark.cache:cached:37 - cache miss judge-request 6993937f15c0
2026-09-22 06:48:07.805 | INFO     | steering_lite.benchmark.cache:cached:37 - cache miss judge-request bf984508b228
2026-09-22 06:48:08.184 | INFO     | steering_lite.benchmark.cache:cached:37 - cache miss judge-request d15ec21fc39d
2026-09-22 06:48:08.277 | INFO     | steering_lite.benchmark.cache:cached:37 - cache miss judge-request 6f2ae8b75d42
2026-09-22 06:48:08.424 | INFO     | steering_lite.benchmark.cache:cached:37 - cache miss judge-request 6735e8195d7b
2026-09-22 06:48:08.653 | INFO     | steering_lite.benchmark.cache:cached:37 - cache miss judge-request 423dda398e69
2026-09-22 06:48:08.701 | INFO     | steering_lite.benchmark.cache:cached:37 - cache miss judge-request 72fa5b6c7d1c
2026-09-22 06:48:09.058 | INFO     | steering_lite.benchmark.cache:cached:37 - cache miss judge-request 5b0d267eb2d4
2026-09-22 06:48:09.374 | INFO     | steering_lite.benchmark.cache:cached:37 - cache miss judge-request 5551202737bb
2026-09-22 06:48:09.419 | INFO     | steering_lite.benchmark.cache:cached:37 - cache miss judge-request 8a1f337dd7c0
2026-09-22 06:48:09.542 | INFO     | steering_lite.benchmark.cache:cached:37 - cache miss judge-request f51bed7b9a88
2026-09-22 06:48:09.714 | INFO     | steering_lite.benchmark.cache:cached:37 - cache miss judge-request 6de526545e9d
2026-09-22 06:48:09.744 | INFO     | steering_lite.benchmark.cache:cached:37 - cache miss judge-request e108fd0dcbd9
2026-09-22 06:48:10.022 | INFO     | steering_lite.benchmark.cache:cached:37 - cache miss judge-request 7c1a2f94a09f
2026-09-22 06:48:10.304 | INFO     | steering_lite.benchmark.cache:cached:37 - cache miss judge-request 43e6b04f6746
2026-09-22 06:48:10.367 | INFO     | steering_lite.benchmark.cache:cached:37 - cache miss judge-request d87cb4bafac3
2026-09-22 06:48:10.426 | INFO     | steering_lite.benchmark.cache:cached:37 - cache miss judge-request 02b06d479a5d
2026-09-22 06:48:10.638 | INFO     | steering_lite.benchmark.cache:cached:37 - cache miss judge-request 55c0813073b4
2026-09-22 06:48:10.680 | INFO     | steering_lite.benchmark.cache:cached:37 - cache miss judge-request 3ec25b794b81
2026-09-22 06:48:10.974 | INFO     | steering_lite.benchmark.cache:cached:37 - cache miss judge-request 7152b8f881e7
2026-09-22 06:48:11.199 | INFO     | steering_lite.benchmark.cache:cached:37 - cache miss judge-request 6c91355dc0aa
2026-09-22 06:48:11.271 | INFO     | steering_lite.benchmark.cache:cached:37 - cache miss judge-request 6f3387dd77ae
2026-09-22 06:48:11.330 | INFO     | steering_lite.benchmark.cache:cached:37 - cache miss judge-request 60bb7454299b
2026-09-22 06:48:11.570 | INFO     | steering_lite.benchmark.cache:cached:37 - cache miss judge-request 50323107b980
2026-09-22 06:48:11.615 | INFO     | steering_lite.benchmark.cache:cached:37 - cache miss judge-request e03721f0307c
2026-09-22 06:48:11.901 | INFO     | steering_lite.benchmark.cache:cached:37 - cache miss judge-request 1260aa4c63f9
2026-09-22 06:48:12.072 | INFO     | steering_lite.benchmark.cache:cached:37 - cache miss judge-request 58141f350660
2026-09-22 06:48:12.098 | INFO     | steering_lite.benchmark.cache:cached:37 - cache miss judge-request 83edb72e88c5
2026-09-22 06:48:12.186 | INFO     | steering_lite.benchmark.cache:cached:37 - cache miss judge-request 17ef9aeb7823
2026-09-22 06:48:12.352 | INFO     | steering_lite.benchmark.cache:cached:37 - cache miss judge-request bd38d2737b05
2026-09-22 06:48:12.455 | INFO     | steering_lite.benchmark.cache:cached:37 - cache miss judge-request e6242d6d5083
2026-09-22 06:48:12.759 | INFO     | steering_lite.benchmark.cache:cached:37 - cache miss judge-request 39f4bd19a49c
2026-09-22 06:48:12.782 | INFO     | steering_lite.benchmark.cache:cached:37 - cache miss judge-request f87e498e4562
2026-09-22 06:48:12.854 | INFO     | steering_lite.benchmark.cache:cached:37 - cache miss judge-request d7deabbf6875
2026-09-22 06:48:12.916 | INFO     | steering_lite.benchmark.cache:cached:37 - cache miss judge-request 605a0d8f07d9
2026-09-22 06:48:13.331 | INFO     | steering_lite.benchmark.cache:cached:37 - cache miss judge-request bdc140a87926
2026-09-22 06:48:13.410 | INFO     | steering_lite.benchmark.cache:cached:37 - cache miss judge-request abd4c181562b
2026-09-22 06:48:13.609 | INFO     | steering_lite.benchmark.cache:cached:37 - cache miss judge-request 64d0d49198dd
2026-09-22 06:48:13.677 | INFO     | steering_lite.benchmark.cache:cached:37 - cache miss judge-request cda54079bd9d
2026-09-22 06:48:13.688 | INFO     | steering_lite.benchmark.cache:cached:37 - cache miss judge-request 28bdd4738ed3
2026-09-22 06:48:13.752 | INFO     | steering_lite.benchmark.cache:cached:37 - cache miss judge-request 8c9da0e757f9
2026-09-22 06:48:14.279 | INFO     | steering_lite.benchmark.cache:cached:37 - cache miss judge-request b41eb30daf79
2026-09-22 06:48:14.354 | INFO     | steering_lite.benchmark.cache:cached:37 - cache miss judge-request 27f1319e3b9b
2026-09-22 06:48:14.584 | INFO     | steering_lite.benchmark.cache:cached:37 - cache miss judge-request 901483bd5d9f
2026-09-22 06:48:14.866 | INFO     | steering_lite.benchmark.cache:cached:37 - cache miss judge-request 7910665e285b
2026-09-22 06:48:14.926 | INFO     | steering_lite.benchmark.cache:cached:37 - cache miss judge-request 1f5d069788d8
2026-09-22 06:48:14.945 | INFO     | steering_lite.benchmark.cache:cached:37 - cache miss judge-request 1c8537327464
2026-09-22 06:48:15.511 | INFO     | steering_lite.benchmark.cache:cached:37 - cache miss judge-request 9485e2b1408f
2026-09-22 06:48:15.603 | INFO     | steering_lite.benchmark.cache:cached:37 - cache miss judge-request c721422177e3
2026-09-22 06:48:15.822 | INFO     | steering_lite.benchmark.cache:cached:37 - cache miss judge-request 7ee3b93304aa
2026-09-22 06:48:15.898 | INFO     | steering_lite.benchmark.cache:cached:37 - cache miss judge-request 9748f581ee6e
2026-09-22 06:48:15.962 | INFO     | steering_lite.benchmark.cache:cached:37 - cache miss judge-request b1d144f05a00
2026-09-22 06:48:15.993 | INFO     | steering_lite.benchmark.cache:cached:37 - cache miss judge-request 3d6f6ec784db
2026-09-22 06:48:16.592 | INFO     | steering_lite.benchmark.cache:cached:37 - cache miss judge-request 64048494c3dc
2026-09-22 06:48:16.711 | INFO     | steering_lite.benchmark.cache:cached:37 - cache miss judge-request 34ace6700038
2026-09-22 06:48:16.888 | INFO     | steering_lite.benchmark.cache:cached:37 - cache miss judge-request 10d9d16bb6d0
2026-09-22 06:48:16.913 | INFO     | steering_lite.benchmark.cache:cached:37 - cache miss judge-request 5a2cc46b8a91
2026-09-22 06:48:17.009 | INFO     | steering_lite.benchmark.cache:cached:37 - cache miss judge-request 27ef82cc94ff
2026-09-22 06:48:17.055 | INFO     | steering_lite.benchmark.cache:cached:37 - cache miss judge-request 11ad5b9a8932
2026-09-22 06:48:17.561 | INFO     | steering_lite.benchmark.cache:cached:37 - cache miss judge-request 84db7c4e5a3f
2026-09-22 06:48:17.722 | INFO     | steering_lite.benchmark.cache:cached:37 - cache miss judge-request 26c33d550055
2026-09-22 06:48:18.091 | INFO     | steering_lite.benchmark.cache:cached:37 - cache miss judge-request 626406b07ffb
2026-09-22 06:48:18.184 | INFO     | steering_lite.benchmark.cache:cached:37 - cache miss judge-request f9a249bbca70
2026-09-22 06:48:18.311 | INFO     | steering_lite.benchmark.cache:cached:37 - cache miss judge-request bc4bb756a877
2026-09-22 06:48:18.396 | INFO     | steering_lite.benchmark.cache:cached:37 - cache miss judge-request c9ec9779009b
2026-09-22 06:48:19.039 | INFO     | steering_lite.benchmark.cache:cached:37 - cache miss judge-request df013cffba0b
2026-09-22 06:48:19.144 | INFO     | steering_lite.benchmark.cache:cached:37 - cache miss judge-request ca1b00ac80da
2026-09-22 06:48:19.187 | INFO     | steering_lite.benchmark.cache:cached:37 - cache miss judge-request 193100b08606
2026-09-22 06:48:19.374 | INFO     | steering_lite.benchmark.cache:cached:37 - cache miss judge-request bccb7b084193
2026-09-22 06:48:19.430 | INFO     | steering_lite.benchmark.cache:cached:37 - cache miss judge-request 05320dd46c7c
2026-09-22 06:48:19.463 | INFO     | steering_lite.benchmark.cache:cached:37 - cache miss judge-request 7913ac9d514e
2026-09-22 06:48:19.916 | INFO     | steering_lite.benchmark.cache:cached:37 - cache miss judge-request 99734d064988
2026-09-22 06:48:19.942 | INFO     | steering_lite.benchmark.cache:cached:37 - cache miss judge-request 485301360c1b
2026-09-22 06:48:20.018 | INFO     | steering_lite.benchmark.cache:cached:37 - cache miss judge-request f3fed58c46df
2026-09-22 06:48:20.308 | INFO     | steering_lite.benchmark.cache:cached:37 - cache miss judge-request 014fdea8165f
2026-09-22 06:48:20.364 | INFO     | steering_lite.benchmark.cache:cached:37 - cache miss judge-request 692db4dfd42c
2026-09-22 06:48:20.404 | INFO     | steering_lite.benchmark.cache:cached:37 - cache miss judge-request 9f59bf5b1e60
2026-09-22 06:48:20.909 | INFO     | steering_lite.benchmark.cache:cached:37 - cache miss judge-request 172821b03a61
2026-09-22 06:48:20.956 | INFO     | steering_lite.benchmark.cache:cached:37 - cache miss judge-request dfe45db8ebd2
2026-09-22 06:48:21.036 | INFO     | steering_lite.benchmark.cache:cached:37 - cache miss judge-request f9dcaaa90275
2026-09-22 06:48:21.263 | INFO     | steering_lite.benchmark.cache:cached:37 - cache miss judge-request d78b959cf346
2026-09-22 06:48:21.345 | INFO     | steering_lite.benchmark.cache:cached:37 - cache miss judge-request 36e8041b6b71
2026-09-22 06:48:21.418 | INFO     | steering_lite.benchmark.cache:cached:37 - cache miss judge-request b5eae736f4a5
2026-09-22 06:48:22.034 | INFO     | steering_lite.benchmark.cache:cached:37 - cache miss judge-request b35d9c0a97c3
2026-09-22 06:48:22.084 | INFO     | steering_lite.benchmark.cache:cached:37 - cache miss judge-request ff208566e038
2026-09-22 06:48:22.158 | INFO     | steering_lite.benchmark.cache:cached:37 - cache miss judge-request ed9f9550f719
2026-09-22 06:48:22.419 | INFO     | steering_lite.benchmark.cache:cached:37 - cache miss judge-request 384895b8a14b
2026-09-22 06:48:22.484 | INFO     | steering_lite.benchmark.cache:cached:37 - cache miss judge-request 2059ddc32f65
2026-09-22 06:48:22.532 | INFO     | steering_lite.benchmark.cache:cached:37 - cache miss judge-request 391982411990
2026-09-22 06:48:23.088 | INFO     | steering_lite.benchmark.cache:cached:37 - cache miss judge-request af0c8a0f58f7
2026-09-22 06:48:23.103 | INFO     | steering_lite.benchmark.cache:cached:37 - cache miss judge-request bfd4f44f551e
2026-09-22 06:48:23.150 | INFO     | steering_lite.benchmark.cache:cached:37 - cache miss judge-request 3f38cdded711
2026-09-22 06:48:23.601 | INFO     | steering_lite.benchmark.cache:cached:37 - cache miss judge-request 82597dbf5baa
2026-09-22 06:48:23.662 | INFO     | steering_lite.benchmark.cache:cached:37 - cache miss judge-request 0675796baae3
2026-09-22 06:48:23.758 | INFO     | steering_lite.benchmark.cache:cached:37 - cache miss judge-request 2979b86c7049
2026-09-22 06:48:24.460 | INFO     | steering_lite.benchmark.cache:cached:37 - cache miss judge-request 34ab3eb2982b
2026-09-22 06:48:24.486 | INFO     | steering_lite.benchmark.cache:cached:37 - cache miss judge-request 117afc72a26a
2026-09-22 06:48:24.552 | INFO     | steering_lite.benchmark.cache:cached:37 - cache miss judge-request a3e0e3d462dc
2026-09-22 06:48:24.765 | INFO     | steering_lite.benchmark.cache:cached:37 - cache miss judge-request fd51235f2daa
2026-09-22 06:48:24.869 | INFO     | steering_lite.benchmark.cache:cached:37 - cache miss judge-request 41bf3219e1c7
2026-09-22 06:48:24.923 | INFO     | steering_lite.benchmark.cache:cached:37 - cache miss judge-request 08818e9ddb56
2026-09-22 06:48:25.564 | INFO     | steering_lite.benchmark.cache:cached:37 - cache miss judge-request 71b0e1f57491
2026-09-22 06:48:25.601 | INFO     | steering_lite.benchmark.cache:cached:37 - cache miss judge-request feec84f7ae87
2026-09-22 06:48:25.692 | INFO     | steering_lite.benchmark.cache:cached:37 - cache miss judge-request a09b55ab5395
2026-09-22 06:48:25.914 | INFO     | steering_lite.benchmark.cache:cached:37 - cache miss judge-request c5f79ec9a9b0
2026-09-22 06:48:26.066 | INFO     | steering_lite.benchmark.cache:cached:37 - cache miss judge-request 1c021f9b474f
2026-09-22 06:48:26.073 | INFO     | steering_lite.benchmark.cache:cached:37 - cache miss judge-request ee4647f97a6a
2026-09-22 06:48:26.652 | INFO     | steering_lite.benchmark.cache:cached:37 - cache miss judge-request 659b2105ae0d
2026-09-22 06:48:26.705 | INFO     | steering_lite.benchmark.cache:cached:37 - cache miss judge-request 9812dfdc499f
2026-09-22 06:48:26.816 | INFO     | steering_lite.benchmark.cache:cached:37 - cache miss judge-request e3a5f8da8c75
2026-09-22 06:48:27.084 | INFO     | steering_lite.benchmark.cache:cached:37 - cache miss judge-request 692d6c5bdd22
2026-09-22 06:48:27.185 | INFO     | steering_lite.benchmark.cache:cached:37 - cache miss judge-request 273e589bf2ea
2026-09-22 06:48:27.245 | INFO     | steering_lite.benchmark.cache:cached:37 - cache miss judge-request 8db970cc7984
2026-09-22 06:48:27.817 | INFO     | steering_lite.benchmark.cache:cached:37 - cache miss judge-request 2e4b9808fcc8
2026-09-22 06:48:27.861 | INFO     | steering_lite.benchmark.cache:cached:37 - cache miss judge-request bcd7f2a30682
2026-09-22 06:48:27.970 | INFO     | steering_lite.benchmark.cache:cached:37 - cache miss judge-request 46264e03aa6d
2026-09-22 06:48:28.181 | INFO     | steering_lite.benchmark.cache:cached:37 - cache miss judge-request 761db49b2ad2
2026-09-22 06:48:28.269 | INFO     | steering_lite.benchmark.cache:cached:37 - cache miss judge-request 0e8ba9a80478
2026-09-22 06:48:28.303 | INFO     | steering_lite.benchmark.cache:cached:37 - cache miss judge-request 8fa9db084109
2026-09-22 06:48:28.922 | INFO     | steering_lite.benchmark.cache:cached:37 - cache miss judge-request d2b70a7e8ae7
2026-09-22 06:48:28.990 | INFO     | steering_lite.benchmark.cache:cached:37 - cache miss judge-request 2903013aa44a
2026-09-22 06:48:29.103 | INFO     | steering_lite.benchmark.cache:cached:37 - cache miss judge-request 93b7e796f5f4
2026-09-22 06:48:29.330 | INFO     | steering_lite.benchmark.cache:cached:37 - cache miss judge-request 9e479dc3a4c3
2026-09-22 06:48:29.423 | INFO     | steering_lite.benchmark.cache:cached:37 - cache miss judge-request 4529ae8f2c48
2026-09-22 06:48:29.473 | INFO     | steering_lite.benchmark.cache:cached:37 - cache miss judge-request 615c511f69c2
2026-09-22 06:48:30.004 | INFO     | steering_lite.benchmark.cache:cached:37 - cache miss judge-request 39d73c2b5faa
2026-09-22 06:48:30.050 | INFO     | steering_lite.benchmark.cache:cached:37 - cache miss judge-request 9bd59652d6c2
2026-09-22 06:48:30.088 | INFO     | steering_lite.benchmark.cache:cached:37 - cache miss judge-request 2620cda1befb
2026-09-22 06:48:30.318 | INFO     | steering_lite.benchmark.cache:cached:37 - cache miss judge-request 58613adbe5b8
2026-09-22 06:48:30.431 | INFO     | steering_lite.benchmark.cache:cached:37 - cache miss judge-request a0d82256ca5d
2026-09-22 06:48:30.461 | INFO     | steering_lite.benchmark.cache:cached:37 - cache miss judge-request 9d2a3d89988c
2026-09-22 06:48:30.974 | INFO     | steering_lite.benchmark.cache:cached:37 - cache miss judge-request c9b2eb74a2c6
2026-09-22 06:48:31.010 | INFO     | steering_lite.benchmark.cache:cached:37 - cache miss judge-request 75d6ed504ea7
2026-09-22 06:48:31.095 | INFO     | steering_lite.benchmark.cache:cached:37 - cache miss judge-request fd59c19f8b9f
2026-09-22 06:48:31.301 | INFO     | steering_lite.benchmark.cache:cached:37 - cache miss judge-request 0c2b92a36259
2026-09-22 06:48:31.438 | INFO     | steering_lite.benchmark.cache:cached:37 - cache miss judge-request fd89bf2c6bd9
2026-09-22 06:48:31.466 | INFO     | steering_lite.benchmark.cache:cached:37 - cache miss judge-request c8139cd04285
2026-09-22 06:48:31.924 | INFO     | steering_lite.benchmark.cache:cached:37 - cache miss judge-request 3e61557fe745
2026-09-22 06:48:32.141 | INFO     | steering_lite.benchmark.cache:cached:37 - cache miss judge-request 4be96d7c16e7
2026-09-22 06:48:32.198 | INFO     | steering_lite.benchmark.cache:cached:37 - cache miss judge-request 1297483bb7cc
2026-09-22 06:48:32.446 | INFO     | steering_lite.benchmark.cache:cached:37 - cache miss judge-request 0f283d53c302
2026-09-22 06:48:32.513 | INFO     | steering_lite.benchmark.cache:cached:37 - cache miss judge-request adafd90e26af
2026-09-22 06:48:32.624 | INFO     | steering_lite.benchmark.cache:cached:37 - cache miss judge-request fa3ef654ad09
2026-09-22 06:48:33.133 | INFO     | steering_lite.benchmark.cache:cached:37 - cache miss judge-request 7aba1fb27505
2026-09-22 06:48:33.211 | INFO     | steering_lite.benchmark.cache:cached:37 - cache miss judge-request fd806e07d1b1
2026-09-22 06:48:33.286 | INFO     | steering_lite.benchmark.cache:cached:37 - cache miss judge-request a2e19870596a
2026-09-22 06:48:33.449 | INFO     | steering_lite.benchmark.cache:cached:37 - cache miss judge-request 4add72d5ea7c
2026-09-22 06:48:33.572 | INFO     | steering_lite.benchmark.cache:cached:37 - cache miss judge-request c1a695bea06b
2026-09-22 06:48:33.625 | INFO     | steering_lite.benchmark.cache:cached:37 - cache miss judge-request e317ff518615
2026-09-22 06:48:34.218 | INFO     | steering_lite.benchmark.cache:cached:37 - cache miss judge-request 3e9c631359b5
2026-09-22 06:48:34.403 | INFO     | steering_lite.benchmark.cache:cached:37 - cache miss judge-request db938f166034
2026-09-22 06:48:34.460 | INFO     | steering_lite.benchmark.cache:cached:37 - cache miss judge-request 4455cdc723b2
2026-09-22 06:48:34.692 | INFO     | steering_lite.benchmark.cache:cached:37 - cache miss judge-request 617b450b78e4
2026-09-22 06:48:34.869 | INFO     | steering_lite.benchmark.cache:cached:37 - cache miss judge-request 8d9f28d575c0
2026-09-22 06:48:34.989 | INFO     | steering_lite.benchmark.cache:cached:37 - cache miss judge-request d18449fa0f45
2026-09-22 06:48:35.522 | INFO     | steering_lite.benchmark.cache:cached:37 - cache miss judge-request 2c7acfee4c39
2026-09-22 06:48:35.852 | INFO     | steering_lite.benchmark.cache:cached:37 - cache miss judge-request c1d7cf353c64
2026-09-22 06:48:35.936 | INFO     | steering_lite.benchmark.cache:cached:37 - cache miss judge-request e2ea174c03c7
2026-09-22 06:48:36.103 | INFO     | steering_lite.benchmark.cache:cached:37 - cache miss judge-request 84b666464b36
2026-09-22 06:48:36.190 | INFO     | steering_lite.benchmark.cache:cached:37 - cache miss judge-request ff28c39aa27c
2026-09-22 06:48:36.367 | INFO     | steering_lite.benchmark.cache:cached:37 - cache miss judge-request 4acfb7f84a1b
2026-09-22 06:48:36.952 | INFO     | steering_lite.benchmark.cache:cached:37 - cache miss judge-request 301766e51c60
2026-09-22 06:48:37.108 | INFO     | steering_lite.benchmark.cache:cached:37 - cache miss judge-request d02e10433c39
2026-09-22 06:48:37.187 | INFO     | steering_lite.benchmark.cache:cached:37 - cache miss judge-request 2cda86f45700
2026-09-22 06:48:37.313 | INFO     | steering_lite.benchmark.cache:cached:37 - cache miss judge-request e800de122b19
2026-09-22 06:48:37.453 | INFO     | steering_lite.benchmark.cache:cached:37 - cache miss judge-request db174ee5ddef
2026-09-22 06:48:37.600 | INFO     | steering_lite.benchmark.cache:cached:37 - cache miss judge-request c93252538ce6
2026-09-22 06:48:38.152 | INFO     | steering_lite.benchmark.cache:cached:37 - cache miss judge-request 9b970f2974ee
2026-09-22 06:48:38.322 | INFO     | steering_lite.benchmark.cache:cached:37 - cache miss judge-request 313ab72dd483
2026-09-22 06:48:38.371 | INFO     | steering_lite.benchmark.cache:cached:37 - cache miss judge-request 1a5260ee1656
2026-09-22 06:48:38.498 | INFO     | steering_lite.benchmark.cache:cached:37 - cache miss judge-request 1f8409c8f4c8
2026-09-22 06:48:38.556 | INFO     | steering_lite.benchmark.cache:cached:37 - cache miss judge-request f6b6809978e1
2026-09-22 06:48:38.724 | INFO     | steering_lite.benchmark.cache:cached:37 - cache miss judge-request 3e0aa34d40a3
2026-09-22 06:48:39.149 | INFO     | steering_lite.benchmark.cache:cached:37 - cache miss judge-request ce86a447d323
2026-09-22 06:48:39.312 | INFO     | steering_lite.benchmark.cache:cached:37 - cache miss judge-request 4462bb6a50db
2026-09-22 06:48:39.368 | INFO     | steering_lite.benchmark.cache:cached:37 - cache miss judge-request 582ca7f99a18
2026-09-22 06:48:39.547 | INFO     | steering_lite.benchmark.cache:cached:37 - cache miss judge-request 3a8bd93953f0
2026-09-22 06:48:39.548 | INFO     | steering_lite.benchmark.cache:cached:37 - cache miss judge-request 56aed0deacc9
2026-09-22 06:48:39.749 | INFO     | steering_lite.benchmark.cache:cached:37 - cache miss judge-request ae430d75a1f4
2026-09-22 06:48:40.505 | INFO     | steering_lite.benchmark.cache:cached:37 - cache miss judge-request a60d971fc4d4
2026-09-22 06:48:40.684 | INFO     | steering_lite.benchmark.cache:cached:37 - cache miss judge-request 26104ef37362
2026-09-22 06:48:40.720 | INFO     | steering_lite.benchmark.cache:cached:37 - cache miss judge-request e0500e10495e
2026-09-22 06:48:40.867 | INFO     | steering_lite.benchmark.cache:cached:37 - cache miss judge-request 90dd861998bd
2026-09-22 06:48:40.941 | INFO     | steering_lite.benchmark.cache:cached:37 - cache miss judge-request de0463b583ec
2026-09-22 06:48:41.101 | INFO     | steering_lite.benchmark.cache:cached:37 - cache miss judge-request 5499bdd9a1df
2026-09-22 06:48:41.558 | INFO     | steering_lite.benchmark.cache:cached:37 - cache miss judge-request 06be292ea6f7
2026-09-22 06:48:41.740 | INFO     | steering_lite.benchmark.cache:cached:37 - cache miss judge-request b19ff8ad7fef
2026-09-22 06:48:41.749 | INFO     | steering_lite.benchmark.cache:cached:37 - cache miss judge-request eef8322e993c
2026-09-22 06:48:41.887 | INFO     | steering_lite.benchmark.cache:cached:37 - cache miss judge-request c426a02a50a5
2026-09-22 06:48:41.936 | INFO     | steering_lite.benchmark.cache:cached:37 - cache miss judge-request d606287ba897
2026-09-22 06:48:42.061 | INFO     | steering_lite.benchmark.cache:cached:37 - cache miss judge-request 38cd423bce1f
2026-09-22 06:48:42.496 | INFO     | steering_lite.benchmark.cache:cached:37 - cache miss judge-request ef0839d24b54
2026-09-22 06:48:42.715 | INFO     | steering_lite.benchmark.cache:cached:37 - cache miss judge-request 97349cccb08c
2026-09-22 06:48:42.737 | INFO     | steering_lite.benchmark.cache:cached:37 - cache miss judge-request 901a996f2e8f
2026-09-22 06:48:42.889 | INFO     | steering_lite.benchmark.cache:cached:37 - cache miss judge-request 604324127ba4
2026-09-22 06:48:42.935 | INFO     | steering_lite.benchmark.cache:cached:37 - cache miss judge-request 7f603d1441c4
2026-09-22 06:48:43.110 | INFO     | steering_lite.benchmark.cache:cached:37 - cache miss judge-request e5cd9cae87b8
2026-09-22 06:48:43.638 | INFO     | steering_lite.benchmark.cache:cached:37 - cache miss judge-request 41374b07798f
2026-09-22 06:48:43.839 | INFO     | steering_lite.benchmark.cache:cached:37 - cache miss judge-request bd004fce11d0
2026-09-22 06:48:43.917 | INFO     | steering_lite.benchmark.cache:cached:37 - cache miss judge-request 46a611a985fe
2026-09-22 06:48:44.079 | INFO     | steering_lite.benchmark.cache:cached:37 - cache miss judge-request f11c0599f84e
2026-09-22 06:48:44.110 | INFO     | steering_lite.benchmark.cache:cached:37 - cache miss judge-request 835f0350f95d
2026-09-22 06:48:44.333 | INFO     | steering_lite.benchmark.cache:cached:37 - cache miss judge-request 8ed8f06cd328
2026-09-22 06:48:44.989 | INFO     | steering_lite.benchmark.cache:cached:37 - cache miss judge-request 01d5fbadb8df
2026-09-22 06:48:45.221 | INFO     | steering_lite.benchmark.cache:cached:37 - cache miss judge-request f0ed303d430a
2026-09-22 06:48:45.296 | INFO     | steering_lite.benchmark.cache:cached:37 - cache miss judge-request 53459709f02b
2026-09-22 06:48:45.455 | INFO     | steering_lite.benchmark.cache:cached:37 - cache miss judge-request 777cb19877c1
2026-09-22 06:48:45.524 | INFO     | steering_lite.benchmark.cache:cached:37 - cache miss judge-request 8c1911ef3cd8
2026-09-22 06:48:45.739 | INFO     | steering_lite.benchmark.cache:cached:37 - cache miss judge-request 84caa79eaa5d
2026-09-22 06:48:46.262 | INFO     | steering_lite.benchmark.cache:cached:37 - cache miss judge-request e96c3163e271
2026-09-22 06:48:46.412 | INFO     | steering_lite.benchmark.cache:cached:37 - cache miss judge-request 9c63331d28fa
2026-09-22 06:48:46.457 | INFO     | steering_lite.benchmark.cache:cached:37 - cache miss judge-request c30812b6feb5
2026-09-22 06:48:46.588 | INFO     | steering_lite.benchmark.cache:cached:37 - cache miss judge-request 1705cb303ccc
2026-09-22 06:48:46.641 | INFO     | steering_lite.benchmark.cache:cached:37 - cache miss judge-request adff9c2c6e7e
2026-09-22 06:48:46.865 | INFO     | steering_lite.benchmark.cache:cached:37 - cache miss judge-request 2f95bc15620d
2026-09-22 06:48:47.382 | INFO     | steering_lite.benchmark.cache:cached:37 - cache miss judge-request 78c7dda69bd8
2026-09-22 06:48:47.571 | INFO     | steering_lite.benchmark.cache:cached:37 - cache miss judge-request 58ee4bdf0a49
2026-09-22 06:48:47.615 | INFO     | steering_lite.benchmark.cache:cached:37 - cache miss judge-request b3797363403d
2026-09-22 06:48:47.793 | INFO     | steering_lite.benchmark.cache:cached:37 - cache miss judge-request 6317f1bcb5f6
2026-09-22 06:48:47.819 | INFO     | steering_lite.benchmark.cache:cached:37 - cache miss judge-request aa915280a26e
2026-09-22 06:48:47.995 | INFO     | steering_lite.benchmark.cache:cached:37 - cache miss judge-request 3c1c4d7563d2
2026-09-22 06:48:48.475 | INFO     | steering_lite.benchmark.cache:cached:37 - cache miss judge-request 07f1babc38c5
2026-09-22 06:48:48.476 | INFO     | steering_lite.benchmark.cache:cached:37 - cache miss judge-request 4649037dd623
2026-09-22 06:48:48.661 | INFO     | steering_lite.benchmark.cache:cached:37 - cache miss judge-request da7d5a25d2ba
2026-09-22 06:48:48.852 | INFO     | steering_lite.benchmark.cache:cached:37 - cache miss judge-request da201fb4aa80
2026-09-22 06:48:48.918 | INFO     | steering_lite.benchmark.cache:cached:37 - cache miss judge-request 8a4ce06f6517
2026-09-22 06:48:49.122 | INFO     | steering_lite.benchmark.cache:cached:37 - cache miss judge-request 4b663656ad31
2026-09-22 06:48:49.629 | INFO     | steering_lite.benchmark.cache:cached:37 - cache miss judge-request 9e6da2a88401
2026-09-22 06:48:49.670 | INFO     | steering_lite.benchmark.cache:cached:37 - cache miss judge-request 0bf2da66d12b
2026-09-22 06:48:49.922 | INFO     | steering_lite.benchmark.cache:cached:37 - cache miss judge-request 5855fc7265f6
2026-09-22 06:48:50.105 | INFO     | steering_lite.benchmark.cache:cached:37 - cache miss judge-request ec3d75113b10
2026-09-22 06:48:50.138 | INFO     | steering_lite.benchmark.cache:cached:37 - cache miss judge-request b62263be33aa
2026-09-22 06:48:50.363 | INFO     | steering_lite.benchmark.cache:cached:37 - cache miss judge-request 613a802a17a1
2026-09-22 06:48:50.987 | INFO     | steering_lite.benchmark.cache:cached:37 - cache miss judge-request 9e76ab620150
2026-09-22 06:48:51.036 | INFO     | steering_lite.benchmark.cache:cached:37 - cache miss judge-request 85ff8b4e518b
2026-09-22 06:48:51.326 | INFO     | steering_lite.benchmark.cache:cached:37 - cache miss judge-request 78ba03d3d7ef
2026-09-22 06:48:51.513 | INFO     | steering_lite.benchmark.cache:cached:37 - cache miss judge-request de8686d49a72
2026-09-22 06:48:51.523 | INFO     | steering_lite.benchmark.cache:cached:37 - cache miss judge-request 0cb34cdec143
2026-09-22 06:48:51.718 | INFO     | steering_lite.benchmark.cache:cached:37 - cache miss judge-request 722feb91e381
2026-09-22 06:48:52.182 | INFO     | steering_lite.benchmark.cache:cached:37 - cache miss judge-request df3c7c552551
2026-09-22 06:48:52.184 | INFO     | steering_lite.benchmark.cache:cached:37 - cache miss judge-request 7a1d96947061
2026-09-22 06:48:52.357 | INFO     | steering_lite.benchmark.cache:cached:37 - cache miss judge-request 6bba82d5e95b
2026-09-22 06:48:52.560 | INFO     | steering_lite.benchmark.cache:cached:37 - cache miss judge-request bca03b42cc91
2026-09-22 06:48:52.565 | INFO     | steering_lite.benchmark.cache:cached:37 - cache miss judge-request e006ac4a7bbc
2026-09-22 06:48:52.739 | INFO     | steering_lite.benchmark.cache:cached:37 - cache miss judge-request cf2ad57b485b
2026-09-22 06:48:53.138 | INFO     | steering_lite.benchmark.cache:cached:37 - cache miss judge-request c876b7ba8b23
2026-09-22 06:48:53.142 | INFO     | steering_lite.benchmark.cache:cached:37 - cache miss judge-request 98f8e80d8025
2026-09-22 06:48:53.310 | INFO     | steering_lite.benchmark.cache:cached:37 - cache miss judge-request 42cc52ed5692
2026-09-22 06:48:53.534 | INFO     | steering_lite.benchmark.cache:cached:37 - cache miss judge-request c6391b32a438
2026-09-22 06:48:53.594 | INFO     | steering_lite.benchmark.cache:cached:37 - cache miss judge-request 25e6faa16e7b
2026-09-22 06:48:53.768 | INFO     | steering_lite.benchmark.cache:cached:37 - cache miss judge-request 7a9ee2d9749e
2026-09-22 06:48:54.146 | INFO     | steering_lite.benchmark.cache:cached:37 - cache miss judge-request b6823ee8a427
2026-09-22 06:48:54.173 | INFO     | steering_lite.benchmark.cache:cached:37 - cache miss judge-request b152e25e3b89
2026-09-22 06:48:54.391 | INFO     | steering_lite.benchmark.cache:cached:37 - cache miss judge-request 877cefed196f
2026-09-22 06:48:54.620 | INFO     | steering_lite.benchmark.cache:cached:37 - cache miss judge-request e56c12754e4c
2026-09-22 06:48:54.622 | INFO     | steering_lite.benchmark.cache:cached:37 - cache miss judge-request a343d222b644
2026-09-22 06:48:54.818 | INFO     | steering_lite.benchmark.cache:cached:37 - cache miss judge-request 67c74f232215
2026-09-22 06:48:55.341 | INFO     | steering_lite.benchmark.cache:cached:37 - cache miss judge-request 71856af07553
2026-09-22 06:48:55.369 | INFO     | steering_lite.benchmark.cache:cached:37 - cache miss judge-request 739757d4eafb
2026-09-22 06:48:55.421 | INFO     | steering_lite.benchmark.cache:cached:37 - cache miss judge-request 1592137fa60f
2026-09-22 06:48:55.729 | INFO     | steering_lite.benchmark.cache:cached:37 - cache miss judge-request 5bb9dc8a6415
2026-09-22 06:48:55.815 | INFO     | steering_lite.benchmark.cache:cached:37 - cache miss judge-request 6ddaaa98ad3f
2026-09-22 06:48:55.947 | INFO     | steering_lite.benchmark.cache:cached:37 - cache miss judge-request ad7bcece82aa
2026-09-22 06:48:56.396 | INFO     | steering_lite.benchmark.cache:cached:37 - cache miss judge-request c2ca2e381286
2026-09-22 06:48:56.530 | INFO     | steering_lite.benchmark.cache:cached:37 - cache miss judge-request bc02c065a741
2026-09-22 06:48:56.588 | INFO     | steering_lite.benchmark.cache:cached:37 - cache miss judge-request 3fe19ce58f3e
2026-09-22 06:48:57.134 | INFO     | steering_lite.benchmark.cache:cached:37 - cache miss judge-request 5c7f315fbcf0
2026-09-22 06:48:57.250 | INFO     | steering_lite.benchmark.cache:cached:37 - cache miss judge-request 1727545b423f
2026-09-22 06:48:57.376 | INFO     | steering_lite.benchmark.cache:cached:37 - cache miss judge-request a16d0becff3f
2026-09-22 06:48:57.838 | INFO     | steering_lite.benchmark.cache:cached:37 - cache miss judge-request 37529fd5067d
2026-09-22 06:48:57.922 | INFO     | steering_lite.benchmark.cache:cached:37 - cache miss judge-request ef64c941f34c
2026-09-22 06:48:57.930 | INFO     | steering_lite.benchmark.cache:cached:37 - cache miss judge-request dbf5798de065
2026-09-22 06:48:58.273 | INFO     | steering_lite.benchmark.cache:cached:37 - cache miss judge-request 259d8c594349
2026-09-22 06:48:58.312 | INFO     | steering_lite.benchmark.cache:cached:37 - cache miss judge-request 6084f9bd3215
2026-09-22 06:48:58.463 | INFO     | steering_lite.benchmark.cache:cached:37 - cache miss judge-request e4be273ecbb2
2026-09-22 06:48:58.907 | INFO     | steering_lite.benchmark.cache:cached:37 - cache miss judge-request de4580c1ed80
2026-09-22 06:48:58.922 | INFO     | steering_lite.benchmark.cache:cached:37 - cache miss judge-request 3af9edc72807
2026-09-22 06:48:58.952 | INFO     | steering_lite.benchmark.cache:cached:37 - cache miss judge-request 728535b56a90
2026-09-22 06:48:59.279 | INFO     | steering_lite.benchmark.cache:cached:37 - cache miss judge-request 09a971b2b542
2026-09-22 06:48:59.337 | INFO     | steering_lite.benchmark.cache:cached:37 - cache miss judge-request b0f3d2633675
2026-09-22 06:48:59.500 | INFO     | steering_lite.benchmark.cache:cached:37 - cache miss judge-request b2a8a464e16f
2026-09-22 06:48:59.912 | INFO     | steering_lite.benchmark.cache:cached:37 - cache miss judge-request 1e1047f96325
2026-09-22 06:48:59.980 | INFO     | steering_lite.benchmark.cache:cached:37 - cache miss judge-request 7ee5c6645340
2026-09-22 06:49:00.015 | INFO     | steering_lite.benchmark.cache:cached:37 - cache miss judge-request 04a2ea926d32
2026-09-22 06:49:00.363 | INFO     | steering_lite.benchmark.cache:cached:37 - cache miss judge-request 3f982224519c
2026-09-22 06:49:00.401 | INFO     | steering_lite.benchmark.cache:cached:37 - cache miss judge-request 3c94c9ad935d
2026-09-22 06:49:00.569 | INFO     | steering_lite.benchmark.cache:cached:37 - cache miss judge-request 55823554cfb9
2026-09-22 06:49:00.959 | INFO     | steering_lite.benchmark.cache:cached:37 - cache miss judge-request 89db0d710cf2
2026-09-22 06:49:01.010 | INFO     | steering_lite.benchmark.cache:cached:37 - cache miss judge-request 26ca581af17b
2026-09-22 06:49:01.053 | INFO     | steering_lite.benchmark.cache:cached:37 - cache miss judge-request 93d09f8274a9
2026-09-22 06:49:01.514 | INFO     | steering_lite.benchmark.cache:cached:37 - cache miss judge-request 12fef7d067ba
2026-09-22 06:49:01.556 | INFO     | steering_lite.benchmark.cache:cached:37 - cache miss judge-request 5fa525fb551a
2026-09-22 06:49:01.731 | INFO     | steering_lite.benchmark.cache:cached:37 - cache miss judge-request d87cdcaed1fa
2026-09-22 06:49:02.208 | INFO     | steering_lite.benchmark.cache:cached:37 - cache miss judge-request babe2d8d7e2c
2026-09-22 06:49:02.248 | INFO     | steering_lite.benchmark.cache:cached:37 - cache miss judge-request eebdbd93eb26
2026-09-22 06:49:02.276 | INFO     | steering_lite.benchmark.cache:cached:37 - cache miss judge-request 55c421cb4a02
2026-09-22 06:49:02.598 | INFO     | steering_lite.benchmark.cache:cached:37 - cache miss judge-request 34a8ac0c7204
2026-09-22 06:49:02.654 | INFO     | steering_lite.benchmark.cache:cached:37 - cache miss judge-request 955fee1649a7
2026-09-22 06:49:02.866 | INFO     | steering_lite.benchmark.cache:cached:37 - cache miss judge-request 0173e657f8c2
2026-09-22 06:49:03.287 | INFO     | steering_lite.benchmark.cache:cached:37 - cache miss judge-request 70e6acd6c2f8
2026-09-22 06:49:03.337 | INFO     | steering_lite.benchmark.cache:cached:37 - cache miss judge-request 06dbee6f8716
2026-09-22 06:49:03.370 | INFO     | steering_lite.benchmark.cache:cached:37 - cache miss judge-request bcaf6fd01097
2026-09-22 06:49:03.776 | INFO     | steering_lite.benchmark.cache:cached:37 - cache miss judge-request 0e92c8c0caaa
2026-09-22 06:49:03.812 | INFO     | steering_lite.benchmark.cache:cached:37 - cache miss judge-request fbb327d7d05c
2026-09-22 06:49:03.982 | INFO     | steering_lite.benchmark.cache:cached:37 - cache miss judge-request 0dce47bb70e0
2026-09-22 06:49:04.206 | INFO     | steering_lite.benchmark.cache:cached:37 - cache miss judge-request a2123e8b5d67
2026-09-22 06:49:04.374 | INFO     | steering_lite.benchmark.cache:cached:37 - cache miss judge-request 0e5bbec0e0f4
2026-09-22 06:49:04.410 | INFO     | steering_lite.benchmark.cache:cached:37 - cache miss judge-request c5c12e024538
2026-09-22 06:49:04.835 | INFO     | steering_lite.benchmark.cache:cached:37 - cache miss judge-request 531c3946125d
2026-09-22 06:49:04.883 | INFO     | steering_lite.benchmark.cache:cached:37 - cache miss judge-request 088ebff264b0
2026-09-22 06:49:05.018 | INFO     | steering_lite.benchmark.cache:cached:37 - cache miss judge-request af04293d983d
2026-09-22 06:49:05.394 | INFO     | steering_lite.benchmark.cache:cached:37 - cache miss judge-request 283e91bf3686
2026-09-22 06:49:05.503 | INFO     | steering_lite.benchmark.cache:cached:37 - cache miss judge-request aa2cee5fc0cb
2026-09-22 06:49:05.564 | INFO     | steering_lite.benchmark.cache:cached:37 - cache miss judge-request ba27b5ba8fbe
2026-09-22 06:49:05.936 | INFO     | steering_lite.benchmark.cache:cached:37 - cache miss judge-request 983f7e4564fa
2026-09-22 06:49:06.031 | INFO     | steering_lite.benchmark.cache:cached:37 - cache miss judge-request ddf15b01fea1
2026-09-22 06:49:06.192 | INFO     | steering_lite.benchmark.cache:cached:37 - cache miss judge-request b6b4e0e3391f
2026-09-22 06:49:06.717 | INFO     | steering_lite.benchmark.cache:cached:37 - cache miss judge-request fe96f6e90d67
2026-09-22 06:49:06.777 | INFO     | steering_lite.benchmark.cache:cached:37 - cache miss judge-request 72592d3314b9
2026-09-22 06:49:06.841 | INFO     | steering_lite.benchmark.cache:cached:37 - cache miss judge-request 266b74918776
2026-09-22 06:49:07.301 | INFO     | steering_lite.benchmark.cache:cached:37 - cache miss judge-request aa016b236d6f
2026-09-22 06:49:07.337 | INFO     | steering_lite.benchmark.cache:cached:37 - cache miss judge-request 97d133aa4874
2026-09-22 06:49:07.596 | INFO     | steering_lite.benchmark.cache:cached:37 - cache miss judge-request ea3af229e050
2026-09-22 06:49:07.982 | INFO     | steering_lite.benchmark.cache:cached:37 - cache miss judge-request 039566edd061
2026-09-22 06:49:08.043 | INFO     | steering_lite.benchmark.cache:cached:37 - cache miss judge-request 96e855874e96
2026-09-22 06:49:08.109 | INFO     | steering_lite.benchmark.cache:cached:37 - cache miss judge-request 4c7f466e43ef
2026-09-22 06:49:08.515 | INFO     | steering_lite.benchmark.cache:cached:37 - cache miss judge-request d30ae747b20e
2026-09-22 06:49:08.584 | INFO     | steering_lite.benchmark.cache:cached:37 - cache miss judge-request eddc9889d687
2026-09-22 06:49:08.766 | INFO     | steering_lite.benchmark.cache:cached:37 - cache miss judge-request 54fdd630c248
2026-09-22 06:49:09.206 | INFO     | steering_lite.benchmark.cache:cached:37 - cache miss judge-request 97eb75a9b988
2026-09-22 06:49:09.282 | INFO     | steering_lite.benchmark.cache:cached:37 - cache miss judge-request 3dc36fa57687
2026-09-22 06:49:09.283 | INFO     | steering_lite.benchmark.cache:cached:37 - cache miss judge-request 0671a48db5da
2026-09-22 06:49:09.640 | INFO     | steering_lite.benchmark.cache:cached:37 - cache miss judge-request 843865f80e17
2026-09-22 06:49:09.712 | INFO     | steering_lite.benchmark.cache:cached:37 - cache miss judge-request bca85e35553b
2026-09-22 06:49:09.900 | INFO     | steering_lite.benchmark.cache:cached:37 - cache miss judge-request 4aa20cb32801
2026-09-22 06:49:10.277 | INFO     | steering_lite.benchmark.cache:cached:37 - cache miss judge-request 6867d66ad1b0
2026-09-22 06:49:10.304 | INFO     | steering_lite.benchmark.cache:cached:37 - cache miss judge-request 57805647d4f7
2026-09-22 06:49:10.366 | INFO     | steering_lite.benchmark.cache:cached:37 - cache miss judge-request aa1f8ef1ff65
2026-09-22 06:49:10.652 | INFO     | steering_lite.benchmark.cache:cached:37 - cache miss judge-request 3e66fb19ed6a
2026-09-22 06:49:10.788 | INFO     | steering_lite.benchmark.cache:cached:37 - cache miss judge-request e30bcd26c792
2026-09-22 06:49:11.072 | INFO     | steering_lite.benchmark.cache:cached:37 - cache miss judge-request 3edf8a5c4610
2026-09-22 06:49:11.370 | INFO     | steering_lite.benchmark.cache:cached:37 - cache miss judge-request 410886e7f8b7
2026-09-22 06:49:11.424 | INFO     | steering_lite.benchmark.cache:cached:37 - cache miss judge-request d46bcf041241
2026-09-22 06:49:11.487 | INFO     | steering_lite.benchmark.cache:cached:37 - cache miss judge-request e6b8b25a70ed
2026-09-22 06:49:11.725 | INFO     | steering_lite.benchmark.cache:cached:37 - cache miss judge-request 9fdff2449722
2026-09-22 06:49:11.877 | INFO     | steering_lite.benchmark.cache:cached:37 - cache miss judge-request 68ab338848db
2026-09-22 06:49:12.124 | INFO     | steering_lite.benchmark.cache:cached:37 - cache miss judge-request 4d1a9a72f3e1
2026-09-22 06:49:12.546 | INFO     | steering_lite.benchmark.cache:cached:37 - cache miss judge-request fdcdec99b75f
2026-09-22 06:49:13.077 | INFO     | steering_lite.benchmark.cache:cached:37 - cache miss final-health 5323f48c32b1
2026-09-22 06:49:13.080 | INFO     | steering_lite.benchmark.cache:cached:37 - cache miss final-aware 7f0268beb616
2026-09-22 06:49:13.084 | INFO     | steering_lite.benchmark.cache:cached:37 - cache miss final-blind 9d2f9f9552fb
2026-09-22 06:49:13.292 | INFO     | steering_lite.data.personas:load_suffixes:47 - Loaded 200 branching suffixes
2026-09-22 06:49:13.299 | INFO     | steering_lite.benchmark.cache:cached:37 - cache miss calibration-candidates 034be1838da0
2026-09-22 06:49:13.422 | INFO     | steering_lite.benchmark.cache:cached:37 - cache miss candidate-judgments bc4734132f7b
2026-09-22 06:49:13.425 | INFO     | steering_lite.benchmark.cache:cached:37 - cache miss judge-request ff73fb42b680
2026-09-22 06:49:13.425 | INFO     | steering_lite.benchmark.cache:cached:37 - cache miss judge-request aa9f35b664cb
2026-09-22 06:49:13.426 | INFO     | steering_lite.benchmark.cache:cached:37 - cache miss judge-request ed01b8a3ba1f
2026-09-22 06:49:13.425 | INFO     | steering_lite.benchmark.cache:cached:37 - cache miss judge-request e67ebf2aa6e3
2026-09-22 06:49:13.425 | INFO     | steering_lite.benchmark.cache:cached:37 - cache miss judge-request 55ff7db95619
2026-09-22 06:49:13.427 | INFO     | steering_lite.benchmark.cache:cached:37 - cache miss judge-request 9723ba54c9e1
2026-09-22 06:49:14.356 | INFO     | steering_lite.benchmark.cache:cached:37 - cache miss judge-request 2ecaf4ca8a23
2026-09-22 06:49:14.386 | INFO     | steering_lite.benchmark.cache:cached:37 - cache miss judge-request 4147bce678dc
2026-09-22 06:49:14.463 | INFO     | steering_lite.benchmark.cache:cached:37 - cache miss judge-request a8ad21120d1d
2026-09-22 06:49:14.481 | INFO     | steering_lite.benchmark.cache:cached:37 - cache miss judge-request c1f3d3bb289d
2026-09-22 06:49:14.523 | INFO     | steering_lite.benchmark.cache:cached:37 - cache miss judge-request 7db812bd928e
2026-09-22 06:49:14.561 | INFO     | steering_lite.benchmark.cache:cached:37 - cache miss judge-request 85463617389d
2026-09-22 06:49:15.428 | INFO     | steering_lite.benchmark.cache:cached:37 - cache miss judge-request 7d8f090bed07
2026-09-22 06:49:15.533 | INFO     | steering_lite.benchmark.cache:cached:37 - cache miss judge-request 4abe8f3523e7
2026-09-22 06:49:15.534 | INFO     | steering_lite.benchmark.cache:cached:37 - cache miss judge-request f040068da223
2026-09-22 06:49:15.631 | INFO     | steering_lite.benchmark.cache:cached:37 - cache miss judge-request fd55f94096ef
2026-09-22 06:49:15.632 | INFO     | steering_lite.benchmark.cache:cached:37 - cache miss judge-request 870b384f0d80
2026-09-22 06:49:15.678 | INFO     | steering_lite.benchmark.cache:cached:37 - cache miss judge-request 56f79c3771ac
2026-09-22 06:49:16.584 | INFO     | steering_lite.benchmark.cache:cached:37 - cache miss judge-request 216d9862f6c3
2026-09-22 06:49:16.625 | INFO     | steering_lite.benchmark.cache:cached:37 - cache miss judge-request 3df62fd44475
2026-09-22 06:49:16.679 | INFO     | steering_lite.benchmark.cache:cached:37 - cache miss judge-request b0402f6f204b
2026-09-22 06:49:16.736 | INFO     | steering_lite.benchmark.cache:cached:37 - cache miss judge-request 9e7f00fb6bb1
2026-09-22 06:49:16.788 | INFO     | steering_lite.benchmark.cache:cached:37 - cache miss judge-request 1a2e148c87f6
2026-09-22 06:49:16.834 | INFO     | steering_lite.benchmark.cache:cached:37 - cache miss judge-request a927325e6f65
2026-09-22 06:49:17.917 | INFO     | steering_lite.benchmark.cache:cached:37 - cache miss judge-request 0b5efd572f77
2026-09-22 06:49:17.981 | INFO     | steering_lite.benchmark.cache:cached:37 - cache miss judge-request 3c6f7d542cda
2026-09-22 06:49:17.992 | INFO     | steering_lite.benchmark.cache:cached:37 - cache miss judge-request fe76f1aba801
2026-09-22 06:49:18.035 | INFO     | steering_lite.benchmark.cache:cached:37 - cache miss judge-request 73b2099f8f9d
2026-09-22 06:49:18.080 | INFO     | steering_lite.benchmark.cache:cached:37 - cache miss judge-request efe9cc8410a3
2026-09-22 06:49:18.145 | INFO     | steering_lite.benchmark.cache:cached:37 - cache miss judge-request 983c148d2fc0
2026-09-22 06:49:19.084 | INFO     | steering_lite.benchmark.cache:cached:37 - cache miss judge-request e47eb5fe4dd4
2026-09-22 06:49:19.147 | INFO     | steering_lite.benchmark.cache:cached:37 - cache miss judge-request 366874da6843
2026-09-22 06:49:19.206 | INFO     | steering_lite.benchmark.cache:cached:37 - cache miss judge-request a79c27eddede
2026-09-22 06:49:19.261 | INFO     | steering_lite.benchmark.cache:cached:37 - cache miss judge-request ef1ca69d55a7
2026-09-22 06:49:19.340 | INFO     | steering_lite.benchmark.cache:cached:37 - cache miss judge-request f091edc094a4
2026-09-22 06:49:19.427 | INFO     | steering_lite.benchmark.cache:cached:37 - cache miss judge-request f4295f96fdda
2026-09-22 06:49:20.514 | INFO     | steering_lite.benchmark.cache:cached:37 - cache miss judge-request 34caaf41445b
2026-09-22 06:49:20.565 | INFO     | steering_lite.benchmark.cache:cached:37 - cache miss judge-request b98f084b74ae
2026-09-22 06:49:20.618 | INFO     | steering_lite.benchmark.cache:cached:37 - cache miss judge-request b9f5d7050eee
2026-09-22 06:49:20.640 | INFO     | steering_lite.benchmark.cache:cached:37 - cache miss judge-request efd55a224d46
2026-09-22 06:49:20.700 | INFO     | steering_lite.benchmark.cache:cached:37 - cache miss judge-request d617d2603105
2026-09-22 06:49:20.764 | INFO     | steering_lite.benchmark.cache:cached:37 - cache miss judge-request 9318a904006a
2026-09-22 06:49:21.697 | INFO     | steering_lite.benchmark.cache:cached:37 - cache miss judge-request e159293f1b27
2026-09-22 06:49:21.757 | INFO     | steering_lite.benchmark.cache:cached:37 - cache miss judge-request 78dde323d4a8
2026-09-22 06:49:21.819 | INFO     | steering_lite.benchmark.cache:cached:37 - cache miss judge-request f2dcfddb99af
2026-09-22 06:49:21.858 | INFO     | steering_lite.benchmark.cache:cached:37 - cache miss judge-request 7853801882f9
2026-09-22 06:49:21.909 | INFO     | steering_lite.benchmark.cache:cached:37 - cache miss judge-request f11574d4171d
2026-09-22 06:49:21.934 | INFO     | steering_lite.benchmark.cache:cached:37 - cache miss judge-request dcbe41b71a5a
2026-09-22 06:49:23.343 | INFO     | steering_lite.benchmark.cache:cached:37 - cache miss candidate-health ff845823f7ba
2026-09-22 06:49:23.347 | INFO     | steering_lite.benchmark.cache:cached:37 - cache miss candidate-aware 21d3d81d78c5
2026-09-22 06:49:23.350 | INFO     | steering_lite.benchmark.cache:cached:37 - cache miss candidate-blind 30775079a7c6
2026-09-22 06:49:23.353 | INFO     | steering_lite.benchmark.cache:cached:37 - cache miss final-generation 1cfa550b827f
2026-09-22 06:49:23.466 | INFO     | steering_lite.benchmark.cache:cached:37 - cache miss final-judgments 34e8b77e5997
2026-09-22 06:49:23.482 | INFO     | steering_lite.benchmark.cache:cached:37 - cache miss judge-request 343efc242645
2026-09-22 06:49:23.483 | INFO     | steering_lite.benchmark.cache:cached:37 - cache miss judge-request e75e5cbf4c5b
2026-09-22 06:49:23.483 | INFO     | steering_lite.benchmark.cache:cached:37 - cache miss judge-request a103f4f877ff
2026-09-22 06:49:23.484 | INFO     | steering_lite.benchmark.cache:cached:37 - cache miss judge-request 2ef316442264
2026-09-22 06:49:23.483 | INFO     | steering_lite.benchmark.cache:cached:37 - cache miss judge-request 8e3f388993fa
2026-09-22 06:49:23.484 | INFO     | steering_lite.benchmark.cache:cached:37 - cache miss judge-request 14b3a391bead
2026-09-22 06:49:24.436 | INFO     | steering_lite.benchmark.cache:cached:37 - cache miss judge-request 98b62a333c0d
2026-09-22 06:49:24.510 | INFO     | steering_lite.benchmark.cache:cached:37 - cache miss judge-request 832db61b264a
2026-09-22 06:49:24.535 | INFO     | steering_lite.benchmark.cache:cached:37 - cache miss judge-request d68b0a9e9e2b
2026-09-22 06:49:24.572 | INFO     | steering_lite.benchmark.cache:cached:37 - cache miss judge-request 40d579dd8814
2026-09-22 06:49:24.616 | INFO     | steering_lite.benchmark.cache:cached:37 - cache miss judge-request e24f79cdf32e
2026-09-22 06:49:24.687 | INFO     | steering_lite.benchmark.cache:cached:37 - cache miss judge-request 0afb5aa2a2a6
2026-09-22 06:49:25.555 | INFO     | steering_lite.benchmark.cache:cached:37 - cache miss judge-request 6a23768733a4
2026-09-22 06:49:25.600 | INFO     | steering_lite.benchmark.cache:cached:37 - cache miss judge-request d2adf94a306f
2026-09-22 06:49:25.604 | INFO     | steering_lite.benchmark.cache:cached:37 - cache miss judge-request a4925c300797
2026-09-22 06:49:25.701 | INFO     | steering_lite.benchmark.cache:cached:37 - cache miss judge-request 549331b83782
2026-09-22 06:49:25.720 | INFO     | steering_lite.benchmark.cache:cached:37 - cache miss judge-request 8544b8a0180d
2026-09-22 06:49:25.765 | INFO     | steering_lite.benchmark.cache:cached:37 - cache miss judge-request d7630ed67fc1
2026-09-22 06:49:26.737 | INFO     | steering_lite.benchmark.cache:cached:37 - cache miss judge-request 33c60a572600
2026-09-22 06:49:26.785 | INFO     | steering_lite.benchmark.cache:cached:37 - cache miss judge-request b137dcda05e2
2026-09-22 06:49:26.827 | INFO     | steering_lite.benchmark.cache:cached:37 - cache miss judge-request e62c3e28b77a
2026-09-22 06:49:26.891 | INFO     | steering_lite.benchmark.cache:cached:37 - cache miss judge-request 0851d77cd14b
2026-09-22 06:49:26.971 | INFO     | steering_lite.benchmark.cache:cached:37 - cache miss judge-request 6f1f81ec9be8
2026-09-22 06:49:27.050 | INFO     | steering_lite.benchmark.cache:cached:37 - cache miss judge-request 29464aa7a96b
2026-09-22 06:49:28.137 | INFO     | steering_lite.benchmark.cache:cached:37 - cache miss judge-request 841296fb244e
2026-09-22 06:49:28.143 | INFO     | steering_lite.benchmark.cache:cached:37 - cache miss judge-request fdbca90cb52e
2026-09-22 06:49:28.194 | INFO     | steering_lite.benchmark.cache:cached:37 - cache miss judge-request 22f283a2a226
2026-09-22 06:49:28.277 | INFO     | steering_lite.benchmark.cache:cached:37 - cache miss judge-request cf8e2620b5f4
2026-09-22 06:49:28.350 | INFO     | steering_lite.benchmark.cache:cached:37 - cache miss judge-request 6eb3bc42947c
2026-09-22 06:49:28.387 | INFO     | steering_lite.benchmark.cache:cached:37 - cache miss judge-request 032e7f84f3fb
2026-09-22 06:49:29.421 | INFO     | steering_lite.benchmark.cache:cached:37 - cache miss judge-request 3ae4ff574e94
2026-09-22 06:49:29.545 | INFO     | steering_lite.benchmark.cache:cached:37 - cache miss judge-request 41e29e1b39e1
2026-09-22 06:49:29.594 | INFO     | steering_lite.benchmark.cache:cached:37 - cache miss judge-request 8a8175047804
2026-09-22 06:49:29.624 | INFO     | steering_lite.benchmark.cache:cached:37 - cache miss judge-request bc37c764b21d
2026-09-22 06:49:29.658 | INFO     | steering_lite.benchmark.cache:cached:37 - cache miss judge-request fd19d8030c73
2026-09-22 06:49:29.763 | INFO     | steering_lite.benchmark.cache:cached:37 - cache miss judge-request 8557d5073737
2026-09-22 06:49:30.608 | INFO     | steering_lite.benchmark.cache:cached:37 - cache miss judge-request af5c20d151d8
2026-09-22 06:49:30.682 | INFO     | steering_lite.benchmark.cache:cached:37 - cache miss judge-request 186de30b0256
2026-09-22 06:49:30.728 | INFO     | steering_lite.benchmark.cache:cached:37 - cache miss judge-request 787849a74f5c
2026-09-22 06:49:30.779 | INFO     | steering_lite.benchmark.cache:cached:37 - cache miss judge-request cc95b451934e
2026-09-22 06:49:30.844 | INFO     | steering_lite.benchmark.cache:cached:37 - cache miss judge-request b5d6f961ce22
2026-09-22 06:49:30.876 | INFO     | steering_lite.benchmark.cache:cached:37 - cache miss judge-request 0835e517ec2b
2026-09-22 06:49:31.762 | INFO     | steering_lite.benchmark.cache:cached:37 - cache miss judge-request 29872a6d15e0
2026-09-22 06:49:31.812 | INFO     | steering_lite.benchmark.cache:cached:37 - cache miss judge-request fa1328af5026
2026-09-22 06:49:31.860 | INFO     | steering_lite.benchmark.cache:cached:37 - cache miss judge-request 922c4137666f
2026-09-22 06:49:31.900 | INFO     | steering_lite.benchmark.cache:cached:37 - cache miss judge-request 4870cb8a111e
2026-09-22 06:49:31.951 | INFO     | steering_lite.benchmark.cache:cached:37 - cache miss judge-request 896eb1af2dfa
2026-09-22 06:49:32.022 | INFO     | steering_lite.benchmark.cache:cached:37 - cache miss judge-request 1a8381ee6fbf
2026-09-22 06:49:32.820 | INFO     | steering_lite.benchmark.cache:cached:37 - cache miss judge-request 4fefc32e7b89
2026-09-22 06:49:32.953 | INFO     | steering_lite.benchmark.cache:cached:37 - cache miss judge-request 211b1811499e
2026-09-22 06:49:32.973 | INFO     | steering_lite.benchmark.cache:cached:37 - cache miss judge-request e0a942cc601b
2026-09-22 06:49:33.041 | INFO     | steering_lite.benchmark.cache:cached:37 - cache miss judge-request e32912a574f5
2026-09-22 06:49:33.061 | INFO     | steering_lite.benchmark.cache:cached:37 - cache miss judge-request 0cbccfca92b3
2026-09-22 06:49:33.179 | INFO     | steering_lite.benchmark.cache:cached:37 - cache miss judge-request fc006a53b593
2026-09-22 06:49:34.268 | INFO     | steering_lite.benchmark.cache:cached:37 - cache miss judge-request 52bf6e6a4e71
2026-09-22 06:49:34.349 | INFO     | steering_lite.benchmark.cache:cached:37 - cache miss judge-request 49cefe2f1d6f
2026-09-22 06:49:34.410 | INFO     | steering_lite.benchmark.cache:cached:37 - cache miss judge-request 4916ade83136
2026-09-22 06:49:34.431 | INFO     | steering_lite.benchmark.cache:cached:37 - cache miss judge-request 2e1517e49d5b
2026-09-22 06:49:34.501 | INFO     | steering_lite.benchmark.cache:cached:37 - cache miss judge-request 2b21242c5042
2026-09-22 06:49:34.568 | INFO     | steering_lite.benchmark.cache:cached:37 - cache miss judge-request 969ce09fda99
2026-09-22 06:49:35.412 | INFO     | steering_lite.benchmark.cache:cached:37 - cache miss judge-request 1581f15d76ea
2026-09-22 06:49:35.498 | INFO     | steering_lite.benchmark.cache:cached:37 - cache miss judge-request 04bfbf9983a2
2026-09-22 06:49:35.564 | INFO     | steering_lite.benchmark.cache:cached:37 - cache miss judge-request 98f4a1549aad
2026-09-22 06:49:35.650 | INFO     | steering_lite.benchmark.cache:cached:37 - cache miss judge-request 6d30e1daac4c
2026-09-22 06:49:35.651 | INFO     | steering_lite.benchmark.cache:cached:37 - cache miss judge-request bc3ad1eaf2ee
2026-09-22 06:49:35.770 | INFO     | steering_lite.benchmark.cache:cached:37 - cache miss judge-request 63e138337ef4
2026-09-22 06:49:36.669 | INFO     | steering_lite.benchmark.cache:cached:37 - cache miss judge-request fa8c22517122
2026-09-22 06:49:36.761 | INFO     | steering_lite.benchmark.cache:cached:37 - cache miss judge-request 4d60803136d3
2026-09-22 06:49:36.800 | INFO     | steering_lite.benchmark.cache:cached:37 - cache miss judge-request a9bd33348abd
2026-09-22 06:49:36.835 | INFO     | steering_lite.benchmark.cache:cached:37 - cache miss judge-request ddf7b80f8c2d
2026-09-22 06:49:36.871 | INFO     | steering_lite.benchmark.cache:cached:37 - cache miss judge-request a72463ab21c8
2026-09-22 06:49:36.951 | INFO     | steering_lite.benchmark.cache:cached:37 - cache miss judge-request 7abeab9a95ee
2026-09-22 06:49:37.775 | INFO     | steering_lite.benchmark.cache:cached:37 - cache miss judge-request 630053ad10f2
2026-09-22 06:49:37.871 | INFO     | steering_lite.benchmark.cache:cached:37 - cache miss judge-request 4657634fa398
2026-09-22 06:49:37.913 | INFO     | steering_lite.benchmark.cache:cached:37 - cache miss judge-request dcc2208fef2d
2026-09-22 06:49:37.953 | INFO     | steering_lite.benchmark.cache:cached:37 - cache miss judge-request 0674e175ffcf
2026-09-22 06:49:38.023 | INFO     | steering_lite.benchmark.cache:cached:37 - cache miss judge-request b1b8857b2c73
2026-09-22 06:49:38.123 | INFO     | steering_lite.benchmark.cache:cached:37 - cache miss judge-request ca1d349c1a62
2026-09-22 06:49:39.115 | INFO     | steering_lite.benchmark.cache:cached:37 - cache miss judge-request e3421a45e6c7
2026-09-22 06:49:39.229 | INFO     | steering_lite.benchmark.cache:cached:37 - cache miss judge-request 8d2b905feb96
2026-09-22 06:49:39.343 | INFO     | steering_lite.benchmark.cache:cached:37 - cache miss judge-request f344634a2c75
2026-09-22 06:49:39.404 | INFO     | steering_lite.benchmark.cache:cached:37 - cache miss judge-request f6c729edc310
2026-09-22 06:49:39.476 | INFO     | steering_lite.benchmark.cache:cached:37 - cache miss judge-request eaf219cc71e9
2026-09-22 06:49:39.616 | INFO     | steering_lite.benchmark.cache:cached:37 - cache miss judge-request c507abe973c4
2026-09-22 06:49:40.620 | INFO     | steering_lite.benchmark.cache:cached:37 - cache miss judge-request e697c63b88e4
2026-09-22 06:49:40.657 | INFO     | steering_lite.benchmark.cache:cached:37 - cache miss judge-request 47473a60a18d
2026-09-22 06:49:40.701 | INFO     | steering_lite.benchmark.cache:cached:37 - cache miss judge-request 0749c257c260
2026-09-22 06:49:40.764 | INFO     | steering_lite.benchmark.cache:cached:37 - cache miss judge-request 1a926ed8a42e
2026-09-22 06:49:40.815 | INFO     | steering_lite.benchmark.cache:cached:37 - cache miss judge-request 751a98f99379
2026-09-22 06:49:40.855 | INFO     | steering_lite.benchmark.cache:cached:37 - cache miss judge-request ae2065bf8007
2026-09-22 06:49:41.839 | INFO     | steering_lite.benchmark.cache:cached:37 - cache miss judge-request d440346b6c23
2026-09-22 06:49:41.912 | INFO     | steering_lite.benchmark.cache:cached:37 - cache miss judge-request c36853ad2dbd
2026-09-22 06:49:41.913 | INFO     | steering_lite.benchmark.cache:cached:37 - cache miss judge-request d8c8675dab28
2026-09-22 06:49:41.957 | INFO     | steering_lite.benchmark.cache:cached:37 - cache miss judge-request 752313ad9971
2026-09-22 06:49:42.002 | INFO     | steering_lite.benchmark.cache:cached:37 - cache miss judge-request f03ccbd23aeb
2026-09-22 06:49:42.094 | INFO     | steering_lite.benchmark.cache:cached:37 - cache miss judge-request 2e94c33b4aeb
2026-09-22 06:49:42.929 | INFO     | steering_lite.benchmark.cache:cached:37 - cache miss judge-request 7b6703cd64db
2026-09-22 06:49:43.018 | INFO     | steering_lite.benchmark.cache:cached:37 - cache miss judge-request cff4a47b84a7
2026-09-22 06:49:43.044 | INFO     | steering_lite.benchmark.cache:cached:37 - cache miss judge-request dd35eb2a1c7e
2026-09-22 06:49:43.100 | INFO     | steering_lite.benchmark.cache:cached:37 - cache miss judge-request 69bcdcca098c
2026-09-22 06:49:43.148 | INFO     | steering_lite.benchmark.cache:cached:37 - cache miss judge-request c483f271a502
2026-09-22 06:49:43.282 | INFO     | steering_lite.benchmark.cache:cached:37 - cache miss judge-request 6f3bc0dd3c47
2026-09-22 06:49:44.137 | INFO     | steering_lite.benchmark.cache:cached:37 - cache miss judge-request 81bfd9b29f75
2026-09-22 06:49:44.227 | INFO     | steering_lite.benchmark.cache:cached:37 - cache miss judge-request 6c8f7598280c
2026-09-22 06:49:44.332 | INFO     | steering_lite.benchmark.cache:cached:37 - cache miss judge-request ea3daa534b84
2026-09-22 06:49:44.345 | INFO     | steering_lite.benchmark.cache:cached:37 - cache miss judge-request e821227e34cc
2026-09-22 06:49:44.398 | INFO     | steering_lite.benchmark.cache:cached:37 - cache miss judge-request 031188c1b967
2026-09-22 06:49:44.585 | INFO     | steering_lite.benchmark.cache:cached:37 - cache miss judge-request c945cfea8076
2026-09-22 06:49:45.666 | INFO     | steering_lite.benchmark.cache:cached:37 - cache miss judge-request e25c3c76ea64
2026-09-22 06:49:45.780 | INFO     | steering_lite.benchmark.cache:cached:37 - cache miss judge-request dc2dd1d5a53a
2026-09-22 06:49:45.802 | INFO     | steering_lite.benchmark.cache:cached:37 - cache miss judge-request 3cd5482ec7e3
2026-09-22 06:49:45.870 | INFO     | steering_lite.benchmark.cache:cached:37 - cache miss judge-request 1fd0ec20ad36
2026-09-22 06:49:45.906 | INFO     | steering_lite.benchmark.cache:cached:37 - cache miss judge-request ffdf0667f18f
2026-09-22 06:49:46.043 | INFO     | steering_lite.benchmark.cache:cached:37 - cache miss judge-request b412b986c276
2026-09-22 06:49:47.026 | INFO     | steering_lite.benchmark.cache:cached:37 - cache miss judge-request ce21eaf67e50
2026-09-22 06:49:47.068 | INFO     | steering_lite.benchmark.cache:cached:37 - cache miss judge-request a4a4756c5829
2026-09-22 06:49:47.112 | INFO     | steering_lite.benchmark.cache:cached:37 - cache miss judge-request 99d77866726f
2026-09-22 06:49:47.161 | INFO     | steering_lite.benchmark.cache:cached:37 - cache miss judge-request 4262cc8244c0
2026-09-22 06:49:47.184 | INFO     | steering_lite.benchmark.cache:cached:37 - cache miss judge-request 5714ada90ebc
2026-09-22 06:49:47.225 | INFO     | steering_lite.benchmark.cache:cached:37 - cache miss judge-request 31197764b1dd
2026-09-22 06:49:48.273 | INFO     | steering_lite.benchmark.cache:cached:37 - cache miss judge-request 134a3245ae9c
2026-09-22 06:49:48.343 | INFO     | steering_lite.benchmark.cache:cached:37 - cache miss judge-request 774d0e58d8ca
2026-09-22 06:49:48.392 | INFO     | steering_lite.benchmark.cache:cached:37 - cache miss judge-request 8cf097455b86
2026-09-22 06:49:48.436 | INFO     | steering_lite.benchmark.cache:cached:37 - cache miss judge-request 15350be23f1d
2026-09-22 06:49:48.539 | INFO     | steering_lite.benchmark.cache:cached:37 - cache miss judge-request 616663173930
2026-09-22 06:49:48.604 | INFO     | steering_lite.benchmark.cache:cached:37 - cache miss judge-request 75f1a73ddc35
2026-09-22 06:49:49.858 | INFO     | steering_lite.benchmark.cache:cached:37 - cache miss judge-request d60ba0205593
2026-09-22 06:49:49.935 | INFO     | steering_lite.benchmark.cache:cached:37 - cache miss judge-request fe6647880450
2026-09-22 06:49:50.026 | INFO     | steering_lite.benchmark.cache:cached:37 - cache miss judge-request 6ec9df6050de
2026-09-22 06:49:50.074 | INFO     | steering_lite.benchmark.cache:cached:37 - cache miss judge-request 3fb5a7976b00
2026-09-22 06:49:50.134 | INFO     | steering_lite.benchmark.cache:cached:37 - cache miss judge-request 1aa7edc4dec5
2026-09-22 06:49:50.199 | INFO     | steering_lite.benchmark.cache:cached:37 - cache miss judge-request 255fd50f0650
2026-09-22 06:49:51.407 | INFO     | steering_lite.benchmark.cache:cached:37 - cache miss judge-request 9ac7e9edf812
2026-09-22 06:49:51.446 | INFO     | steering_lite.benchmark.cache:cached:37 - cache miss judge-request 0ac67c5ce852
2026-09-22 06:49:51.514 | INFO     | steering_lite.benchmark.cache:cached:37 - cache miss judge-request f9e3406a423d
2026-09-22 06:49:51.590 | INFO     | steering_lite.benchmark.cache:cached:37 - cache miss judge-request 16553a2a60e3
2026-09-22 06:49:51.626 | INFO     | steering_lite.benchmark.cache:cached:37 - cache miss judge-request 68b10cdce839
2026-09-22 06:49:51.680 | INFO     | steering_lite.benchmark.cache:cached:37 - cache miss judge-request 2ffbb98bdf2d
2026-09-22 06:49:52.769 | INFO     | steering_lite.benchmark.cache:cached:37 - cache miss judge-request d8da981f8a84
2026-09-22 06:49:52.836 | INFO     | steering_lite.benchmark.cache:cached:37 - cache miss judge-request 7d4d6599d8f9
2026-09-22 06:49:52.873 | INFO     | steering_lite.benchmark.cache:cached:37 - cache miss judge-request 09f56dd92170
2026-09-22 06:49:52.934 | INFO     | steering_lite.benchmark.cache:cached:37 - cache miss judge-request 5e96656fd735
2026-09-22 06:49:52.993 | INFO     | steering_lite.benchmark.cache:cached:37 - cache miss judge-request 05b13733a54f
2026-09-22 06:49:53.064 | INFO     | steering_lite.benchmark.cache:cached:37 - cache miss judge-request 2fa2f6158a99
2026-09-22 06:49:54.109 | INFO     | steering_lite.benchmark.cache:cached:37 - cache miss judge-request c78f85e973de
2026-09-22 06:49:54.390 | INFO     | steering_lite.benchmark.cache:cached:37 - cache miss judge-request bf191f97058c
2026-09-22 06:49:54.449 | INFO     | steering_lite.benchmark.cache:cached:37 - cache miss judge-request fb31b2928537
2026-09-22 06:49:54.481 | INFO     | steering_lite.benchmark.cache:cached:37 - cache miss judge-request 336853d7904f
2026-09-22 06:49:54.548 | INFO     | steering_lite.benchmark.cache:cached:37 - cache miss judge-request d40a8c324aeb
2026-09-22 06:49:54.664 | INFO     | steering_lite.benchmark.cache:cached:37 - cache miss judge-request 7e5e9e0d97af
2026-09-22 06:49:55.718 | INFO     | steering_lite.benchmark.cache:cached:37 - cache miss judge-request b5136c4b1679
2026-09-22 06:49:55.855 | INFO     | steering_lite.benchmark.cache:cached:37 - cache miss judge-request 056b604955a5
2026-09-22 06:49:55.965 | INFO     | steering_lite.benchmark.cache:cached:37 - cache miss judge-request b378c95db993
2026-09-22 06:49:55.965 | INFO     | steering_lite.benchmark.cache:cached:37 - cache miss judge-request a6eaeb5f9e5a
2026-09-22 06:49:56.071 | INFO     | steering_lite.benchmark.cache:cached:37 - cache miss judge-request f96bd6ca7d74
2026-09-22 06:49:56.208 | INFO     | steering_lite.benchmark.cache:cached:37 - cache miss judge-request de4434896ad8
2026-09-22 06:49:57.639 | INFO     | steering_lite.benchmark.cache:cached:37 - cache miss judge-request d83eecad308a
2026-09-22 06:49:57.718 | INFO     | steering_lite.benchmark.cache:cached:37 - cache miss judge-request dbdb164302de
2026-09-22 06:49:57.763 | INFO     | steering_lite.benchmark.cache:cached:37 - cache miss judge-request e8ab82b3813c
2026-09-22 06:49:57.811 | INFO     | steering_lite.benchmark.cache:cached:37 - cache miss judge-request f12c01eb32ed
2026-09-22 06:49:57.891 | INFO     | steering_lite.benchmark.cache:cached:37 - cache miss judge-request b9383841bfac
2026-09-22 06:49:57.976 | INFO     | steering_lite.benchmark.cache:cached:37 - cache miss judge-request 6c8e5df5b61d
2026-09-22 06:49:59.076 | INFO     | steering_lite.benchmark.cache:cached:37 - cache miss judge-request 770cc76f7061
2026-09-22 06:49:59.150 | INFO     | steering_lite.benchmark.cache:cached:37 - cache miss judge-request f662eb0ea3b1
2026-09-22 06:49:59.222 | INFO     | steering_lite.benchmark.cache:cached:37 - cache miss judge-request db161961475a
2026-09-22 06:49:59.274 | INFO     | steering_lite.benchmark.cache:cached:37 - cache miss judge-request d1d34aea4a93
2026-09-22 06:49:59.354 | INFO     | steering_lite.benchmark.cache:cached:37 - cache miss judge-request ef93e8911763
2026-09-22 06:49:59.416 | INFO     | steering_lite.benchmark.cache:cached:37 - cache miss judge-request d3fa5eea4252
2026-09-22 06:50:00.736 | INFO     | steering_lite.benchmark.cache:cached:37 - cache miss judge-request 017992fce602
2026-09-22 06:50:00.798 | INFO     | steering_lite.benchmark.cache:cached:37 - cache miss judge-request 8e5aef3d2477
2026-09-22 06:50:00.874 | INFO     | steering_lite.benchmark.cache:cached:37 - cache miss judge-request 3a73bed2c276
2026-09-22 06:50:00.962 | INFO     | steering_lite.benchmark.cache:cached:37 - cache miss judge-request b806860c9f74
2026-09-22 06:50:01.018 | INFO     | steering_lite.benchmark.cache:cached:37 - cache miss judge-request 30e2ab4ddc56
2026-09-22 06:50:01.119 | INFO     | steering_lite.benchmark.cache:cached:37 - cache miss judge-request 143c145f2106
2026-09-22 06:50:02.254 | INFO     | steering_lite.benchmark.cache:cached:37 - cache miss judge-request 2fd632ffc7ee
2026-09-22 06:50:02.307 | INFO     | steering_lite.benchmark.cache:cached:37 - cache miss judge-request 30ebad2fbdfd
2026-09-22 06:50:02.358 | INFO     | steering_lite.benchmark.cache:cached:37 - cache miss judge-request 2e661d5c154b
2026-09-22 06:50:02.426 | INFO     | steering_lite.benchmark.cache:cached:37 - cache miss judge-request bd7fdc96ad1b
2026-09-22 06:50:02.474 | INFO     | steering_lite.benchmark.cache:cached:37 - cache miss judge-request ffb4f32473ee
2026-09-22 06:50:02.517 | INFO     | steering_lite.benchmark.cache:cached:37 - cache miss judge-request 5a76afd70168
2026-09-22 06:50:03.700 | INFO     | steering_lite.benchmark.cache:cached:37 - cache miss judge-request 061ae61d6122
2026-09-22 06:50:03.738 | INFO     | steering_lite.benchmark.cache:cached:37 - cache miss judge-request 00fb5db5490c
2026-09-22 06:50:03.814 | INFO     | steering_lite.benchmark.cache:cached:37 - cache miss judge-request b12cc5ea48f7
2026-09-22 06:50:03.855 | INFO     | steering_lite.benchmark.cache:cached:37 - cache miss judge-request d62e9087af0f
2026-09-22 06:50:03.898 | INFO     | steering_lite.benchmark.cache:cached:37 - cache miss judge-request 1752eff1c8d2
2026-09-22 06:50:03.988 | INFO     | steering_lite.benchmark.cache:cached:37 - cache miss judge-request f1a7a52082c0
2026-09-22 06:50:05.372 | INFO     | steering_lite.benchmark.cache:cached:37 - cache miss judge-request cc3bd94c73da
2026-09-22 06:50:05.401 | INFO     | steering_lite.benchmark.cache:cached:37 - cache miss judge-request 270cea434700
2026-09-22 06:50:05.455 | INFO     | steering_lite.benchmark.cache:cached:37 - cache miss judge-request 25742d29b55e
2026-09-22 06:50:05.490 | INFO     | steering_lite.benchmark.cache:cached:37 - cache miss judge-request 6fb5d1f0f3f1
2026-09-22 06:50:05.542 | INFO     | steering_lite.benchmark.cache:cached:37 - cache miss judge-request 4d1e23576790
2026-09-22 06:50:05.604 | INFO     | steering_lite.benchmark.cache:cached:37 - cache miss judge-request a359181de540
2026-09-22 06:50:06.764 | INFO     | steering_lite.benchmark.cache:cached:37 - cache miss judge-request 82840e9f2203
2026-09-22 06:50:06.882 | INFO     | steering_lite.benchmark.cache:cached:37 - cache miss judge-request 787f6d4a1b70
2026-09-22 06:50:06.943 | INFO     | steering_lite.benchmark.cache:cached:37 - cache miss judge-request e8c780d4d7f3
2026-09-22 06:50:07.016 | INFO     | steering_lite.benchmark.cache:cached:37 - cache miss judge-request 615fbf9c43c8
2026-09-22 06:50:07.058 | INFO     | steering_lite.benchmark.cache:cached:37 - cache miss judge-request bd8d881310be
2026-09-22 06:50:07.140 | INFO     | steering_lite.benchmark.cache:cached:37 - cache miss judge-request c47a9a936ba3
2026-09-22 06:50:08.141 | INFO     | steering_lite.benchmark.cache:cached:37 - cache miss judge-request a869f4509e13
2026-09-22 06:50:08.197 | INFO     | steering_lite.benchmark.cache:cached:37 - cache miss judge-request 897d863135b7
2026-09-22 06:50:08.277 | INFO     | steering_lite.benchmark.cache:cached:37 - cache miss judge-request 6086a7341c30
2026-09-22 06:50:08.315 | INFO     | steering_lite.benchmark.cache:cached:37 - cache miss judge-request 7670edce549f
2026-09-22 06:50:08.377 | INFO     | steering_lite.benchmark.cache:cached:37 - cache miss judge-request 9388b89e2910
2026-09-22 06:50:08.435 | INFO     | steering_lite.benchmark.cache:cached:37 - cache miss judge-request 8c5bf2b17095
2026-09-22 06:50:09.632 | INFO     | steering_lite.benchmark.cache:cached:37 - cache miss judge-request a81cf2450db4
2026-09-22 06:50:09.697 | INFO     | steering_lite.benchmark.cache:cached:37 - cache miss judge-request bb3d193fd9f5
2026-09-22 06:50:09.753 | INFO     | steering_lite.benchmark.cache:cached:37 - cache miss judge-request 99421455ad33
2026-09-22 06:50:09.813 | INFO     | steering_lite.benchmark.cache:cached:37 - cache miss judge-request 20f0340b8df7
2026-09-22 06:50:09.868 | INFO     | steering_lite.benchmark.cache:cached:37 - cache miss judge-request c15bde7a739b
2026-09-22 06:50:09.958 | INFO     | steering_lite.benchmark.cache:cached:37 - cache miss judge-request d42eb3bdb62d
2026-09-22 06:50:11.030 | INFO     | steering_lite.benchmark.cache:cached:37 - cache miss judge-request 038f74ba081d
2026-09-22 06:50:11.148 | INFO     | steering_lite.benchmark.cache:cached:37 - cache miss judge-request f2f3fc0775a8
2026-09-22 06:50:11.179 | INFO     | steering_lite.benchmark.cache:cached:37 - cache miss judge-request 64d1c2e6fa41
2026-09-22 06:50:11.308 | INFO     | steering_lite.benchmark.cache:cached:37 - cache miss judge-request d25a17844e81
2026-09-22 06:50:11.348 | INFO     | steering_lite.benchmark.cache:cached:37 - cache miss judge-request f160e93a06d5
2026-09-22 06:50:11.449 | INFO     | steering_lite.benchmark.cache:cached:37 - cache miss judge-request bc5d135ff7c7
2026-09-22 06:50:12.289 | INFO     | steering_lite.benchmark.cache:cached:37 - cache miss judge-request 357c415407f7
2026-09-22 06:50:12.469 | INFO     | steering_lite.benchmark.cache:cached:37 - cache miss judge-request 86cef08cf1e2
2026-09-22 06:50:12.581 | INFO     | steering_lite.benchmark.cache:cached:37 - cache miss judge-request 9855673a7b3c
2026-09-22 06:50:12.738 | INFO     | steering_lite.benchmark.cache:cached:37 - cache miss judge-request c573117c76e2
2026-09-22 06:50:12.790 | INFO     | steering_lite.benchmark.cache:cached:37 - cache miss judge-request d52b1e5224cb
2026-09-22 06:50:12.910 | INFO     | steering_lite.benchmark.cache:cached:37 - cache miss judge-request 975d231e3d86
2026-09-22 06:50:13.748 | INFO     | steering_lite.benchmark.cache:cached:37 - cache miss judge-request c314ca85201e
2026-09-22 06:50:13.924 | INFO     | steering_lite.benchmark.cache:cached:37 - cache miss judge-request 3ecdddf81afb
2026-09-22 06:50:14.021 | INFO     | steering_lite.benchmark.cache:cached:37 - cache miss judge-request 127843a480b9
2026-09-22 06:50:14.105 | INFO     | steering_lite.benchmark.cache:cached:37 - cache miss judge-request 8159f7353c4b
2026-09-22 06:50:14.147 | INFO     | steering_lite.benchmark.cache:cached:37 - cache miss judge-request 2e1bd6a10bd2
2026-09-22 06:50:14.250 | INFO     | steering_lite.benchmark.cache:cached:37 - cache miss judge-request c21756ef4c42
2026-09-22 06:50:15.226 | INFO     | steering_lite.benchmark.cache:cached:37 - cache miss judge-request 196d92280291
2026-09-22 06:50:15.714 | INFO     | steering_lite.benchmark.cache:cached:37 - cache miss judge-request aee9c7e16f5e
2026-09-22 06:50:15.817 | INFO     | steering_lite.benchmark.cache:cached:37 - cache miss judge-request f068372d3823
2026-09-22 06:50:15.930 | INFO     | steering_lite.benchmark.cache:cached:37 - cache miss judge-request 9c3e16766108
2026-09-22 06:50:15.944 | INFO     | steering_lite.benchmark.cache:cached:37 - cache miss judge-request e5dd77d38bbf
2026-09-22 06:50:16.007 | INFO     | steering_lite.benchmark.cache:cached:37 - cache miss judge-request 4d57954471de
2026-09-22 06:50:16.093 | INFO     | steering_lite.benchmark.cache:cached:37 - cache miss judge-request b21d46705ef9
2026-09-22 06:50:17.091 | INFO     | steering_lite.benchmark.cache:cached:37 - cache miss judge-request 13ee6858792f
2026-09-22 06:50:17.313 | INFO     | steering_lite.benchmark.cache:cached:37 - cache miss judge-request ab431e0e4e3f
2026-09-22 06:50:17.314 | INFO     | steering_lite.benchmark.cache:cached:37 - cache miss judge-request 6640ad576c1c
2026-09-22 06:50:17.389 | INFO     | steering_lite.benchmark.cache:cached:37 - cache miss judge-request e6726f670986
2026-09-22 06:50:17.459 | INFO     | steering_lite.benchmark.cache:cached:37 - cache miss judge-request 098e9e788903
2026-09-22 06:50:17.596 | INFO     | steering_lite.benchmark.cache:cached:37 - cache miss judge-request 59f948b625c5
2026-09-22 06:50:18.597 | INFO     | steering_lite.benchmark.cache:cached:37 - cache miss judge-request b7b1c03b7d4e
2026-09-22 06:50:18.717 | INFO     | steering_lite.benchmark.cache:cached:37 - cache miss judge-request 26207f50f752
2026-09-22 06:50:18.771 | INFO     | steering_lite.benchmark.cache:cached:37 - cache miss judge-request 397eb85a1886
2026-09-22 06:50:18.865 | INFO     | steering_lite.benchmark.cache:cached:37 - cache miss judge-request 143785d20e34
2026-09-22 06:50:18.901 | INFO     | steering_lite.benchmark.cache:cached:37 - cache miss judge-request 5f7788b226f0
2026-09-22 06:50:19.017 | INFO     | steering_lite.benchmark.cache:cached:37 - cache miss judge-request 70bc0ebed4cb
2026-09-22 06:50:20.016 | INFO     | steering_lite.benchmark.cache:cached:37 - cache miss judge-request b6994656efd7
2026-09-22 06:50:20.116 | INFO     | steering_lite.benchmark.cache:cached:37 - cache miss judge-request db069472fac8
2026-09-22 06:50:20.180 | INFO     | steering_lite.benchmark.cache:cached:37 - cache miss judge-request 88ecd3ffc19f
2026-09-22 06:50:20.237 | INFO     | steering_lite.benchmark.cache:cached:37 - cache miss judge-request 10c99f64a552
2026-09-22 06:50:20.279 | INFO     | steering_lite.benchmark.cache:cached:37 - cache miss judge-request 65edde1b07e3
2026-09-22 06:50:20.434 | INFO     | steering_lite.benchmark.cache:cached:37 - cache miss judge-request 15df004201d2
2026-09-22 06:50:21.488 | INFO     | steering_lite.benchmark.cache:cached:37 - cache miss judge-request 0043e5f853d3
2026-09-22 06:50:21.593 | INFO     | steering_lite.benchmark.cache:cached:37 - cache miss judge-request 9890963a3265
2026-09-22 06:50:21.639 | INFO     | steering_lite.benchmark.cache:cached:37 - cache miss judge-request 642bcb662cee
2026-09-22 06:50:21.674 | INFO     | steering_lite.benchmark.cache:cached:37 - cache miss judge-request 531ba9b89d7e
2026-09-22 06:50:21.706 | INFO     | steering_lite.benchmark.cache:cached:37 - cache miss judge-request d4f43ec204b2
2026-09-22 06:50:21.818 | INFO     | steering_lite.benchmark.cache:cached:37 - cache miss judge-request ce3b9e4f0df2
2026-09-22 06:50:22.692 | INFO     | steering_lite.benchmark.cache:cached:37 - cache miss judge-request 6416b469ec48
2026-09-22 06:50:22.870 | INFO     | steering_lite.benchmark.cache:cached:37 - cache miss judge-request cd940d77125b
2026-09-22 06:50:22.963 | INFO     | steering_lite.benchmark.cache:cached:37 - cache miss judge-request 63baeb7b892c
2026-09-22 06:50:23.081 | INFO     | steering_lite.benchmark.cache:cached:37 - cache miss judge-request 13d793171c8c
2026-09-22 06:50:23.179 | INFO     | steering_lite.benchmark.cache:cached:37 - cache miss judge-request e7e44227fed7
2026-09-22 06:50:23.219 | INFO     | steering_lite.benchmark.cache:cached:37 - cache miss judge-request 779d0bd99c87
2026-09-22 06:50:24.219 | INFO     | steering_lite.benchmark.cache:cached:37 - cache miss judge-request 60aa652f7f55
2026-09-22 06:50:24.387 | INFO     | steering_lite.benchmark.cache:cached:37 - cache miss judge-request 9cf8cc4a4623
2026-09-22 06:50:24.522 | INFO     | steering_lite.benchmark.cache:cached:37 - cache miss judge-request 780a16f8893c
2026-09-22 06:50:24.542 | INFO     | steering_lite.benchmark.cache:cached:37 - cache miss judge-request 7916e1bc2656
2026-09-22 06:50:24.596 | INFO     | steering_lite.benchmark.cache:cached:37 - cache miss judge-request 095f6af4777c
2026-09-22 06:50:24.725 | INFO     | steering_lite.benchmark.cache:cached:37 - cache miss judge-request b1769169518e
2026-09-22 06:50:25.419 | INFO     | steering_lite.benchmark.cache:cached:37 - cache miss judge-request cdb56f142741
2026-09-22 06:50:25.642 | INFO     | steering_lite.benchmark.cache:cached:37 - cache miss judge-request 53499a47ec90
2026-09-22 06:50:25.816 | INFO     | steering_lite.benchmark.cache:cached:37 - cache miss judge-request 705f9417520d
2026-09-22 06:50:25.913 | INFO     | steering_lite.benchmark.cache:cached:37 - cache miss judge-request f88b43ef80a1
2026-09-22 06:50:25.916 | INFO     | steering_lite.benchmark.cache:cached:37 - cache miss judge-request 247b86b121e6
2026-09-22 06:50:26.044 | INFO     | steering_lite.benchmark.cache:cached:37 - cache miss judge-request cbd65aa78b07
2026-09-22 06:50:26.806 | INFO     | steering_lite.benchmark.cache:cached:37 - cache miss judge-request 1d14e2bd8bad
2026-09-22 06:50:26.986 | INFO     | steering_lite.benchmark.cache:cached:37 - cache miss judge-request c1548a7d17cf
2026-09-22 06:50:27.152 | INFO     | steering_lite.benchmark.cache:cached:37 - cache miss judge-request 3f561bf6bed4
2026-09-22 06:50:27.194 | INFO     | steering_lite.benchmark.cache:cached:37 - cache miss judge-request 40cd9451e3a7
2026-09-22 06:50:27.233 | INFO     | steering_lite.benchmark.cache:cached:37 - cache miss judge-request 0eb81562718c
2026-09-22 06:50:27.320 | INFO     | steering_lite.benchmark.cache:cached:37 - cache miss judge-request 3e07115f028e
2026-09-22 06:50:28.366 | INFO     | steering_lite.benchmark.cache:cached:37 - cache miss judge-request 29ee36ebed03
2026-09-22 06:50:28.644 | INFO     | steering_lite.benchmark.cache:cached:37 - cache miss judge-request b285a1a0164f
2026-09-22 06:50:28.814 | INFO     | steering_lite.benchmark.cache:cached:37 - cache miss judge-request 32b3cf4a4a30
2026-09-22 06:50:28.918 | INFO     | steering_lite.benchmark.cache:cached:37 - cache miss judge-request b0da271c0615
2026-09-22 06:50:28.954 | INFO     | steering_lite.benchmark.cache:cached:37 - cache miss judge-request cfcceb05daa9
2026-09-22 06:50:29.181 | INFO     | steering_lite.benchmark.cache:cached:37 - cache miss judge-request a6678cf5a7ab
2026-09-22 06:50:29.879 | INFO     | steering_lite.benchmark.cache:cached:37 - cache miss judge-request be96c5f63fe2
2026-09-22 06:50:30.210 | INFO     | steering_lite.benchmark.cache:cached:37 - cache miss judge-request 0d7e0a32f1b8
2026-09-22 06:50:30.381 | INFO     | steering_lite.benchmark.cache:cached:37 - cache miss judge-request bc78d494277d
2026-09-22 06:50:30.433 | INFO     | steering_lite.benchmark.cache:cached:37 - cache miss judge-request b1ce2aa2c3d8
2026-09-22 06:50:30.493 | INFO     | steering_lite.benchmark.cache:cached:37 - cache miss judge-request 9d90ecd3c3c8
2026-09-22 06:50:30.709 | INFO     | steering_lite.benchmark.cache:cached:37 - cache miss judge-request 6aeda97ede96
2026-09-22 06:50:31.251 | INFO     | steering_lite.benchmark.cache:cached:37 - cache miss judge-request 513829a1dc34
2026-09-22 06:50:31.301 | INFO     | steering_lite.benchmark.cache:cached:37 - cache miss judge-request e73d4d587f6a
2026-09-22 06:50:31.771 | INFO     | steering_lite.benchmark.cache:cached:37 - cache miss judge-request 3f7937a11721
2026-09-22 06:50:31.864 | INFO     | steering_lite.benchmark.cache:cached:37 - cache miss judge-request dec4492c8923
2026-09-22 06:50:31.868 | INFO     | steering_lite.benchmark.cache:cached:37 - cache miss judge-request 2117089bdfe6
2026-09-22 06:50:32.096 | INFO     | steering_lite.benchmark.cache:cached:37 - cache miss judge-request 6e1c56ac1eb6
2026-09-22 06:50:32.707 | INFO     | steering_lite.benchmark.cache:cached:37 - cache miss judge-request 605debb19210
2026-09-22 06:50:32.793 | INFO     | steering_lite.benchmark.cache:cached:37 - cache miss judge-request aa5d3caf215f
2026-09-22 06:50:33.620 | INFO     | steering_lite.benchmark.cache:cached:37 - cache miss judge-request 308b81c805a4
2026-09-22 06:50:33.715 | INFO     | steering_lite.benchmark.cache:cached:37 - cache miss judge-request 612b55aef6ba
2026-09-22 06:50:33.765 | INFO     | steering_lite.benchmark.cache:cached:37 - cache miss judge-request 5481c237394d
2026-09-22 06:50:33.994 | INFO     | steering_lite.benchmark.cache:cached:37 - cache miss judge-request 7df92e4717df
2026-09-22 06:50:34.794 | INFO     | steering_lite.benchmark.cache:cached:37 - cache miss judge-request 8359fa9fb7af
2026-09-22 06:50:34.875 | INFO     | steering_lite.benchmark.cache:cached:37 - cache miss judge-request 4ba2430def54
2026-09-22 06:50:35.092 | INFO     | steering_lite.benchmark.cache:cached:37 - cache miss judge-request faeaaa79d209
2026-09-22 06:50:35.317 | INFO     | steering_lite.benchmark.cache:cached:37 - cache miss judge-request 1b899032c0c6
2026-09-22 06:50:35.376 | INFO     | steering_lite.benchmark.cache:cached:37 - cache miss judge-request 9d9e2a3e2036
2026-09-22 06:50:35.405 | INFO     | steering_lite.benchmark.cache:cached:37 - cache miss judge-request 48d0de9a6755
2026-09-22 06:50:36.120 | INFO     | steering_lite.benchmark.cache:cached:37 - cache miss judge-request a0dabf7f42e8
2026-09-22 06:50:36.267 | INFO     | steering_lite.benchmark.cache:cached:37 - cache miss judge-request 219dbdb48c7b
2026-09-22 06:50:36.540 | INFO     | steering_lite.benchmark.cache:cached:37 - cache miss judge-request bbb5d6902b79
2026-09-22 06:50:36.603 | INFO     | steering_lite.benchmark.cache:cached:37 - cache miss judge-request 6edcd26a372b
2026-09-22 06:50:36.745 | INFO     | steering_lite.benchmark.cache:cached:37 - cache miss judge-request d2a0648c8005
2026-09-22 06:50:36.805 | INFO     | steering_lite.benchmark.cache:cached:37 - cache miss judge-request 0f33a464c568
2026-09-22 06:50:37.538 | INFO     | steering_lite.benchmark.cache:cached:37 - cache miss judge-request 93a9b5a035c7
2026-09-22 06:50:37.712 | INFO     | steering_lite.benchmark.cache:cached:37 - cache miss judge-request 35a6943c8f07
2026-09-22 06:50:37.816 | INFO     | steering_lite.benchmark.cache:cached:37 - cache miss judge-request 6f72e800a297
2026-09-22 06:50:37.975 | INFO     | steering_lite.benchmark.cache:cached:37 - cache miss judge-request 897eb711f6ae
2026-09-22 06:50:38.027 | INFO     | steering_lite.benchmark.cache:cached:37 - cache miss judge-request 7ed5ecd2b8cd
2026-09-22 06:50:38.116 | INFO     | steering_lite.benchmark.cache:cached:37 - cache miss judge-request 85b2d37dc652
2026-09-22 06:50:39.245 | INFO     | steering_lite.benchmark.cache:cached:37 - cache miss judge-request 1d933b55cd08
2026-09-22 06:50:39.477 | INFO     | steering_lite.benchmark.cache:cached:37 - cache miss judge-request 4b7b34fab6ca
2026-09-22 06:50:39.589 | INFO     | steering_lite.benchmark.cache:cached:37 - cache miss judge-request 9e0fbffd18ad
2026-09-22 06:50:39.689 | INFO     | steering_lite.benchmark.cache:cached:37 - cache miss judge-request df7bda4df032
2026-09-22 06:50:39.792 | INFO     | steering_lite.benchmark.cache:cached:37 - cache miss judge-request 973238d9a3c5
2026-09-22 06:50:39.980 | INFO     | steering_lite.benchmark.cache:cached:37 - cache miss judge-request f129684875a3
2026-09-22 06:50:40.967 | INFO     | steering_lite.benchmark.cache:cached:37 - cache miss judge-request ddc1eadb97b4
2026-09-22 06:50:41.139 | INFO     | steering_lite.benchmark.cache:cached:37 - cache miss judge-request 28e300f6da09
2026-09-22 06:50:41.415 | INFO     | steering_lite.benchmark.cache:cached:37 - cache miss judge-request bd82fdc7b243
2026-09-22 06:50:41.539 | INFO     | steering_lite.benchmark.cache:cached:37 - cache miss judge-request 7956e0ddb31a
2026-09-22 06:50:41.628 | INFO     | steering_lite.benchmark.cache:cached:37 - cache miss judge-request 936abb9960f7
2026-09-22 06:50:41.708 | INFO     | steering_lite.benchmark.cache:cached:37 - cache miss judge-request 826ed0a1c213
2026-09-22 06:50:42.171 | INFO     | steering_lite.benchmark.cache:cached:37 - cache miss judge-request e1baea99676b
2026-09-22 06:50:42.444 | INFO     | steering_lite.benchmark.cache:cached:37 - cache miss judge-request 04779e21e900
2026-09-22 06:50:42.830 | INFO     | steering_lite.benchmark.cache:cached:37 - cache miss judge-request a960181745e9
2026-09-22 06:50:42.939 | INFO     | steering_lite.benchmark.cache:cached:37 - cache miss judge-request 3c40e38e101a
2026-09-22 06:50:42.997 | INFO     | steering_lite.benchmark.cache:cached:37 - cache miss judge-request ee686a0bbb3b
2026-09-22 06:50:43.281 | INFO     | steering_lite.benchmark.cache:cached:37 - cache miss judge-request 0670ba4e9079
2026-09-22 06:50:43.846 | INFO     | steering_lite.benchmark.cache:cached:37 - cache miss judge-request 9743215452d0
2026-09-22 06:50:44.005 | INFO     | steering_lite.benchmark.cache:cached:37 - cache miss judge-request dddfdd78b320
2026-09-22 06:50:44.117 | INFO     | steering_lite.benchmark.cache:cached:37 - cache miss judge-request 77cf6c284a17
2026-09-22 06:50:44.535 | INFO     | steering_lite.benchmark.cache:cached:37 - cache miss judge-request a6a115de9e72
2026-09-22 06:50:44.580 | INFO     | steering_lite.benchmark.cache:cached:37 - cache miss judge-request 7a9c6d3e30d5
2026-09-22 06:50:44.670 | INFO     | steering_lite.benchmark.cache:cached:37 - cache miss judge-request 64c1af463ca5
2026-09-22 06:50:45.247 | INFO     | steering_lite.benchmark.cache:cached:37 - cache miss judge-request 5236fc7bb994
2026-09-22 06:50:45.514 | INFO     | steering_lite.benchmark.cache:cached:37 - cache miss judge-request 36bb2df444b9
2026-09-22 06:50:45.652 | INFO     | steering_lite.benchmark.cache:cached:37 - cache miss judge-request 3c15e15316de
2026-09-22 06:50:46.188 | INFO     | steering_lite.benchmark.cache:cached:37 - cache miss judge-request 3c59b61a14ee
2026-09-22 06:50:46.260 | INFO     | steering_lite.benchmark.cache:cached:37 - cache miss judge-request 91fb212cea20
2026-09-22 06:50:46.520 | INFO     | steering_lite.benchmark.cache:cached:37 - cache miss judge-request 1512df6123dd
2026-09-22 06:50:47.019 | INFO     | steering_lite.benchmark.cache:cached:37 - cache miss judge-request 6787d9c511ca
2026-09-22 06:50:47.268 | INFO     | steering_lite.benchmark.cache:cached:37 - cache miss judge-request 0e1ce6e615c9
2026-09-22 06:50:47.379 | INFO     | steering_lite.benchmark.cache:cached:37 - cache miss judge-request b5afe10da2d5
2026-09-22 06:50:47.954 | INFO     | steering_lite.benchmark.cache:cached:37 - cache miss judge-request d26958072a70
2026-09-22 06:50:48.020 | INFO     | steering_lite.benchmark.cache:cached:37 - cache miss judge-request 3878cc14d754
2026-09-22 06:50:48.118 | INFO     | steering_lite.benchmark.cache:cached:37 - cache miss judge-request b063791a9773
2026-09-22 06:50:48.646 | INFO     | steering_lite.benchmark.cache:cached:37 - cache miss judge-request 17e6fd30eb44
2026-09-22 06:50:48.846 | INFO     | steering_lite.benchmark.cache:cached:37 - cache miss judge-request 20b717730f22
2026-09-22 06:50:49.021 | INFO     | steering_lite.benchmark.cache:cached:37 - cache miss judge-request 2a001f4872d6
2026-09-22 06:50:49.378 | INFO     | steering_lite.benchmark.cache:cached:37 - cache miss judge-request 05dab00f664f
2026-09-22 06:50:49.542 | INFO     | steering_lite.benchmark.cache:cached:37 - cache miss judge-request 24e43d10069d
2026-09-22 06:50:49.588 | INFO     | steering_lite.benchmark.cache:cached:37 - cache miss judge-request 8ae29f190984
2026-09-22 06:50:50.411 | INFO     | steering_lite.benchmark.cache:cached:37 - cache miss judge-request 329207bb0b9a
2026-09-22 06:50:50.589 | INFO     | steering_lite.benchmark.cache:cached:37 - cache miss judge-request d7173dd87076
2026-09-22 06:50:50.728 | INFO     | steering_lite.benchmark.cache:cached:37 - cache miss judge-request bff5f8da071b
2026-09-22 06:50:51.147 | INFO     | steering_lite.benchmark.cache:cached:37 - cache miss judge-request ce0162aeb53e
2026-09-22 06:50:51.361 | INFO     | steering_lite.benchmark.cache:cached:37 - cache miss judge-request b870e0a7b5dc
2026-09-22 06:50:51.529 | INFO     | steering_lite.benchmark.cache:cached:37 - cache miss judge-request bdcc27ebc53d
2026-09-22 06:50:52.211 | INFO     | steering_lite.benchmark.cache:cached:37 - cache miss judge-request db18cde54c6d
2026-09-22 06:50:52.386 | INFO     | steering_lite.benchmark.cache:cached:37 - cache miss judge-request 0816391b39bc
2026-09-22 06:50:52.495 | INFO     | steering_lite.benchmark.cache:cached:37 - cache miss judge-request cb8d68dbf0ce
2026-09-22 06:50:52.808 | INFO     | steering_lite.benchmark.cache:cached:37 - cache miss judge-request 05f53d7930b9
2026-09-22 06:50:52.977 | INFO     | steering_lite.benchmark.cache:cached:37 - cache miss judge-request 0f858bf10100
2026-09-22 06:50:53.032 | INFO     | steering_lite.benchmark.cache:cached:37 - cache miss judge-request 723a540f407a
2026-09-22 06:50:53.716 | INFO     | steering_lite.benchmark.cache:cached:37 - cache miss judge-request 58ee065c3a73
2026-09-22 06:50:53.873 | INFO     | steering_lite.benchmark.cache:cached:37 - cache miss judge-request f43c45fca259
2026-09-22 06:50:53.998 | INFO     | steering_lite.benchmark.cache:cached:37 - cache miss judge-request eddf14aea58c
2026-09-22 06:50:54.404 | INFO     | steering_lite.benchmark.cache:cached:37 - cache miss judge-request 1a7a44ef97cf
2026-09-22 06:50:54.567 | INFO     | steering_lite.benchmark.cache:cached:37 - cache miss judge-request 75935315ca91
2026-09-22 06:50:54.621 | INFO     | steering_lite.benchmark.cache:cached:37 - cache miss judge-request df1e3326845f
2026-09-22 06:50:55.050 | INFO     | steering_lite.benchmark.cache:cached:37 - cache miss judge-request cdc1daebd41d
2026-09-22 06:50:55.673 | INFO     | steering_lite.benchmark.cache:cached:37 - cache miss judge-request 51eb4869aed2
2026-09-22 06:50:55.809 | INFO     | steering_lite.benchmark.cache:cached:37 - cache miss judge-request 2479e06aeec6
2026-09-22 06:50:56.132 | INFO     | steering_lite.benchmark.cache:cached:37 - cache miss judge-request f3d21660e523
2026-09-22 06:50:56.324 | INFO     | steering_lite.benchmark.cache:cached:37 - cache miss judge-request 0793a2e4d734
2026-09-22 06:50:56.429 | INFO     | steering_lite.benchmark.cache:cached:37 - cache miss judge-request 514de9f373cc
2026-09-22 06:50:56.875 | INFO     | steering_lite.benchmark.cache:cached:37 - cache miss judge-request 39bcc36769e1
2026-09-22 06:50:57.445 | INFO     | steering_lite.benchmark.cache:cached:37 - cache miss judge-request 9a9d5490bd7a
2026-09-22 06:50:57.557 | INFO     | steering_lite.benchmark.cache:cached:37 - cache miss judge-request 822acd95d481
2026-09-22 06:50:57.878 | INFO     | steering_lite.benchmark.cache:cached:37 - cache miss judge-request 642b4288df10
2026-09-22 06:50:58.091 | INFO     | steering_lite.benchmark.cache:cached:37 - cache miss judge-request 706e8845987e
2026-09-22 06:50:58.108 | INFO     | steering_lite.benchmark.cache:cached:37 - cache miss judge-request 817ea8db31d4
2026-09-22 06:50:58.354 | INFO     | steering_lite.benchmark.cache:cached:37 - cache miss judge-request ec57d0ebe45d
2026-09-22 06:50:58.895 | INFO     | steering_lite.benchmark.cache:cached:37 - cache miss judge-request 4d5f8d0a71c9
2026-09-22 06:50:59.001 | INFO     | steering_lite.benchmark.cache:cached:37 - cache miss judge-request cf45bec3512f
2026-09-22 06:50:59.355 | INFO     | steering_lite.benchmark.cache:cached:37 - cache miss judge-request d089f5b4a08e
2026-09-22 06:50:59.673 | INFO     | steering_lite.benchmark.cache:cached:37 - cache miss judge-request 8cf4030732f6
2026-09-22 06:50:59.705 | INFO     | steering_lite.benchmark.cache:cached:37 - cache miss judge-request 8fec086e2181
2026-09-22 06:50:59.980 | INFO     | steering_lite.benchmark.cache:cached:37 - cache miss judge-request 5ffb466f63d3
2026-09-22 06:51:00.562 | INFO     | steering_lite.benchmark.cache:cached:37 - cache miss judge-request ca7d4d292558
2026-09-22 06:51:00.673 | INFO     | steering_lite.benchmark.cache:cached:37 - cache miss judge-request 5f85c00666a2
2026-09-22 06:51:00.959 | INFO     | steering_lite.benchmark.cache:cached:37 - cache miss judge-request 1c24a3e97fbc
2026-09-22 06:51:01.160 | INFO     | steering_lite.benchmark.cache:cached:37 - cache miss judge-request a3f504ec5c36
2026-09-22 06:51:01.252 | INFO     | steering_lite.benchmark.cache:cached:37 - cache miss judge-request c095775a0329
2026-09-22 06:51:01.579 | INFO     | steering_lite.benchmark.cache:cached:37 - cache miss judge-request 354c8100a977
2026-09-22 06:51:02.426 | INFO     | steering_lite.benchmark.cache:cached:37 - cache miss judge-request 209e48943383
2026-09-22 06:51:02.552 | INFO     | steering_lite.benchmark.cache:cached:37 - cache miss judge-request 61b923150fe5
2026-09-22 06:51:02.893 | INFO     | steering_lite.benchmark.cache:cached:37 - cache miss judge-request ce0d3bebe119
2026-09-22 06:51:03.105 | INFO     | steering_lite.benchmark.cache:cached:37 - cache miss judge-request bea45d66b4f9
2026-09-22 06:51:03.113 | INFO     | steering_lite.benchmark.cache:cached:37 - cache miss judge-request c6c72690ea70
2026-09-22 06:51:03.477 | INFO     | steering_lite.benchmark.cache:cached:37 - cache miss judge-request eed7d4c71b68
2026-09-22 06:51:04.103 | INFO     | steering_lite.benchmark.cache:cached:37 - cache miss judge-request 6f99d334e108
2026-09-22 06:51:04.214 | INFO     | steering_lite.benchmark.cache:cached:37 - cache miss judge-request 9a9442eb1a94
2026-09-22 06:51:04.544 | INFO     | steering_lite.benchmark.cache:cached:37 - cache miss judge-request 62343ae25073
2026-09-22 06:51:04.866 | INFO     | steering_lite.benchmark.cache:cached:37 - cache miss judge-request f6d8e7596ba2
2026-09-22 06:51:04.984 | INFO     | steering_lite.benchmark.cache:cached:37 - cache miss judge-request ae51c3239fa8
2026-09-22 06:51:05.101 | INFO     | steering_lite.benchmark.cache:cached:37 - cache miss judge-request f33dbca592f6
2026-09-22 06:51:05.799 | INFO     | steering_lite.benchmark.cache:cached:37 - cache miss judge-request 642c36035352
2026-09-22 06:51:05.981 | INFO     | steering_lite.benchmark.cache:cached:37 - cache miss judge-request 4db15a88ec40
2026-09-22 06:51:06.083 | INFO     | steering_lite.benchmark.cache:cached:37 - cache miss judge-request 4cd1fcbe56b5
2026-09-22 06:51:06.102 | INFO     | steering_lite.benchmark.cache:cached:37 - cache miss judge-request 6dd6671e7c24
2026-09-22 06:51:06.764 | INFO     | steering_lite.benchmark.cache:cached:37 - cache miss judge-request 342cde12359f
2026-09-22 06:51:06.888 | INFO     | steering_lite.benchmark.cache:cached:37 - cache miss judge-request b5ed5a030e4f
2026-09-22 06:51:07.733 | INFO     | steering_lite.benchmark.cache:cached:37 - cache miss judge-request 16706b041b82
2026-09-22 06:51:07.892 | INFO     | steering_lite.benchmark.cache:cached:37 - cache miss judge-request 25042e99bc54
2026-09-22 06:51:07.934 | INFO     | steering_lite.benchmark.cache:cached:37 - cache miss judge-request c97dec889b5c
2026-09-22 06:51:08.023 | INFO     | steering_lite.benchmark.cache:cached:37 - cache miss judge-request 2061850b1ca3
2026-09-22 06:51:08.421 | INFO     | steering_lite.benchmark.cache:cached:37 - cache miss judge-request 9342fe40eb68
2026-09-22 06:51:08.585 | INFO     | steering_lite.benchmark.cache:cached:37 - cache miss judge-request c82d0960572d
2026-09-22 06:51:09.484 | INFO     | steering_lite.benchmark.cache:cached:37 - cache miss judge-request 4684dbd55e43
2026-09-22 06:51:09.605 | INFO     | steering_lite.benchmark.cache:cached:37 - cache miss judge-request 2e64256df77e
2026-09-22 06:51:09.631 | INFO     | steering_lite.benchmark.cache:cached:37 - cache miss judge-request 4375e1f02cee
2026-09-22 06:51:09.783 | INFO     | steering_lite.benchmark.cache:cached:37 - cache miss judge-request 53a8a641123e
2026-09-22 06:51:10.204 | INFO     | steering_lite.benchmark.cache:cached:37 - cache miss judge-request 4be79042f56e
2026-09-22 06:51:10.371 | INFO     | steering_lite.benchmark.cache:cached:37 - cache miss judge-request fd442aebe8ec
2026-09-22 06:51:10.793 | INFO     | steering_lite.benchmark.cache:cached:37 - cache miss judge-request f6c4fa98bd8a
2026-09-22 06:51:10.991 | INFO     | steering_lite.benchmark.cache:cached:37 - cache miss judge-request 4f153072217e
2026-09-22 06:51:11.034 | INFO     | steering_lite.benchmark.cache:cached:37 - cache miss judge-request 25610d274b56
2026-09-22 06:51:11.188 | INFO     | steering_lite.benchmark.cache:cached:37 - cache miss judge-request 4387170b203e
2026-09-22 06:51:11.688 | INFO     | steering_lite.benchmark.cache:cached:37 - cache miss judge-request b6be80fdf079
2026-09-22 06:51:11.927 | INFO     | steering_lite.benchmark.cache:cached:37 - cache miss judge-request d29747daa7ec
2026-09-22 06:51:12.295 | INFO     | steering_lite.benchmark.cache:cached:37 - cache miss judge-request ebe03ddc7520
2026-09-22 06:51:12.532 | INFO     | steering_lite.benchmark.cache:cached:37 - cache miss judge-request da622840e741
2026-09-22 06:51:12.962 | INFO     | steering_lite.benchmark.cache:cached:37 - cache miss judge-request 07a341f76db1
2026-09-22 06:51:13.208 | INFO     | steering_lite.benchmark.cache:cached:37 - cache miss judge-request 629f13eee87d
2026-09-22 06:51:13.803 | INFO     | steering_lite.benchmark.cache:cached:37 - cache miss judge-request 208d593e41a0
2026-09-22 06:51:14.096 | INFO     | steering_lite.benchmark.cache:cached:37 - cache miss judge-request 5fbb42f67445
2026-09-22 06:51:14.332 | INFO     | steering_lite.benchmark.cache:cached:37 - cache miss judge-request 8c8df27ca8cc
2026-09-22 06:51:14.532 | INFO     | steering_lite.benchmark.cache:cached:37 - cache miss judge-request 87b0f34fb35f
2026-09-22 06:51:14.732 | INFO     | steering_lite.benchmark.cache:cached:37 - cache miss judge-request 7f6d5786b908
2026-09-22 06:51:14.932 | INFO     | steering_lite.benchmark.cache:cached:37 - cache miss judge-request e88aa5e07bc3
2026-09-22 06:51:15.017 | INFO     | steering_lite.benchmark.cache:cached:37 - cache miss judge-request 5ee294476a97
2026-09-22 06:51:15.500 | INFO     | steering_lite.benchmark.cache:cached:37 - cache miss judge-request 1eab37e89d21
2026-09-22 06:51:15.805 | INFO     | steering_lite.benchmark.cache:cached:37 - cache miss judge-request b4432fe0d57d
2026-09-22 06:51:16.014 | INFO     | steering_lite.benchmark.cache:cached:37 - cache miss judge-request 7a7720676201
2026-09-22 06:51:16.300 | INFO     | steering_lite.benchmark.cache:cached:37 - cache miss judge-request f3c0f32e2ea5
2026-09-22 06:51:16.499 | INFO     | steering_lite.benchmark.cache:cached:37 - cache miss judge-request 7815d85d892d
2026-09-22 06:51:16.548 | INFO     | steering_lite.benchmark.cache:cached:37 - cache miss judge-request 567c9162e171
2026-09-22 06:51:17.048 | INFO     | steering_lite.benchmark.cache:cached:37 - cache miss judge-request ddcf766e149c
2026-09-22 06:51:17.366 | INFO     | steering_lite.benchmark.cache:cached:37 - cache miss judge-request 5e993d20968e
2026-09-22 06:51:17.600 | INFO     | steering_lite.benchmark.cache:cached:37 - cache miss judge-request ecbcaa252fea
2026-09-22 06:51:17.823 | INFO     | steering_lite.benchmark.cache:cached:37 - cache miss judge-request 2797b98d08cc
2026-09-22 06:51:17.989 | INFO     | steering_lite.benchmark.cache:cached:37 - cache miss judge-request 3c4738c39f8d
2026-09-22 06:51:18.099 | INFO     | steering_lite.benchmark.cache:cached:37 - cache miss judge-request bfe1e9f17ed9
2026-09-22 06:51:18.281 | INFO     | steering_lite.benchmark.cache:cached:37 - cache miss judge-request e7e41817509e
2026-09-22 06:51:19.141 | INFO     | steering_lite.benchmark.cache:cached:37 - cache miss judge-request 4890bb672053
2026-09-22 06:51:19.279 | INFO     | steering_lite.benchmark.cache:cached:37 - cache miss judge-request 90d85420a797
2026-09-22 06:51:19.484 | INFO     | steering_lite.benchmark.cache:cached:37 - cache miss judge-request 9f29873eb466
2026-09-22 06:51:19.838 | INFO     | steering_lite.benchmark.cache:cached:37 - cache miss judge-request 035b89100173
2026-09-22 06:51:19.882 | INFO     | steering_lite.benchmark.cache:cached:37 - cache miss judge-request 1775221c7b7a
2026-09-22 06:51:20.144 | INFO     | steering_lite.benchmark.cache:cached:37 - cache miss judge-request 2194ef6b574a
2026-09-22 06:51:20.997 | INFO     | steering_lite.benchmark.cache:cached:37 - cache miss judge-request 48fc428fdb0d
2026-09-22 06:51:21.069 | INFO     | steering_lite.benchmark.cache:cached:37 - cache miss judge-request 57c6bd8c8fed
2026-09-22 06:51:21.530 | INFO     | steering_lite.benchmark.cache:cached:37 - cache miss judge-request 5e6648f1b368
2026-09-22 06:51:21.882 | INFO     | steering_lite.benchmark.cache:cached:37 - cache miss judge-request 0a3d45f5babc
2026-09-22 06:51:21.959 | INFO     | steering_lite.benchmark.cache:cached:37 - cache miss judge-request cb64bbb38117
2026-09-22 06:51:22.263 | INFO     | steering_lite.benchmark.cache:cached:37 - cache miss judge-request 96199118beed
2026-09-22 06:51:22.944 | INFO     | steering_lite.benchmark.cache:cached:37 - cache miss judge-request 00528d4b2967
2026-09-22 06:51:23.009 | INFO     | steering_lite.benchmark.cache:cached:37 - cache miss judge-request 16be44f7c1e7
2026-09-22 06:51:23.279 | INFO     | steering_lite.benchmark.cache:cached:37 - cache miss judge-request 83298a0ef35e
2026-09-22 06:51:23.575 | INFO     | steering_lite.benchmark.cache:cached:37 - cache miss judge-request a20d2cb205fb
2026-09-22 06:51:23.639 | INFO     | steering_lite.benchmark.cache:cached:37 - cache miss judge-request 51626e633a0e
2026-09-22 06:51:24.032 | INFO     | steering_lite.benchmark.cache:cached:37 - cache miss judge-request 2fa93114c1b8
2026-09-22 06:51:24.772 | INFO     | steering_lite.benchmark.cache:cached:37 - cache miss judge-request db250d2678ce
2026-09-22 06:51:24.826 | INFO     | steering_lite.benchmark.cache:cached:37 - cache miss judge-request 781b8a6d3bf6
2026-09-22 06:51:25.060 | INFO     | steering_lite.benchmark.cache:cached:37 - cache miss judge-request 4d8bf69a513d
2026-09-22 06:51:25.335 | INFO     | steering_lite.benchmark.cache:cached:37 - cache miss judge-request 1adbf8e6fabe
2026-09-22 06:51:25.400 | INFO     | steering_lite.benchmark.cache:cached:37 - cache miss judge-request 84b74c5d86b3
2026-09-22 06:51:25.729 | INFO     | steering_lite.benchmark.cache:cached:37 - cache miss judge-request 16e18eb1eb66
2026-09-22 06:51:26.311 | INFO     | steering_lite.benchmark.cache:cached:37 - cache miss judge-request fa3a16e9e985
2026-09-22 06:51:26.345 | INFO     | steering_lite.benchmark.cache:cached:37 - cache miss judge-request 779d056af82c
2026-09-22 06:51:26.618 | INFO     | steering_lite.benchmark.cache:cached:37 - cache miss judge-request 457bca2dc114
2026-09-22 06:51:26.877 | INFO     | steering_lite.benchmark.cache:cached:37 - cache miss judge-request 95aecd9f6042
2026-09-22 06:51:26.952 | INFO     | steering_lite.benchmark.cache:cached:37 - cache miss judge-request 2e38f96a8a79
2026-09-22 06:51:27.216 | INFO     | steering_lite.benchmark.cache:cached:37 - cache miss judge-request 2d573ea1a51b
2026-09-22 06:51:27.510 | INFO     | steering_lite.benchmark.cache:cached:37 - cache miss judge-request 9e8e73c4dead
2026-09-22 06:51:27.836 | INFO     | steering_lite.benchmark.cache:cached:37 - cache miss judge-request 474f397f8da5
2026-09-22 06:51:28.185 | INFO     | steering_lite.benchmark.cache:cached:37 - cache miss judge-request a7d3ac32a307
2026-09-22 06:51:28.396 | INFO     | steering_lite.benchmark.cache:cached:37 - cache miss judge-request bd4978c299ec
2026-09-22 06:51:29.551 | INFO     | steering_lite.benchmark.cache:cached:37 - cache miss final-health e60bc0fd2e6d
2026-09-22 06:51:29.554 | INFO     | steering_lite.benchmark.cache:cached:37 - cache miss final-aware d2419dfdefae
2026-09-22 06:51:29.558 | INFO     | steering_lite.benchmark.cache:cached:37 - cache miss final-blind 59ec91b52671
2026-09-22 06:51:29.686 | INFO     | steering_lite.data.personas:load_suffixes:47 - Loaded 200 branching suffixes
2026-09-22 06:51:29.695 | INFO     | steering_lite.benchmark.cache:cached:37 - cache miss calibration-candidates a90a1790ad1b
2026-09-22 06:51:29.853 | INFO     | steering_lite.benchmark.cache:cached:37 - cache miss candidate-judgments 3957617d4b13
2026-09-22 06:51:29.855 | INFO     | steering_lite.benchmark.cache:cached:37 - cache miss judge-request bee3e6fbed69
2026-09-22 06:51:29.855 | INFO     | steering_lite.benchmark.cache:cached:37 - cache miss judge-request 233fc4778abd
2026-09-22 06:51:29.855 | INFO     | steering_lite.benchmark.cache:cached:37 - cache miss judge-request 9ddf8c3c0733
2026-09-22 06:51:29.856 | INFO     | steering_lite.benchmark.cache:cached:37 - cache miss judge-request cb2cbb8b241d
2026-09-22 06:51:29.856 | INFO     | steering_lite.benchmark.cache:cached:37 - cache miss judge-request ee91880c56ae
2026-09-22 06:51:29.856 | INFO     | steering_lite.benchmark.cache:cached:37 - cache miss judge-request 87469c008d84
2026-09-22 06:51:31.618 | INFO     | steering_lite.benchmark.cache:cached:37 - cache miss judge-request cccbb445025b
2026-09-22 06:51:31.685 | INFO     | steering_lite.benchmark.cache:cached:37 - cache miss judge-request b879ff39a2cb
2026-09-22 06:51:31.828 | INFO     | steering_lite.benchmark.cache:cached:37 - cache miss judge-request 6f49edf67106
2026-09-22 06:51:31.863 | INFO     | steering_lite.benchmark.cache:cached:37 - cache miss judge-request a25a46be9f0f
2026-09-22 06:51:32.176 | INFO     | steering_lite.benchmark.cache:cached:37 - cache miss judge-request 6e11d0a37060
2026-09-22 06:51:32.177 | INFO     | steering_lite.benchmark.cache:cached:37 - cache miss judge-request 670a261f4b63
2026-09-22 06:51:33.472 | INFO     | steering_lite.benchmark.cache:cached:37 - cache miss judge-request 0aac4d575eaa
2026-09-22 06:51:33.529 | INFO     | steering_lite.benchmark.cache:cached:37 - cache miss judge-request eeec9b0b887f
2026-09-22 06:51:33.584 | INFO     | steering_lite.benchmark.cache:cached:37 - cache miss judge-request a22d04b73107
2026-09-22 06:51:33.666 | INFO     | steering_lite.benchmark.cache:cached:37 - cache miss judge-request 3deea87c9c6d
2026-09-22 06:51:33.700 | INFO     | steering_lite.benchmark.cache:cached:37 - cache miss judge-request 237ffff2c7cc
2026-09-22 06:51:33.764 | INFO     | steering_lite.benchmark.cache:cached:37 - cache miss judge-request 17eb793f6937
2026-09-22 06:51:35.087 | INFO     | steering_lite.benchmark.cache:cached:37 - cache miss judge-request d9d2f25fd2c9
2026-09-22 06:51:35.156 | INFO     | steering_lite.benchmark.cache:cached:37 - cache miss judge-request 997afe5dd44e
2026-09-22 06:51:35.224 | INFO     | steering_lite.benchmark.cache:cached:37 - cache miss judge-request 9b10dbd6e303
2026-09-22 06:51:35.276 | INFO     | steering_lite.benchmark.cache:cached:37 - cache miss judge-request ce6363478ee9
2026-09-22 06:51:35.349 | INFO     | steering_lite.benchmark.cache:cached:37 - cache miss judge-request d3d18d0f3ab6
2026-09-22 06:51:35.407 | INFO     | steering_lite.benchmark.cache:cached:37 - cache miss judge-request 8d17d22ec9c4
2026-09-22 06:51:36.893 | INFO     | steering_lite.benchmark.cache:cached:37 - cache miss judge-request d2926b8e1bab
2026-09-22 06:51:36.982 | INFO     | steering_lite.benchmark.cache:cached:37 - cache miss judge-request a9a5dc4f2757
2026-09-22 06:51:37.059 | INFO     | steering_lite.benchmark.cache:cached:37 - cache miss judge-request 57d02dfac302
2026-09-22 06:51:37.103 | INFO     | steering_lite.benchmark.cache:cached:37 - cache miss judge-request d95cb7f5603d
2026-09-22 06:51:37.178 | INFO     | steering_lite.benchmark.cache:cached:37 - cache miss judge-request fb6477048048
2026-09-22 06:51:37.212 | INFO     | steering_lite.benchmark.cache:cached:37 - cache miss judge-request faaecfb2019a
2026-09-22 06:51:38.652 | INFO     | steering_lite.benchmark.cache:cached:37 - cache miss judge-request fc9024f31b86
2026-09-22 06:51:38.683 | INFO     | steering_lite.benchmark.cache:cached:37 - cache miss judge-request 05aa4c701cec
2026-09-22 06:51:38.815 | INFO     | steering_lite.benchmark.cache:cached:37 - cache miss judge-request 4c725899447a
2026-09-22 06:51:38.894 | INFO     | steering_lite.benchmark.cache:cached:37 - cache miss judge-request fbbc1844c1a4
2026-09-22 06:51:38.919 | INFO     | steering_lite.benchmark.cache:cached:37 - cache miss judge-request 57ad6c19f6d3
2026-09-22 06:51:38.976 | INFO     | steering_lite.benchmark.cache:cached:37 - cache miss judge-request 1c20cfd2b956
2026-09-22 06:51:40.033 | INFO     | steering_lite.benchmark.cache:cached:37 - cache miss judge-request 106b356f7b83
2026-09-22 06:51:40.266 | INFO     | steering_lite.benchmark.cache:cached:37 - cache miss judge-request daa665b63f1c
2026-09-22 06:51:40.347 | INFO     | steering_lite.benchmark.cache:cached:37 - cache miss judge-request 543b9ea0cd20
2026-09-22 06:51:40.408 | INFO     | steering_lite.benchmark.cache:cached:37 - cache miss judge-request aba0d5352414
2026-09-22 06:51:40.507 | INFO     | steering_lite.benchmark.cache:cached:37 - cache miss judge-request c388c0ce5386
2026-09-22 06:51:40.615 | INFO     | steering_lite.benchmark.cache:cached:37 - cache miss judge-request cb2455c38e61
2026-09-22 06:51:41.840 | INFO     | steering_lite.benchmark.cache:cached:37 - cache miss judge-request ec647aa1a186
2026-09-22 06:51:42.013 | INFO     | steering_lite.benchmark.cache:cached:37 - cache miss judge-request 75bc4f7cfcad
2026-09-22 06:51:42.086 | INFO     | steering_lite.benchmark.cache:cached:37 - cache miss judge-request a8a7e6cf8ea5
2026-09-22 06:51:42.209 | INFO     | steering_lite.benchmark.cache:cached:37 - cache miss judge-request a5d6a3e68b57
2026-09-22 06:51:42.297 | INFO     | steering_lite.benchmark.cache:cached:37 - cache miss judge-request 6b1f8554644c
2026-09-22 06:51:42.444 | INFO     | steering_lite.benchmark.cache:cached:37 - cache miss judge-request aa03a48ca041
2026-09-22 06:51:43.804 | INFO     | steering_lite.benchmark.cache:cached:37 - cache miss candidate-health 3ebbec7ed49c
2026-09-22 06:51:43.812 | INFO     | steering_lite.benchmark.cache:cached:37 - cache miss candidate-aware 1fda2db09a58
2026-09-22 06:51:43.816 | INFO     | steering_lite.benchmark.cache:cached:37 - cache miss candidate-blind c5cb56a8ee2b
2026-09-22 06:51:43.819 | INFO     | steering_lite.benchmark.cache:cached:37 - cache miss final-generation a4fb196a48da
2026-09-22 06:51:43.997 | INFO     | steering_lite.benchmark.cache:cached:37 - cache miss final-judgments 5ee11dffa9f2
2026-09-22 06:51:44.011 | INFO     | steering_lite.benchmark.cache:cached:37 - cache miss judge-request 827149d44f78
2026-09-22 06:51:44.012 | INFO     | steering_lite.benchmark.cache:cached:37 - cache miss judge-request 4b58509c7af6
2026-09-22 06:51:44.012 | INFO     | steering_lite.benchmark.cache:cached:37 - cache miss judge-request 315c96630af7
2026-09-22 06:51:44.013 | INFO     | steering_lite.benchmark.cache:cached:37 - cache miss judge-request 111a8e5a5b17
2026-09-22 06:51:44.013 | INFO     | steering_lite.benchmark.cache:cached:37 - cache miss judge-request 19957635ff89
2026-09-22 06:51:44.025 | INFO     | steering_lite.benchmark.cache:cached:37 - cache miss judge-request 83adb856c736
2026-09-22 06:51:45.578 | INFO     | steering_lite.benchmark.cache:cached:37 - cache miss judge-request 9c9d304a403a
2026-09-22 06:51:45.646 | INFO     | steering_lite.benchmark.cache:cached:37 - cache miss judge-request 8eac437997fe
2026-09-22 06:51:45.735 | INFO     | steering_lite.benchmark.cache:cached:37 - cache miss judge-request 121dd770f3a6
2026-09-22 06:51:45.785 | INFO     | steering_lite.benchmark.cache:cached:37 - cache miss judge-request 9802e407ef97
2026-09-22 06:51:45.822 | INFO     | steering_lite.benchmark.cache:cached:37 - cache miss judge-request 049c2457270c
2026-09-22 06:51:45.879 | INFO     | steering_lite.benchmark.cache:cached:37 - cache miss judge-request 1c85a49c3f05
2026-09-22 06:51:47.253 | INFO     | steering_lite.benchmark.cache:cached:37 - cache miss judge-request 32536d87bc38
2026-09-22 06:51:47.322 | INFO     | steering_lite.benchmark.cache:cached:37 - cache miss judge-request 3ae33fcf73a5
2026-09-22 06:51:47.429 | INFO     | steering_lite.benchmark.cache:cached:37 - cache miss judge-request 11fd1a967a02
2026-09-22 06:51:47.489 | INFO     | steering_lite.benchmark.cache:cached:37 - cache miss judge-request a4a37a8707cf
2026-09-22 06:51:47.545 | INFO     | steering_lite.benchmark.cache:cached:37 - cache miss judge-request 886dce7be627
2026-09-22 06:51:47.608 | INFO     | steering_lite.benchmark.cache:cached:37 - cache miss judge-request 5679140af366
2026-09-22 06:51:48.918 | INFO     | steering_lite.benchmark.cache:cached:37 - cache miss judge-request 5acacf7624bc
2026-09-22 06:51:48.964 | INFO     | steering_lite.benchmark.cache:cached:37 - cache miss judge-request bb46d33e9317
2026-09-22 06:51:49.015 | INFO     | steering_lite.benchmark.cache:cached:37 - cache miss judge-request 00558ae9ba11
2026-09-22 06:51:49.097 | INFO     | steering_lite.benchmark.cache:cached:37 - cache miss judge-request 5b8fd39293da
2026-09-22 06:51:49.146 | INFO     | steering_lite.benchmark.cache:cached:37 - cache miss judge-request e9379359f954
2026-09-22 06:51:49.192 | INFO     | steering_lite.benchmark.cache:cached:37 - cache miss judge-request 9d54cbca1750
2026-09-22 06:51:50.482 | INFO     | steering_lite.benchmark.cache:cached:37 - cache miss judge-request 1864886cb75f
2026-09-22 06:51:50.530 | INFO     | steering_lite.benchmark.cache:cached:37 - cache miss judge-request 1718fdd91efa
2026-09-22 06:51:50.614 | INFO     | steering_lite.benchmark.cache:cached:37 - cache miss judge-request 71c76e0366a2
2026-09-22 06:51:50.650 | INFO     | steering_lite.benchmark.cache:cached:37 - cache miss judge-request ee0a33ad14a1
2026-09-22 06:51:50.693 | INFO     | steering_lite.benchmark.cache:cached:37 - cache miss judge-request 9b6f08f55900
2026-09-22 06:51:50.730 | INFO     | steering_lite.benchmark.cache:cached:37 - cache miss judge-request 9c30940da41d
2026-09-22 06:51:51.909 | INFO     | steering_lite.benchmark.cache:cached:37 - cache miss judge-request bbd5cbbc580f
2026-09-22 06:51:51.987 | INFO     | steering_lite.benchmark.cache:cached:37 - cache miss judge-request 9352530c71ef
2026-09-22 06:51:52.049 | INFO     | steering_lite.benchmark.cache:cached:37 - cache miss judge-request 000b02de714f
2026-09-22 06:51:52.109 | INFO     | steering_lite.benchmark.cache:cached:37 - cache miss judge-request 67bae4a7405b
2026-09-22 06:51:52.240 | INFO     | steering_lite.benchmark.cache:cached:37 - cache miss judge-request d09ff2ceaf51
2026-09-22 06:51:52.347 | INFO     | steering_lite.benchmark.cache:cached:37 - cache miss judge-request 7fbb2b5989ad
2026-09-22 06:51:53.483 | INFO     | steering_lite.benchmark.cache:cached:37 - cache miss judge-request 8807a6717dd4
2026-09-22 06:51:53.492 | INFO     | steering_lite.benchmark.cache:cached:37 - cache miss judge-request 83284e8a05fe
2026-09-22 06:51:53.549 | INFO     | steering_lite.benchmark.cache:cached:37 - cache miss judge-request f7a6768bfb5f
2026-09-22 06:51:53.739 | INFO     | steering_lite.benchmark.cache:cached:37 - cache miss judge-request c58285acc582
2026-09-22 06:51:53.747 | INFO     | steering_lite.benchmark.cache:cached:37 - cache miss judge-request 6669491a1092
2026-09-22 06:51:53.896 | INFO     | steering_lite.benchmark.cache:cached:37 - cache miss judge-request e4081dacd265
2026-09-22 06:51:55.086 | INFO     | steering_lite.benchmark.cache:cached:37 - cache miss judge-request 9f059794408f
2026-09-22 06:51:55.200 | INFO     | steering_lite.benchmark.cache:cached:37 - cache miss judge-request eaaf58ae9213
2026-09-22 06:51:55.230 | INFO     | steering_lite.benchmark.cache:cached:37 - cache miss judge-request 26f13bd27de5
2026-09-22 06:51:55.287 | INFO     | steering_lite.benchmark.cache:cached:37 - cache miss judge-request 714c7d127844
2026-09-22 06:51:55.436 | INFO     | steering_lite.benchmark.cache:cached:37 - cache miss judge-request 4f402d035bc8
2026-09-22 06:51:55.588 | INFO     | steering_lite.benchmark.cache:cached:37 - cache miss judge-request e596913b02d9
2026-09-22 06:51:56.660 | INFO     | steering_lite.benchmark.cache:cached:37 - cache miss judge-request d19e0574a652
2026-09-22 06:51:56.758 | INFO     | steering_lite.benchmark.cache:cached:37 - cache miss judge-request dd1c15231cb3
2026-09-22 06:51:56.804 | INFO     | steering_lite.benchmark.cache:cached:37 - cache miss judge-request 121f030b8680
2026-09-22 06:51:56.876 | INFO     | steering_lite.benchmark.cache:cached:37 - cache miss judge-request 1eac192459cd
2026-09-22 06:51:56.932 | INFO     | steering_lite.benchmark.cache:cached:37 - cache miss judge-request d03b5939ad9c
2026-09-22 06:51:57.056 | INFO     | steering_lite.benchmark.cache:cached:37 - cache miss judge-request 15180945d2be
2026-09-22 06:51:58.214 | INFO     | steering_lite.benchmark.cache:cached:37 - cache miss judge-request b5de176e7e8d
2026-09-22 06:51:58.327 | INFO     | steering_lite.benchmark.cache:cached:37 - cache miss judge-request da0f7448f25a
2026-09-22 06:51:58.392 | INFO     | steering_lite.benchmark.cache:cached:37 - cache miss judge-request 9df6b6a03ae3
2026-09-22 06:51:58.469 | INFO     | steering_lite.benchmark.cache:cached:37 - cache miss judge-request d94c35dc087a
2026-09-22 06:51:58.511 | INFO     | steering_lite.benchmark.cache:cached:37 - cache miss judge-request 80ccd833bfeb
2026-09-22 06:51:58.639 | INFO     | steering_lite.benchmark.cache:cached:37 - cache miss judge-request 1efbeca80f09
2026-09-22 06:51:59.839 | INFO     | steering_lite.benchmark.cache:cached:37 - cache miss judge-request 9b6a7bb1b340
2026-09-22 06:51:59.990 | INFO     | steering_lite.benchmark.cache:cached:37 - cache miss judge-request 4ea26395275d
2026-09-22 06:52:00.063 | INFO     | steering_lite.benchmark.cache:cached:37 - cache miss judge-request 0d1c6c69aba2
2026-09-22 06:52:00.141 | INFO     | steering_lite.benchmark.cache:cached:37 - cache miss judge-request 96b570dee653
2026-09-22 06:52:00.210 | INFO     | steering_lite.benchmark.cache:cached:37 - cache miss judge-request fb26acf12916
2026-09-22 06:52:00.339 | INFO     | steering_lite.benchmark.cache:cached:37 - cache miss judge-request f3f565594958
2026-09-22 06:52:01.470 | INFO     | steering_lite.benchmark.cache:cached:37 - cache miss judge-request 6956a4a799ed
2026-09-22 06:52:01.557 | INFO     | steering_lite.benchmark.cache:cached:37 - cache miss judge-request 48175bf1729e
2026-09-22 06:52:01.646 | INFO     | steering_lite.benchmark.cache:cached:37 - cache miss judge-request 84be0eb723db
2026-09-22 06:52:01.673 | INFO     | steering_lite.benchmark.cache:cached:37 - cache miss judge-request 0982ff29f351
2026-09-22 06:52:01.725 | INFO     | steering_lite.benchmark.cache:cached:37 - cache miss judge-request 99c7c9210808
2026-09-22 06:52:01.843 | INFO     | steering_lite.benchmark.cache:cached:37 - cache miss judge-request b127fb48a77a
2026-09-22 06:52:02.823 | INFO     | steering_lite.benchmark.cache:cached:37 - cache miss judge-request 410e78e30436
2026-09-22 06:52:02.955 | INFO     | steering_lite.benchmark.cache:cached:37 - cache miss judge-request 009645455e49
2026-09-22 06:52:03.005 | INFO     | steering_lite.benchmark.cache:cached:37 - cache miss judge-request dd6fc27fff52
2026-09-22 06:52:03.058 | INFO     | steering_lite.benchmark.cache:cached:37 - cache miss judge-request ae6ebc8e2a65
2026-09-22 06:52:03.144 | INFO     | steering_lite.benchmark.cache:cached:37 - cache miss judge-request 57f0261c2de8
2026-09-22 06:52:03.187 | INFO     | steering_lite.benchmark.cache:cached:37 - cache miss judge-request 0253cf79973e
2026-09-22 06:52:04.489 | INFO     | steering_lite.benchmark.cache:cached:37 - cache miss judge-request 51bb56b153c0
2026-09-22 06:52:04.549 | INFO     | steering_lite.benchmark.cache:cached:37 - cache miss judge-request 25542c854cca
2026-09-22 06:52:04.597 | INFO     | steering_lite.benchmark.cache:cached:37 - cache miss judge-request 3745f63bc97a
2026-09-22 06:52:04.654 | INFO     | steering_lite.benchmark.cache:cached:37 - cache miss judge-request e5a51526de25
2026-09-22 06:52:04.741 | INFO     | steering_lite.benchmark.cache:cached:37 - cache miss judge-request 56d7097c0a14
2026-09-22 06:52:04.809 | INFO     | steering_lite.benchmark.cache:cached:37 - cache miss judge-request 763a624fef3d
2026-09-22 06:52:06.049 | INFO     | steering_lite.benchmark.cache:cached:37 - cache miss judge-request 4633d97d3c7c
2026-09-22 06:52:06.053 | INFO     | steering_lite.benchmark.cache:cached:37 - cache miss judge-request f6742bfee4c2
2026-09-22 06:52:06.112 | INFO     | steering_lite.benchmark.cache:cached:37 - cache miss judge-request 6a5193c72e44
2026-09-22 06:52:06.180 | INFO     | steering_lite.benchmark.cache:cached:37 - cache miss judge-request 03662177188e
2026-09-22 06:52:06.275 | INFO     | steering_lite.benchmark.cache:cached:37 - cache miss judge-request 92e28b2594b1
2026-09-22 06:52:06.315 | INFO     | steering_lite.benchmark.cache:cached:37 - cache miss judge-request 1d039bdc40e7
2026-09-22 06:52:07.590 | INFO     | steering_lite.benchmark.cache:cached:37 - cache miss judge-request cf949158767f
2026-09-22 06:52:07.679 | INFO     | steering_lite.benchmark.cache:cached:37 - cache miss judge-request b721d532bd54
2026-09-22 06:52:07.715 | INFO     | steering_lite.benchmark.cache:cached:37 - cache miss judge-request b132dd7dbbd7
2026-09-22 06:52:07.787 | INFO     | steering_lite.benchmark.cache:cached:37 - cache miss judge-request 1c045db125f4
2026-09-22 06:52:07.899 | INFO     | steering_lite.benchmark.cache:cached:37 - cache miss judge-request c13a681293f5
2026-09-22 06:52:07.900 | INFO     | steering_lite.benchmark.cache:cached:37 - cache miss judge-request ef88ace12d82
2026-09-22 06:52:09.433 | INFO     | steering_lite.benchmark.cache:cached:37 - cache miss judge-request a19aa33bb57d
2026-09-22 06:52:09.522 | INFO     | steering_lite.benchmark.cache:cached:37 - cache miss judge-request 200aea2bb61d
2026-09-22 06:52:09.586 | INFO     | steering_lite.benchmark.cache:cached:37 - cache miss judge-request d06a6a9bda53
2026-09-22 06:52:09.654 | INFO     | steering_lite.benchmark.cache:cached:37 - cache miss judge-request 10242b3149fc
2026-09-22 06:52:09.719 | INFO     | steering_lite.benchmark.cache:cached:37 - cache miss judge-request 5693dceeffda
2026-09-22 06:52:09.767 | INFO     | steering_lite.benchmark.cache:cached:37 - cache miss judge-request 309223fcc4b8
2026-09-22 06:52:11.169 | INFO     | steering_lite.benchmark.cache:cached:37 - cache miss judge-request e34bd522dc2b
2026-09-22 06:52:11.238 | INFO     | steering_lite.benchmark.cache:cached:37 - cache miss judge-request d5a1292107c4
2026-09-22 06:52:11.314 | INFO     | steering_lite.benchmark.cache:cached:37 - cache miss judge-request 8acc5ee90390
2026-09-22 06:52:11.377 | INFO     | steering_lite.benchmark.cache:cached:37 - cache miss judge-request 9739ebf805bc
2026-09-22 06:52:11.460 | INFO     | steering_lite.benchmark.cache:cached:37 - cache miss judge-request 0bc9127fde97
2026-09-22 06:52:11.525 | INFO     | steering_lite.benchmark.cache:cached:37 - cache miss judge-request 0d0620543484
2026-09-22 06:52:12.869 | INFO     | steering_lite.benchmark.cache:cached:37 - cache miss judge-request 149341aff8bb
2026-09-22 06:52:12.922 | INFO     | steering_lite.benchmark.cache:cached:37 - cache miss judge-request dcc7c95d9d27
2026-09-22 06:52:12.990 | INFO     | steering_lite.benchmark.cache:cached:37 - cache miss judge-request 7871249dc163
2026-09-22 06:52:13.057 | INFO     | steering_lite.benchmark.cache:cached:37 - cache miss judge-request 00c8b2161fae
2026-09-22 06:52:13.120 | INFO     | steering_lite.benchmark.cache:cached:37 - cache miss judge-request 4682af896d47
2026-09-22 06:52:13.200 | INFO     | steering_lite.benchmark.cache:cached:37 - cache miss judge-request efda503fa5ec
2026-09-22 06:52:14.648 | INFO     | steering_lite.benchmark.cache:cached:37 - cache miss judge-request 9b83f258bbae
2026-09-22 06:52:14.713 | INFO     | steering_lite.benchmark.cache:cached:37 - cache miss judge-request f8cc214be67e
2026-09-22 06:52:14.785 | INFO     | steering_lite.benchmark.cache:cached:37 - cache miss judge-request 5d48e67c31fe
2026-09-22 06:52:14.856 | INFO     | steering_lite.benchmark.cache:cached:37 - cache miss judge-request 2a9b3a712ba9
2026-09-22 06:52:14.913 | INFO     | steering_lite.benchmark.cache:cached:37 - cache miss judge-request d56e6fbecbc3
2026-09-22 06:52:15.025 | INFO     | steering_lite.benchmark.cache:cached:37 - cache miss judge-request 604233d68b6c
2026-09-22 06:52:15.895 | INFO     | steering_lite.benchmark.cache:cached:37 - cache miss judge-request cec66304d677
2026-09-22 06:52:16.061 | INFO     | steering_lite.benchmark.cache:cached:37 - cache miss judge-request a379d1367261
2026-09-22 06:52:16.120 | INFO     | steering_lite.benchmark.cache:cached:37 - cache miss judge-request 29db46e3a3a6
2026-09-22 06:52:16.188 | INFO     | steering_lite.benchmark.cache:cached:37 - cache miss judge-request 85ba5f7b7811
2026-09-22 06:52:16.243 | INFO     | steering_lite.benchmark.cache:cached:37 - cache miss judge-request b621e62c73c8
2026-09-22 06:52:16.493 | INFO     | steering_lite.benchmark.cache:cached:37 - cache miss judge-request 0b765d967984
2026-09-22 06:52:17.733 | INFO     | steering_lite.benchmark.cache:cached:37 - cache miss judge-request 43fa731f2e3f
2026-09-22 06:52:17.864 | INFO     | steering_lite.benchmark.cache:cached:37 - cache miss judge-request 00ade057b1c5
2026-09-22 06:52:17.941 | INFO     | steering_lite.benchmark.cache:cached:37 - cache miss judge-request e57ff7d3b7a9
2026-09-22 06:52:17.994 | INFO     | steering_lite.benchmark.cache:cached:37 - cache miss judge-request fddf1952a1a2
2026-09-22 06:52:18.045 | INFO     | steering_lite.benchmark.cache:cached:37 - cache miss judge-request bbf58f41b4b4
2026-09-22 06:52:18.221 | INFO     | steering_lite.benchmark.cache:cached:37 - cache miss judge-request 7794b6ff1af5
2026-09-22 06:52:19.490 | INFO     | steering_lite.benchmark.cache:cached:37 - cache miss judge-request a05fc40db9bf
2026-09-22 06:52:19.644 | INFO     | steering_lite.benchmark.cache:cached:37 - cache miss judge-request 46fe2b156cdd
2026-09-22 06:52:19.711 | INFO     | steering_lite.benchmark.cache:cached:37 - cache miss judge-request 7648ba25fdb3
2026-09-22 06:52:19.827 | INFO     | steering_lite.benchmark.cache:cached:37 - cache miss judge-request 0f61517727b3
2026-09-22 06:52:19.896 | INFO     | steering_lite.benchmark.cache:cached:37 - cache miss judge-request 868cc9766bca
2026-09-22 06:52:20.043 | INFO     | steering_lite.benchmark.cache:cached:37 - cache miss judge-request 66ac8c4913b5
2026-09-22 06:52:21.365 | INFO     | steering_lite.benchmark.cache:cached:37 - cache miss judge-request f2e0739555c4
2026-09-22 06:52:21.524 | INFO     | steering_lite.benchmark.cache:cached:37 - cache miss judge-request 0e0db9e73792
2026-09-22 06:52:21.608 | INFO     | steering_lite.benchmark.cache:cached:37 - cache miss judge-request ca1e8b925a64
2026-09-22 06:52:21.675 | INFO     | steering_lite.benchmark.cache:cached:37 - cache miss judge-request cb354bc7af69
2026-09-22 06:52:21.763 | INFO     | steering_lite.benchmark.cache:cached:37 - cache miss judge-request 57318ed38904
2026-09-22 06:52:21.929 | INFO     | steering_lite.benchmark.cache:cached:37 - cache miss judge-request f0de57e8573e
2026-09-22 06:52:23.350 | INFO     | steering_lite.benchmark.cache:cached:37 - cache miss judge-request e8d48605c176
2026-09-22 06:52:23.445 | INFO     | steering_lite.benchmark.cache:cached:37 - cache miss judge-request 9be88e0022df
2026-09-22 06:52:23.504 | INFO     | steering_lite.benchmark.cache:cached:37 - cache miss judge-request b3ff12758dc1
2026-09-22 06:52:23.562 | INFO     | steering_lite.benchmark.cache:cached:37 - cache miss judge-request bf391f944d64
2026-09-22 06:52:23.646 | INFO     | steering_lite.benchmark.cache:cached:37 - cache miss judge-request 7b52e2370ce7
2026-09-22 06:52:23.786 | INFO     | steering_lite.benchmark.cache:cached:37 - cache miss judge-request 343be4a558a6
2026-09-22 06:52:25.234 | INFO     | steering_lite.benchmark.cache:cached:37 - cache miss judge-request f890339094ac
2026-09-22 06:52:25.435 | INFO     | steering_lite.benchmark.cache:cached:37 - cache miss judge-request f2ba07fda579
2026-09-22 06:52:25.541 | INFO     | steering_lite.benchmark.cache:cached:37 - cache miss judge-request b7fe7648baef
2026-09-22 06:52:25.604 | INFO     | steering_lite.benchmark.cache:cached:37 - cache miss judge-request 9b9878f14d13
2026-09-22 06:52:25.702 | INFO     | steering_lite.benchmark.cache:cached:37 - cache miss judge-request 2a53853c1059
2026-09-22 06:52:25.867 | INFO     | steering_lite.benchmark.cache:cached:37 - cache miss judge-request 140e295b888d
2026-09-22 06:52:27.045 | INFO     | steering_lite.benchmark.cache:cached:37 - cache miss judge-request 893d0bbe79cd
2026-09-22 06:52:27.264 | INFO     | steering_lite.benchmark.cache:cached:37 - cache miss judge-request 74e4f8ac682f
2026-09-22 06:52:27.296 | INFO     | steering_lite.benchmark.cache:cached:37 - cache miss judge-request fc7e060b6672
2026-09-22 06:52:27.362 | INFO     | steering_lite.benchmark.cache:cached:37 - cache miss judge-request 51280a7b4a45
2026-09-22 06:52:27.466 | INFO     | steering_lite.benchmark.cache:cached:37 - cache miss judge-request 2de34b510a98
2026-09-22 06:52:27.569 | INFO     | steering_lite.benchmark.cache:cached:37 - cache miss judge-request 8d66437545fe
2026-09-22 06:52:28.676 | INFO     | steering_lite.benchmark.cache:cached:37 - cache miss judge-request c51c76c1c8f1
2026-09-22 06:52:28.795 | INFO     | steering_lite.benchmark.cache:cached:37 - cache miss judge-request c51d31edd6be
2026-09-22 06:52:28.867 | INFO     | steering_lite.benchmark.cache:cached:37 - cache miss judge-request e7cf27ab7bfd
2026-09-22 06:52:28.928 | INFO     | steering_lite.benchmark.cache:cached:37 - cache miss judge-request d437e5f77b8f
2026-09-22 06:52:29.027 | INFO     | steering_lite.benchmark.cache:cached:37 - cache miss judge-request a98bf76c7fdf
2026-09-22 06:52:29.127 | INFO     | steering_lite.benchmark.cache:cached:37 - cache miss judge-request 43f790422929
2026-09-22 06:52:30.283 | INFO     | steering_lite.benchmark.cache:cached:37 - cache miss judge-request 0709957d3604
2026-09-22 06:52:30.397 | INFO     | steering_lite.benchmark.cache:cached:37 - cache miss judge-request 7dfc89e25470
2026-09-22 06:52:30.475 | INFO     | steering_lite.benchmark.cache:cached:37 - cache miss judge-request cd599c7d801e
2026-09-22 06:52:30.543 | INFO     | steering_lite.benchmark.cache:cached:37 - cache miss judge-request d8e6ed51cb65
2026-09-22 06:52:30.621 | INFO     | steering_lite.benchmark.cache:cached:37 - cache miss judge-request 9fec5db21e67
2026-09-22 06:52:30.783 | INFO     | steering_lite.benchmark.cache:cached:37 - cache miss judge-request 23eb84c07cf4
2026-09-22 06:52:31.972 | INFO     | steering_lite.benchmark.cache:cached:37 - cache miss judge-request 7ae10bce3985
2026-09-22 06:52:32.069 | INFO     | steering_lite.benchmark.cache:cached:37 - cache miss judge-request bf71d804d3c8
2026-09-22 06:52:32.133 | INFO     | steering_lite.benchmark.cache:cached:37 - cache miss judge-request 21bc7ee80a54
2026-09-22 06:52:32.220 | INFO     | steering_lite.benchmark.cache:cached:37 - cache miss judge-request cba031146452
2026-09-22 06:52:32.284 | INFO     | steering_lite.benchmark.cache:cached:37 - cache miss judge-request 57fc99df9a95
2026-09-22 06:52:32.382 | INFO     | steering_lite.benchmark.cache:cached:37 - cache miss judge-request 8359c3c97408
2026-09-22 06:52:33.642 | INFO     | steering_lite.benchmark.cache:cached:37 - cache miss judge-request 126dcc011397
2026-09-22 06:52:33.721 | INFO     | steering_lite.benchmark.cache:cached:37 - cache miss judge-request 2a170c3b1699
2026-09-22 06:52:33.789 | INFO     | steering_lite.benchmark.cache:cached:37 - cache miss judge-request 24e1483fda1c
2026-09-22 06:52:33.894 | INFO     | steering_lite.benchmark.cache:cached:37 - cache miss judge-request 3f05221fa146
2026-09-22 06:52:33.923 | INFO     | steering_lite.benchmark.cache:cached:37 - cache miss judge-request 50d0bbd4e7e1
2026-09-22 06:52:34.003 | INFO     | steering_lite.benchmark.cache:cached:37 - cache miss judge-request e0735444202d
2026-09-22 06:52:35.161 | INFO     | steering_lite.benchmark.cache:cached:37 - cache miss judge-request 1d841c64930b
2026-09-22 06:52:35.272 | INFO     | steering_lite.benchmark.cache:cached:37 - cache miss judge-request 18ac8c8b9fda
2026-09-22 06:52:35.338 | INFO     | steering_lite.benchmark.cache:cached:37 - cache miss judge-request d5d302d15a62
2026-09-22 06:52:35.416 | INFO     | steering_lite.benchmark.cache:cached:37 - cache miss judge-request db41a30402f4
2026-09-22 06:52:35.466 | INFO     | steering_lite.benchmark.cache:cached:37 - cache miss judge-request b45228100bc7
2026-09-22 06:52:35.625 | INFO     | steering_lite.benchmark.cache:cached:37 - cache miss judge-request f8577e3dbba0
2026-09-22 06:52:36.879 | INFO     | steering_lite.benchmark.cache:cached:37 - cache miss judge-request 0b880f79b4c5
2026-09-22 06:52:37.060 | INFO     | steering_lite.benchmark.cache:cached:37 - cache miss judge-request d21da3ecff6b
2026-09-22 06:52:37.130 | INFO     | steering_lite.benchmark.cache:cached:37 - cache miss judge-request 7e419c895f76
2026-09-22 06:52:37.199 | INFO     | steering_lite.benchmark.cache:cached:37 - cache miss judge-request cab618cba663
2026-09-22 06:52:37.280 | INFO     | steering_lite.benchmark.cache:cached:37 - cache miss judge-request 4314590571b8
2026-09-22 06:52:37.399 | INFO     | steering_lite.benchmark.cache:cached:37 - cache miss judge-request 87ad549392ea
2026-09-22 06:52:38.444 | INFO     | steering_lite.benchmark.cache:cached:37 - cache miss judge-request 5951653074db
2026-09-22 06:52:38.727 | INFO     | steering_lite.benchmark.cache:cached:37 - cache miss judge-request 50b7edac3518
2026-09-22 06:52:38.798 | INFO     | steering_lite.benchmark.cache:cached:37 - cache miss judge-request 6c0c3387e227
2026-09-22 06:52:38.862 | INFO     | steering_lite.benchmark.cache:cached:37 - cache miss judge-request a78149d5b922
2026-09-22 06:52:38.915 | INFO     | steering_lite.benchmark.cache:cached:37 - cache miss judge-request 1fe6414e664f
2026-09-22 06:52:39.077 | INFO     | steering_lite.benchmark.cache:cached:37 - cache miss judge-request 8deb44c6c81a
2026-09-22 06:52:40.133 | INFO     | steering_lite.benchmark.cache:cached:37 - cache miss judge-request 3e1bd7652ccd
2026-09-22 06:52:40.257 | INFO     | steering_lite.benchmark.cache:cached:37 - cache miss judge-request bdb1f0d5b966
2026-09-22 06:52:40.299 | INFO     | steering_lite.benchmark.cache:cached:37 - cache miss judge-request 9b0d2be5f43d
2026-09-22 06:52:40.376 | INFO     | steering_lite.benchmark.cache:cached:37 - cache miss judge-request bc277da4bcae
2026-09-22 06:52:40.487 | INFO     | steering_lite.benchmark.cache:cached:37 - cache miss judge-request 7191dd71b8c2
2026-09-22 06:52:40.624 | INFO     | steering_lite.benchmark.cache:cached:37 - cache miss judge-request 132f91e693a2
2026-09-22 06:52:41.850 | INFO     | steering_lite.benchmark.cache:cached:37 - cache miss judge-request 99bbc9fecde7
2026-09-22 06:52:42.184 | INFO     | steering_lite.benchmark.cache:cached:37 - cache miss judge-request b673f68ef4f3
2026-09-22 06:52:42.187 | INFO     | steering_lite.benchmark.cache:cached:37 - cache miss judge-request 36fb7d5ffba2
2026-09-22 06:52:42.266 | INFO     | steering_lite.benchmark.cache:cached:37 - cache miss judge-request b481a21af446
2026-09-22 06:52:42.368 | INFO     | steering_lite.benchmark.cache:cached:37 - cache miss judge-request bc39b7b8d462
2026-09-22 06:52:42.557 | INFO     | steering_lite.benchmark.cache:cached:37 - cache miss judge-request c197a7ab1a54
2026-09-22 06:52:44.032 | INFO     | steering_lite.benchmark.cache:cached:37 - cache miss judge-request ad08f69a8908
2026-09-22 06:52:44.165 | INFO     | steering_lite.benchmark.cache:cached:37 - cache miss judge-request edad92bdd2fa
2026-09-22 06:52:44.265 | INFO     | steering_lite.benchmark.cache:cached:37 - cache miss judge-request 0c2450a1078f
2026-09-22 06:52:44.340 | INFO     | steering_lite.benchmark.cache:cached:37 - cache miss judge-request 3b0fa20849e9
2026-09-22 06:52:44.464 | INFO     | steering_lite.benchmark.cache:cached:37 - cache miss judge-request bb19b55bea14
2026-09-22 06:52:44.613 | INFO     | steering_lite.benchmark.cache:cached:37 - cache miss judge-request 7cafc8cb53c7
2026-09-22 06:52:45.790 | INFO     | steering_lite.benchmark.cache:cached:37 - cache miss judge-request f54cb48ee040
2026-09-22 06:52:45.927 | INFO     | steering_lite.benchmark.cache:cached:37 - cache miss judge-request ffa40055c2c5
2026-09-22 06:52:45.999 | INFO     | steering_lite.benchmark.cache:cached:37 - cache miss judge-request f6acc7201639
2026-09-22 06:52:46.067 | INFO     | steering_lite.benchmark.cache:cached:37 - cache miss judge-request 3b82c76d93cd
2026-09-22 06:52:46.136 | INFO     | steering_lite.benchmark.cache:cached:37 - cache miss judge-request ff0b66f81a92
2026-09-22 06:52:46.319 | INFO     | steering_lite.benchmark.cache:cached:37 - cache miss judge-request 4a7c787db7d7
2026-09-22 06:52:47.393 | INFO     | steering_lite.benchmark.cache:cached:37 - cache miss judge-request 5ca0f21eb725
2026-09-22 06:52:47.624 | INFO     | steering_lite.benchmark.cache:cached:37 - cache miss judge-request 40175135f120
2026-09-22 06:52:47.721 | INFO     | steering_lite.benchmark.cache:cached:37 - cache miss judge-request dbb758723c66
2026-09-22 06:52:47.765 | INFO     | steering_lite.benchmark.cache:cached:37 - cache miss judge-request 637c2e743e10
2026-09-22 06:52:47.837 | INFO     | steering_lite.benchmark.cache:cached:37 - cache miss judge-request c5ea1cb7834c
2026-09-22 06:52:48.056 | INFO     | steering_lite.benchmark.cache:cached:37 - cache miss judge-request 743df6572c6d
2026-09-22 06:52:49.389 | INFO     | steering_lite.benchmark.cache:cached:37 - cache miss judge-request d2674c1528fc
2026-09-22 06:52:49.482 | INFO     | steering_lite.benchmark.cache:cached:37 - cache miss judge-request 57b0a156cb03
2026-09-22 06:52:49.553 | INFO     | steering_lite.benchmark.cache:cached:37 - cache miss judge-request 6fcc8ca8bd77
2026-09-22 06:52:49.577 | INFO     | steering_lite.benchmark.cache:cached:37 - cache miss judge-request d2c8f02e66f1
2026-09-22 06:52:49.668 | INFO     | steering_lite.benchmark.cache:cached:37 - cache miss judge-request 3dd81c651f54
2026-09-22 06:52:49.836 | INFO     | steering_lite.benchmark.cache:cached:37 - cache miss judge-request 40d3a90c9706
2026-09-22 06:52:51.129 | INFO     | steering_lite.benchmark.cache:cached:37 - cache miss judge-request 4d1e35a026db
2026-09-22 06:52:51.189 | INFO     | steering_lite.benchmark.cache:cached:37 - cache miss judge-request 9543cf087f31
2026-09-22 06:52:51.357 | INFO     | steering_lite.benchmark.cache:cached:37 - cache miss judge-request 96c71e0867d0
2026-09-22 06:52:51.402 | INFO     | steering_lite.benchmark.cache:cached:37 - cache miss judge-request 17708545b16a
2026-09-22 06:52:51.477 | INFO     | steering_lite.benchmark.cache:cached:37 - cache miss judge-request 2a0c426b844b
2026-09-22 06:52:51.719 | INFO     | steering_lite.benchmark.cache:cached:37 - cache miss judge-request 2aaca56abc70
2026-09-22 06:52:52.909 | INFO     | steering_lite.benchmark.cache:cached:37 - cache miss judge-request 5dd855a928ad
2026-09-22 06:52:52.988 | INFO     | steering_lite.benchmark.cache:cached:37 - cache miss judge-request 0dba5b9d183f
2026-09-22 06:52:53.161 | INFO     | steering_lite.benchmark.cache:cached:37 - cache miss judge-request e4b21a80dca0
2026-09-22 06:52:53.259 | INFO     | steering_lite.benchmark.cache:cached:37 - cache miss judge-request 44e8ab854f42
2026-09-22 06:52:53.329 | INFO     | steering_lite.benchmark.cache:cached:37 - cache miss judge-request 6acb67bc2348
2026-09-22 06:52:53.614 | INFO     | steering_lite.benchmark.cache:cached:37 - cache miss judge-request a6c64284e78a
2026-09-22 06:52:54.528 | INFO     | steering_lite.benchmark.cache:cached:37 - cache miss judge-request 07ad64e99a64
2026-09-22 06:52:54.629 | INFO     | steering_lite.benchmark.cache:cached:37 - cache miss judge-request f23909dccf8f
2026-09-22 06:52:54.701 | INFO     | steering_lite.benchmark.cache:cached:37 - cache miss judge-request 4ea95a772083
2026-09-22 06:52:54.805 | INFO     | steering_lite.benchmark.cache:cached:37 - cache miss judge-request 966f7e81dac8
2026-09-22 06:52:54.821 | INFO     | steering_lite.benchmark.cache:cached:37 - cache miss judge-request 8efa3c5345b2
2026-09-22 06:52:54.939 | INFO     | steering_lite.benchmark.cache:cached:37 - cache miss judge-request f260a96a1a10
2026-09-22 06:52:56.235 | INFO     | steering_lite.benchmark.cache:cached:37 - cache miss judge-request 32152058bfa0
2026-09-22 06:52:56.404 | INFO     | steering_lite.benchmark.cache:cached:37 - cache miss judge-request 98eaf019ccf9
2026-09-22 06:52:56.513 | INFO     | steering_lite.benchmark.cache:cached:37 - cache miss judge-request 8b4d0bae73dc
2026-09-22 06:52:56.605 | INFO     | steering_lite.benchmark.cache:cached:37 - cache miss judge-request a1c92b9b338d
2026-09-22 06:52:56.708 | INFO     | steering_lite.benchmark.cache:cached:37 - cache miss judge-request 286f99f6fd5e
2026-09-22 06:52:56.907 | INFO     | steering_lite.benchmark.cache:cached:37 - cache miss judge-request a32bf52a3d76
2026-09-22 06:52:58.249 | INFO     | steering_lite.benchmark.cache:cached:37 - cache miss judge-request 9c52e128fe46
2026-09-22 06:52:58.351 | INFO     | steering_lite.benchmark.cache:cached:37 - cache miss judge-request f9d4d0360672
2026-09-22 06:52:58.462 | INFO     | steering_lite.benchmark.cache:cached:37 - cache miss judge-request 70c7cb7ecebf
2026-09-22 06:52:58.574 | INFO     | steering_lite.benchmark.cache:cached:37 - cache miss judge-request 021c1343d970
2026-09-22 06:52:58.653 | INFO     | steering_lite.benchmark.cache:cached:37 - cache miss judge-request ec9d991f1924
2026-09-22 06:52:58.746 | INFO     | steering_lite.benchmark.cache:cached:37 - cache miss judge-request 161a4a9f5add
2026-09-22 06:53:00.590 | INFO     | steering_lite.benchmark.cache:cached:37 - cache miss judge-request a59a1ee747fa
2026-09-22 06:53:00.683 | INFO     | steering_lite.benchmark.cache:cached:37 - cache miss judge-request 4b6b8e60ce2f
2026-09-22 06:53:00.773 | INFO     | steering_lite.benchmark.cache:cached:37 - cache miss judge-request 5994c13998c9
2026-09-22 06:53:00.908 | INFO     | steering_lite.benchmark.cache:cached:37 - cache miss judge-request 42034c7fae14
2026-09-22 06:53:00.939 | INFO     | steering_lite.benchmark.cache:cached:37 - cache miss judge-request 9e8e1293550f
2026-09-22 06:53:01.020 | INFO     | steering_lite.benchmark.cache:cached:37 - cache miss judge-request 4d1bad90fbf0
2026-09-22 06:53:02.888 | INFO     | steering_lite.benchmark.cache:cached:37 - cache miss judge-request e85cac603f7e
2026-09-22 06:53:02.981 | INFO     | steering_lite.benchmark.cache:cached:37 - cache miss judge-request d6222971f0db
2026-09-22 06:53:03.085 | INFO     | steering_lite.benchmark.cache:cached:37 - cache miss judge-request 565134495326
2026-09-22 06:53:03.228 | INFO     | steering_lite.benchmark.cache:cached:37 - cache miss judge-request 97acea37baec
2026-09-22 06:53:03.263 | INFO     | steering_lite.benchmark.cache:cached:37 - cache miss judge-request c4dbbe113212
2026-09-22 06:53:03.324 | INFO     | steering_lite.benchmark.cache:cached:37 - cache miss judge-request 2f77aadb9967
2026-09-22 06:53:05.067 | INFO     | steering_lite.benchmark.cache:cached:37 - cache miss judge-request 59d962aedd67
2026-09-22 06:53:05.111 | INFO     | steering_lite.benchmark.cache:cached:37 - cache miss judge-request 7790c13133fd
2026-09-22 06:53:05.188 | INFO     | steering_lite.benchmark.cache:cached:37 - cache miss judge-request 4cb9ace7647c
2026-09-22 06:53:05.349 | INFO     | steering_lite.benchmark.cache:cached:37 - cache miss judge-request 1f2b0b5c5513
2026-09-22 06:53:05.381 | INFO     | steering_lite.benchmark.cache:cached:37 - cache miss judge-request eff9bb077304
2026-09-22 06:53:05.439 | INFO     | steering_lite.benchmark.cache:cached:37 - cache miss judge-request 6efc4f6dfc4c
2026-09-22 06:53:06.109 | INFO     | steering_lite.benchmark.cache:cached:37 - cache miss judge-request 48c12cb7f983
2026-09-22 06:53:06.839 | INFO     | steering_lite.benchmark.cache:cached:37 - cache miss judge-request 7c6a84264188
2026-09-22 06:53:06.852 | INFO     | steering_lite.benchmark.cache:cached:37 - cache miss judge-request 4f50e4610d0a
2026-09-22 06:53:06.983 | INFO     | steering_lite.benchmark.cache:cached:37 - cache miss judge-request 44ace6becdb8
2026-09-22 06:53:07.044 | INFO     | steering_lite.benchmark.cache:cached:37 - cache miss judge-request f397d63bf09d
2026-09-22 06:53:07.127 | INFO     | steering_lite.benchmark.cache:cached:37 - cache miss judge-request 188386356862
2026-09-22 06:53:07.913 | INFO     | steering_lite.benchmark.cache:cached:37 - cache miss judge-request e35c0eb68eac
2026-09-22 06:53:08.583 | INFO     | steering_lite.benchmark.cache:cached:37 - cache miss judge-request c8c32b6b749c
2026-09-22 06:53:08.660 | INFO     | steering_lite.benchmark.cache:cached:37 - cache miss judge-request 87aa3eca9bef
2026-09-22 06:53:08.789 | INFO     | steering_lite.benchmark.cache:cached:37 - cache miss judge-request f550d250cff2
2026-09-22 06:53:08.890 | INFO     | steering_lite.benchmark.cache:cached:37 - cache miss judge-request 94fb87a31f3d
2026-09-22 06:53:08.928 | INFO     | steering_lite.benchmark.cache:cached:37 - cache miss judge-request 30a72bfdd0a7
2026-09-22 06:53:09.578 | INFO     | steering_lite.benchmark.cache:cached:37 - cache miss judge-request 5791765ab66c
2026-09-22 06:53:10.343 | INFO     | steering_lite.benchmark.cache:cached:37 - cache miss judge-request d61486ab5817
2026-09-22 06:53:10.430 | INFO     | steering_lite.benchmark.cache:cached:37 - cache miss judge-request 346a953292ad
2026-09-22 06:53:10.597 | INFO     | steering_lite.benchmark.cache:cached:37 - cache miss judge-request 15121fa0d91b
2026-09-22 06:53:10.672 | INFO     | steering_lite.benchmark.cache:cached:37 - cache miss judge-request 2652d7b9db6c
2026-09-22 06:53:10.745 | INFO     | steering_lite.benchmark.cache:cached:37 - cache miss judge-request f1bb6e775228
2026-09-22 06:53:11.392 | INFO     | steering_lite.benchmark.cache:cached:37 - cache miss judge-request b6f42a5c990d
2026-09-22 06:53:12.036 | INFO     | steering_lite.benchmark.cache:cached:37 - cache miss judge-request 4d9beeb9d9ed
2026-09-22 06:53:12.100 | INFO     | steering_lite.benchmark.cache:cached:37 - cache miss judge-request fc6a0151cd0e
2026-09-22 06:53:12.238 | INFO     | steering_lite.benchmark.cache:cached:37 - cache miss judge-request ebabe5eb27bc
2026-09-22 06:53:12.299 | INFO     | steering_lite.benchmark.cache:cached:37 - cache miss judge-request c2959f39cea1
2026-09-22 06:53:12.372 | INFO     | steering_lite.benchmark.cache:cached:37 - cache miss judge-request 6a7026794bbc
2026-09-22 06:53:13.101 | INFO     | steering_lite.benchmark.cache:cached:37 - cache miss judge-request 480ffef6e74e
2026-09-22 06:53:13.684 | INFO     | steering_lite.benchmark.cache:cached:37 - cache miss judge-request 3c426d2fc7be
2026-09-22 06:53:13.754 | INFO     | steering_lite.benchmark.cache:cached:37 - cache miss judge-request a9f959996b40
2026-09-22 06:53:13.915 | INFO     | steering_lite.benchmark.cache:cached:37 - cache miss judge-request c16f0b0573a1
2026-09-22 06:53:13.974 | INFO     | steering_lite.benchmark.cache:cached:37 - cache miss judge-request 2e18a279c298
2026-09-22 06:53:14.049 | INFO     | steering_lite.benchmark.cache:cached:37 - cache miss judge-request 16103fbc3665
2026-09-22 06:53:14.778 | INFO     | steering_lite.benchmark.cache:cached:37 - cache miss judge-request 82e5e3437590
2026-09-22 06:53:15.644 | INFO     | steering_lite.benchmark.cache:cached:37 - cache miss judge-request b4ff50b0b6d6
2026-09-22 06:53:15.752 | INFO     | steering_lite.benchmark.cache:cached:37 - cache miss judge-request db88bb78f6b0
2026-09-22 06:53:15.898 | INFO     | steering_lite.benchmark.cache:cached:37 - cache miss judge-request dae774bd8338
2026-09-22 06:53:15.974 | INFO     | steering_lite.benchmark.cache:cached:37 - cache miss judge-request bc7c6d046b87
2026-09-22 06:53:16.052 | INFO     | steering_lite.benchmark.cache:cached:37 - cache miss judge-request 2bdc49628dd9
2026-09-22 06:53:16.677 | INFO     | steering_lite.benchmark.cache:cached:37 - cache miss judge-request de50d32b4727
2026-09-22 06:53:17.407 | INFO     | steering_lite.benchmark.cache:cached:37 - cache miss judge-request be7ac177ba4d
2026-09-22 06:53:17.503 | INFO     | steering_lite.benchmark.cache:cached:37 - cache miss judge-request 47c8f03bfe73
2026-09-22 06:53:17.654 | INFO     | steering_lite.benchmark.cache:cached:37 - cache miss judge-request 446596775eb1
2026-09-22 06:53:17.702 | INFO     | steering_lite.benchmark.cache:cached:37 - cache miss judge-request e5260cab46f6
2026-09-22 06:53:17.785 | INFO     | steering_lite.benchmark.cache:cached:37 - cache miss judge-request d01a7c61139a
2026-09-22 06:53:18.442 | INFO     | steering_lite.benchmark.cache:cached:37 - cache miss judge-request fb3fde089f19
2026-09-22 06:53:19.055 | INFO     | steering_lite.benchmark.cache:cached:37 - cache miss judge-request 999b9a1bbb9f
2026-09-22 06:53:19.119 | INFO     | steering_lite.benchmark.cache:cached:37 - cache miss judge-request 32bdb82f3e7d
2026-09-22 06:53:19.227 | INFO     | steering_lite.benchmark.cache:cached:37 - cache miss judge-request 2edcd9ecb6b7
2026-09-22 06:53:19.297 | INFO     | steering_lite.benchmark.cache:cached:37 - cache miss judge-request 4fb86151864a
2026-09-22 06:53:19.358 | INFO     | steering_lite.benchmark.cache:cached:37 - cache miss judge-request bd96210b6e08
2026-09-22 06:53:20.054 | INFO     | steering_lite.benchmark.cache:cached:37 - cache miss judge-request f9c5619908cf
2026-09-22 06:53:20.862 | INFO     | steering_lite.benchmark.cache:cached:37 - cache miss judge-request 6fc8e60a1a1a
2026-09-22 06:53:20.922 | INFO     | steering_lite.benchmark.cache:cached:37 - cache miss judge-request e8343dd4e417
2026-09-22 06:53:21.070 | INFO     | steering_lite.benchmark.cache:cached:37 - cache miss judge-request 5a30de4b9a12
2026-09-22 06:53:21.130 | INFO     | steering_lite.benchmark.cache:cached:37 - cache miss judge-request 55f9503b8b6a
2026-09-22 06:53:21.214 | INFO     | steering_lite.benchmark.cache:cached:37 - cache miss judge-request 79f00131c10e
2026-09-22 06:53:21.937 | INFO     | steering_lite.benchmark.cache:cached:37 - cache miss judge-request 4fd80ab9e5aa
2026-09-22 06:53:22.680 | INFO     | steering_lite.benchmark.cache:cached:37 - cache miss judge-request a265ed7f8d2d
2026-09-22 06:53:22.778 | INFO     | steering_lite.benchmark.cache:cached:37 - cache miss judge-request 1dbb98c9320d
2026-09-22 06:53:22.896 | INFO     | steering_lite.benchmark.cache:cached:37 - cache miss judge-request 474a96d5561d
2026-09-22 06:53:22.973 | INFO     | steering_lite.benchmark.cache:cached:37 - cache miss judge-request 114c227a829e
2026-09-22 06:53:23.069 | INFO     | steering_lite.benchmark.cache:cached:37 - cache miss judge-request e2a348e33481
2026-09-22 06:53:23.981 | INFO     | steering_lite.benchmark.cache:cached:37 - cache miss judge-request f3e60ddb4502
2026-09-22 06:53:24.336 | INFO     | steering_lite.benchmark.cache:cached:37 - cache miss judge-request 6fc27222f834
2026-09-22 06:53:24.731 | INFO     | steering_lite.benchmark.cache:cached:37 - cache miss judge-request 76848e4f3c87
2026-09-22 06:53:24.988 | INFO     | steering_lite.benchmark.cache:cached:37 - cache miss judge-request 6270093ebf25
2026-09-22 06:53:25.041 | INFO     | steering_lite.benchmark.cache:cached:37 - cache miss judge-request 47b391bbec9f
2026-09-22 06:53:25.114 | INFO     | steering_lite.benchmark.cache:cached:37 - cache miss judge-request e77047582a5d
2026-09-22 06:53:25.859 | INFO     | steering_lite.benchmark.cache:cached:37 - cache miss judge-request 71974210f327
2026-09-22 06:53:26.211 | INFO     | steering_lite.benchmark.cache:cached:37 - cache miss judge-request 1cc2a4cefcfa
2026-09-22 06:53:26.610 | INFO     | steering_lite.benchmark.cache:cached:37 - cache miss judge-request 3cc4a7b86f9e
2026-09-22 06:53:26.877 | INFO     | steering_lite.benchmark.cache:cached:37 - cache miss judge-request 37fdfd37fcf5
2026-09-22 06:53:26.942 | INFO     | steering_lite.benchmark.cache:cached:37 - cache miss judge-request ac1d9fa7f5e1
2026-09-22 06:53:27.036 | INFO     | steering_lite.benchmark.cache:cached:37 - cache miss judge-request 05e31bf85c64
2026-09-22 06:53:27.785 | INFO     | steering_lite.benchmark.cache:cached:37 - cache miss judge-request 5f6b9a7cfdc8
2026-09-22 06:53:28.237 | INFO     | steering_lite.benchmark.cache:cached:37 - cache miss judge-request 345af82c75a9
2026-09-22 06:53:28.625 | INFO     | steering_lite.benchmark.cache:cached:37 - cache miss judge-request 324c19cab5a2
2026-09-22 06:53:28.846 | INFO     | steering_lite.benchmark.cache:cached:37 - cache miss judge-request 10269f3bb073
2026-09-22 06:53:28.938 | INFO     | steering_lite.benchmark.cache:cached:37 - cache miss judge-request 16dd0aed0a31
2026-09-22 06:53:28.968 | INFO     | steering_lite.benchmark.cache:cached:37 - cache miss judge-request a9169290ac9b
2026-09-22 06:53:29.699 | INFO     | steering_lite.benchmark.cache:cached:37 - cache miss judge-request 4b59aade6c96
2026-09-22 06:53:30.084 | INFO     | steering_lite.benchmark.cache:cached:37 - cache miss judge-request 53010ecad1dd
2026-09-22 06:53:30.440 | INFO     | steering_lite.benchmark.cache:cached:37 - cache miss judge-request 31100a0c2e22
2026-09-22 06:53:30.658 | INFO     | steering_lite.benchmark.cache:cached:37 - cache miss judge-request e5115db88cd3
2026-09-22 06:53:30.685 | INFO     | steering_lite.benchmark.cache:cached:37 - cache miss judge-request 083b34333a0e
2026-09-22 06:53:30.772 | INFO     | steering_lite.benchmark.cache:cached:37 - cache miss judge-request ec362b309d2b
2026-09-22 06:53:31.450 | INFO     | steering_lite.benchmark.cache:cached:37 - cache miss judge-request d9ab3006b4e9
2026-09-22 06:53:31.823 | INFO     | steering_lite.benchmark.cache:cached:37 - cache miss judge-request e3ccf8eab131
2026-09-22 06:53:32.235 | INFO     | steering_lite.benchmark.cache:cached:37 - cache miss judge-request 09e4cf225d9c
2026-09-22 06:53:32.517 | INFO     | steering_lite.benchmark.cache:cached:37 - cache miss judge-request f1a98645cda6
2026-09-22 06:53:32.589 | INFO     | steering_lite.benchmark.cache:cached:37 - cache miss judge-request e156f28fec12
2026-09-22 06:53:32.628 | INFO     | steering_lite.benchmark.cache:cached:37 - cache miss judge-request c016666c65c9
2026-09-22 06:53:33.376 | INFO     | steering_lite.benchmark.cache:cached:37 - cache miss judge-request a6060c3a25d5
2026-09-22 06:53:33.731 | INFO     | steering_lite.benchmark.cache:cached:37 - cache miss judge-request d5c2ee24b528
2026-09-22 06:53:34.128 | INFO     | steering_lite.benchmark.cache:cached:37 - cache miss judge-request 8876afd3db15
2026-09-22 06:53:34.511 | INFO     | steering_lite.benchmark.cache:cached:37 - cache miss judge-request f94985b4ad46
2026-09-22 06:53:34.565 | INFO     | steering_lite.benchmark.cache:cached:37 - cache miss judge-request 19db67e4d3b2
2026-09-22 06:53:34.664 | INFO     | steering_lite.benchmark.cache:cached:37 - cache miss judge-request a0181dac92a9
2026-09-22 06:53:35.448 | INFO     | steering_lite.benchmark.cache:cached:37 - cache miss judge-request e7b6cebafd27
2026-09-22 06:53:35.842 | INFO     | steering_lite.benchmark.cache:cached:37 - cache miss judge-request 19dabf154ccc
2026-09-22 06:53:36.341 | INFO     | steering_lite.benchmark.cache:cached:37 - cache miss judge-request f1c94e540c67
2026-09-22 06:53:36.624 | INFO     | steering_lite.benchmark.cache:cached:37 - cache miss judge-request 3ed5bbe5d2ef
2026-09-22 06:53:36.668 | INFO     | steering_lite.benchmark.cache:cached:37 - cache miss judge-request 4d8f7de60133
2026-09-22 06:53:36.777 | INFO     | steering_lite.benchmark.cache:cached:37 - cache miss judge-request f02efcf54f7a
2026-09-22 06:53:37.610 | INFO     | steering_lite.benchmark.cache:cached:37 - cache miss judge-request 658b5120fef7
2026-09-22 06:53:38.056 | INFO     | steering_lite.benchmark.cache:cached:37 - cache miss judge-request 336d60c67e0a
2026-09-22 06:53:38.449 | INFO     | steering_lite.benchmark.cache:cached:37 - cache miss judge-request 5a002a07dbc1
2026-09-22 06:53:38.700 | INFO     | steering_lite.benchmark.cache:cached:37 - cache miss judge-request 1c7725165c5b
2026-09-22 06:53:38.880 | INFO     | steering_lite.benchmark.cache:cached:37 - cache miss judge-request a2d7fd18359d
2026-09-22 06:53:38.884 | INFO     | steering_lite.benchmark.cache:cached:37 - cache miss judge-request 888740597f52
2026-09-22 06:53:39.610 | INFO     | steering_lite.benchmark.cache:cached:37 - cache miss judge-request 8618b695e3b9
2026-09-22 06:53:40.037 | INFO     | steering_lite.benchmark.cache:cached:37 - cache miss judge-request 354c2473d016
2026-09-22 06:53:40.546 | INFO     | steering_lite.benchmark.cache:cached:37 - cache miss judge-request cce54d0263a1
2026-09-22 06:53:40.849 | INFO     | steering_lite.benchmark.cache:cached:37 - cache miss judge-request 9c9cb8ca9fe9
2026-09-22 06:53:40.973 | INFO     | steering_lite.benchmark.cache:cached:37 - cache miss judge-request 5503d245841f
2026-09-22 06:53:41.136 | INFO     | steering_lite.benchmark.cache:cached:37 - cache miss judge-request e44e816cebe3
2026-09-22 06:53:41.530 | INFO     | steering_lite.benchmark.cache:cached:37 - cache miss judge-request 82f9843bd1f3
2026-09-22 06:53:43.365 | INFO     | steering_lite.benchmark.cache:cached:37 - cache miss judge-request 8a6557e2295a
2026-09-22 06:53:44.184 | INFO     | steering_lite.benchmark.cache:cached:37 - cache miss judge-request 1802db68e869
2026-09-22 06:53:44.358 | INFO     | steering_lite.benchmark.cache:cached:37 - cache miss judge-request 30721006221d
2026-09-22 06:53:44.977 | INFO     | steering_lite.benchmark.cache:cached:37 - cache miss judge-request 0ef4547f9edb
2026-09-22 06:53:45.288 | INFO     | steering_lite.benchmark.cache:cached:37 - cache miss judge-request d26d20ad74e9
2026-09-22 06:53:45.478 | INFO     | steering_lite.benchmark.cache:cached:37 - cache miss judge-request cec5d5a5fb87
2026-09-22 06:53:46.323 | INFO     | steering_lite.benchmark.cache:cached:37 - cache miss judge-request 1fb4c2a2f366
2026-09-22 06:53:46.524 | INFO     | steering_lite.benchmark.cache:cached:37 - cache miss judge-request 6cb21ab5be31
2026-09-22 06:53:46.719 | INFO     | steering_lite.benchmark.cache:cached:37 - cache miss judge-request aa2ad9cc264d
2026-09-22 06:53:47.004 | INFO     | steering_lite.benchmark.cache:cached:37 - cache miss judge-request d48503f56817
2026-09-22 06:53:47.189 | INFO     | steering_lite.benchmark.cache:cached:37 - cache miss judge-request f4b62ef79eed
2026-09-22 06:53:47.461 | INFO     | steering_lite.benchmark.cache:cached:37 - cache miss judge-request 814d2d09279d
2026-09-22 06:53:48.309 | INFO     | steering_lite.benchmark.cache:cached:37 - cache miss judge-request bbc2906735e2
2026-09-22 06:53:48.562 | INFO     | steering_lite.benchmark.cache:cached:37 - cache miss judge-request 6705e4af780a
2026-09-22 06:53:48.678 | INFO     | steering_lite.benchmark.cache:cached:37 - cache miss judge-request 0150bbbbdcb4
2026-09-22 06:53:48.875 | INFO     | steering_lite.benchmark.cache:cached:37 - cache miss judge-request 579a4519f17b
2026-09-22 06:53:49.034 | INFO     | steering_lite.benchmark.cache:cached:37 - cache miss judge-request 2f40510c118f
2026-09-22 06:53:49.221 | INFO     | steering_lite.benchmark.cache:cached:37 - cache miss judge-request f8e75e012af6
2026-09-22 06:53:50.162 | INFO     | steering_lite.benchmark.cache:cached:37 - cache miss judge-request fc49a1e51bc1
2026-09-22 06:53:50.417 | INFO     | steering_lite.benchmark.cache:cached:37 - cache miss judge-request 1f1e68e62d36
2026-09-22 06:53:50.588 | INFO     | steering_lite.benchmark.cache:cached:37 - cache miss judge-request 33d766d9eb0f
2026-09-22 06:53:50.772 | INFO     | steering_lite.benchmark.cache:cached:37 - cache miss judge-request 6fe9ea95e36f
2026-09-22 06:53:50.915 | INFO     | steering_lite.benchmark.cache:cached:37 - cache miss judge-request 5f772f9e329e
2026-09-22 06:53:51.171 | INFO     | steering_lite.benchmark.cache:cached:37 - cache miss judge-request 5011bce933d4
2026-09-22 06:53:52.084 | INFO     | steering_lite.benchmark.cache:cached:37 - cache miss judge-request aa4d9874f77a
2026-09-22 06:53:52.287 | INFO     | steering_lite.benchmark.cache:cached:37 - cache miss judge-request 5a5340641259
2026-09-22 06:53:52.433 | INFO     | steering_lite.benchmark.cache:cached:37 - cache miss judge-request c7fad801060e
2026-09-22 06:53:52.732 | INFO     | steering_lite.benchmark.cache:cached:37 - cache miss judge-request 5203bbff40b7
2026-09-22 06:53:52.900 | INFO     | steering_lite.benchmark.cache:cached:37 - cache miss judge-request 4fa72236e6fe
2026-09-22 06:53:53.153 | INFO     | steering_lite.benchmark.cache:cached:37 - cache miss judge-request 30de269cf929
2026-09-22 06:53:54.134 | INFO     | steering_lite.benchmark.cache:cached:37 - cache miss judge-request 9e66e5591358
2026-09-22 06:53:54.416 | INFO     | steering_lite.benchmark.cache:cached:37 - cache miss judge-request a2a092b1a691
2026-09-22 06:53:54.541 | INFO     | steering_lite.benchmark.cache:cached:37 - cache miss judge-request 09bd3d3a8f06
2026-09-22 06:53:54.756 | INFO     | steering_lite.benchmark.cache:cached:37 - cache miss judge-request 3de0635e276b
2026-09-22 06:53:54.968 | INFO     | steering_lite.benchmark.cache:cached:37 - cache miss judge-request 7097f0de673e
2026-09-22 06:53:55.195 | INFO     | steering_lite.benchmark.cache:cached:37 - cache miss judge-request d9913850e622
2026-09-22 06:53:56.053 | INFO     | steering_lite.benchmark.cache:cached:37 - cache miss judge-request 08c92a17c732
2026-09-22 06:53:56.280 | INFO     | steering_lite.benchmark.cache:cached:37 - cache miss judge-request 657f485e9e4a
2026-09-22 06:53:56.422 | INFO     | steering_lite.benchmark.cache:cached:37 - cache miss judge-request 8b1010e882da
2026-09-22 06:53:56.700 | INFO     | steering_lite.benchmark.cache:cached:37 - cache miss judge-request 36877ded7eaa
2026-09-22 06:53:56.880 | INFO     | steering_lite.benchmark.cache:cached:37 - cache miss judge-request 1b23a914f747
2026-09-22 06:53:57.078 | INFO     | steering_lite.benchmark.cache:cached:37 - cache miss judge-request 27a005346f12
2026-09-22 06:53:57.940 | INFO     | steering_lite.benchmark.cache:cached:37 - cache miss judge-request 19cf2d59a5de
2026-09-22 06:53:58.153 | INFO     | steering_lite.benchmark.cache:cached:37 - cache miss judge-request 22ef6a33975c
2026-09-22 06:53:58.268 | INFO     | steering_lite.benchmark.cache:cached:37 - cache miss judge-request 7903d45be08a
2026-09-22 06:53:58.483 | INFO     | steering_lite.benchmark.cache:cached:37 - cache miss judge-request 5376e6551328
2026-09-22 06:53:58.632 | INFO     | steering_lite.benchmark.cache:cached:37 - cache miss judge-request 047ffaf3c3fd
2026-09-22 06:53:58.951 | INFO     | steering_lite.benchmark.cache:cached:37 - cache miss judge-request 0a67c3c130aa
2026-09-22 06:53:59.926 | INFO     | steering_lite.benchmark.cache:cached:37 - cache miss judge-request 137da817d8d4
2026-09-22 06:54:00.129 | INFO     | steering_lite.benchmark.cache:cached:37 - cache miss judge-request c04bd3a90914
2026-09-22 06:54:00.282 | INFO     | steering_lite.benchmark.cache:cached:37 - cache miss judge-request 59d250843064
2026-09-22 06:54:00.493 | INFO     | steering_lite.benchmark.cache:cached:37 - cache miss judge-request eed592766f03
2026-09-22 06:54:00.683 | INFO     | steering_lite.benchmark.cache:cached:37 - cache miss judge-request d0a7167702f0
2026-09-22 06:54:00.913 | INFO     | steering_lite.benchmark.cache:cached:37 - cache miss judge-request 1636a75b4a48
2026-09-22 06:54:01.731 | INFO     | steering_lite.benchmark.cache:cached:37 - cache miss judge-request 529765255d42
2026-09-22 06:54:01.893 | INFO     | steering_lite.benchmark.cache:cached:37 - cache miss judge-request 6519686934f5
2026-09-22 06:54:02.022 | INFO     | steering_lite.benchmark.cache:cached:37 - cache miss judge-request 202e1c416c99
2026-09-22 06:54:02.184 | INFO     | steering_lite.benchmark.cache:cached:37 - cache miss judge-request 9f0d03fb3d38
2026-09-22 06:54:02.361 | INFO     | steering_lite.benchmark.cache:cached:37 - cache miss judge-request 58d4046d0faf
2026-09-22 06:54:02.552 | INFO     | steering_lite.benchmark.cache:cached:37 - cache miss judge-request 93b268a43cda
2026-09-22 06:54:03.567 | INFO     | steering_lite.benchmark.cache:cached:37 - cache miss judge-request be540bcda0ff
2026-09-22 06:54:03.859 | INFO     | steering_lite.benchmark.cache:cached:37 - cache miss judge-request c096687d3a04
2026-09-22 06:54:04.066 | INFO     | steering_lite.benchmark.cache:cached:37 - cache miss judge-request db82dbf01393
2026-09-22 06:54:04.359 | INFO     | steering_lite.benchmark.cache:cached:37 - cache miss judge-request e84895e71a8a
2026-09-22 06:54:04.528 | INFO     | steering_lite.benchmark.cache:cached:37 - cache miss judge-request 876e0afbc45e
2026-09-22 06:54:04.825 | INFO     | steering_lite.benchmark.cache:cached:37 - cache miss judge-request 11e31c9a671f
2026-09-22 06:54:05.721 | INFO     | steering_lite.benchmark.cache:cached:37 - cache miss judge-request 3213a464bd3e
2026-09-22 06:54:05.991 | INFO     | steering_lite.benchmark.cache:cached:37 - cache miss judge-request 82cc49d92be1
2026-09-22 06:54:06.185 | INFO     | steering_lite.benchmark.cache:cached:37 - cache miss judge-request 8760a0809b38
2026-09-22 06:54:06.405 | INFO     | steering_lite.benchmark.cache:cached:37 - cache miss judge-request d4e925518a6f
2026-09-22 06:54:06.568 | INFO     | steering_lite.benchmark.cache:cached:37 - cache miss judge-request b6305a22532c
2026-09-22 06:54:06.816 | INFO     | steering_lite.benchmark.cache:cached:37 - cache miss judge-request d162db20f330
2026-09-22 06:54:07.680 | INFO     | steering_lite.benchmark.cache:cached:37 - cache miss judge-request 31bdf7b54a6f
2026-09-22 06:54:07.908 | INFO     | steering_lite.benchmark.cache:cached:37 - cache miss judge-request 4855d4cd7c85
2026-09-22 06:54:08.048 | INFO     | steering_lite.benchmark.cache:cached:37 - cache miss judge-request 71ecd9f84ab2
2026-09-22 06:54:08.253 | INFO     | steering_lite.benchmark.cache:cached:37 - cache miss judge-request e72f16bb8b25
2026-09-22 06:54:08.420 | INFO     | steering_lite.benchmark.cache:cached:37 - cache miss judge-request c93f4868f30d
2026-09-22 06:54:08.689 | INFO     | steering_lite.benchmark.cache:cached:37 - cache miss judge-request d1227d54eb87
2026-09-22 06:54:09.482 | INFO     | steering_lite.benchmark.cache:cached:37 - cache miss judge-request 43d382abf7c3
2026-09-22 06:54:09.681 | INFO     | steering_lite.benchmark.cache:cached:37 - cache miss judge-request 829a4969baf3
2026-09-22 06:54:09.893 | INFO     | steering_lite.benchmark.cache:cached:37 - cache miss judge-request 749c97b1507a
2026-09-22 06:54:10.198 | INFO     | steering_lite.benchmark.cache:cached:37 - cache miss judge-request 9381a9421b1c
2026-09-22 06:54:10.369 | INFO     | steering_lite.benchmark.cache:cached:37 - cache miss judge-request f3d81adfdacf
2026-09-22 06:54:10.647 | INFO     | steering_lite.benchmark.cache:cached:37 - cache miss judge-request d6e36768c3a1
2026-09-22 06:54:11.509 | INFO     | steering_lite.benchmark.cache:cached:37 - cache miss judge-request dac39f0d07e3
2026-09-22 06:54:11.726 | INFO     | steering_lite.benchmark.cache:cached:37 - cache miss judge-request c56bdabdc904
2026-09-22 06:54:11.962 | INFO     | steering_lite.benchmark.cache:cached:37 - cache miss judge-request 0a13879eb623
2026-09-22 06:54:12.181 | INFO     | steering_lite.benchmark.cache:cached:37 - cache miss judge-request 5de90ef7a73c
2026-09-22 06:54:12.383 | INFO     | steering_lite.benchmark.cache:cached:37 - cache miss judge-request 31507f332dbe
2026-09-22 06:54:12.610 | INFO     | steering_lite.benchmark.cache:cached:37 - cache miss judge-request dc928ee1836e
2026-09-22 06:54:13.615 | INFO     | steering_lite.benchmark.cache:cached:37 - cache miss judge-request 56327f0c444d
2026-09-22 06:54:13.878 | INFO     | steering_lite.benchmark.cache:cached:37 - cache miss judge-request 585a0038b225
2026-09-22 06:54:14.038 | INFO     | steering_lite.benchmark.cache:cached:37 - cache miss judge-request b5a5e479ced0
2026-09-22 06:54:14.255 | INFO     | steering_lite.benchmark.cache:cached:37 - cache miss judge-request 6507c7a8f6e3
2026-09-22 06:54:14.460 | INFO     | steering_lite.benchmark.cache:cached:37 - cache miss judge-request 9954a12387a8
2026-09-22 06:54:14.693 | INFO     | steering_lite.benchmark.cache:cached:37 - cache miss judge-request 0549d8f25e90
2026-09-22 06:54:15.519 | INFO     | steering_lite.benchmark.cache:cached:37 - cache miss judge-request 7c8fcd017567
2026-09-22 06:54:15.764 | INFO     | steering_lite.benchmark.cache:cached:37 - cache miss judge-request b3ddf08a887a
2026-09-22 06:54:15.923 | INFO     | steering_lite.benchmark.cache:cached:37 - cache miss judge-request efb541746c32
2026-09-22 06:54:16.158 | INFO     | steering_lite.benchmark.cache:cached:37 - cache miss judge-request 8af0dc3b89f8
2026-09-22 06:54:16.317 | INFO     | steering_lite.benchmark.cache:cached:37 - cache miss judge-request d6928e987b72
2026-09-22 06:54:17.827 | INFO     | steering_lite.benchmark.cache:cached:37 - cache miss final-health f61a78cc804f
2026-09-22 06:54:17.830 | INFO     | steering_lite.benchmark.cache:cached:37 - cache miss final-aware 85c7a2d52a01
2026-09-22 06:54:17.834 | INFO     | steering_lite.benchmark.cache:cached:37 - cache miss final-blind 92efa1c8ce37
=========================== short test summary info ============================
FAILED tests/test_benchmark_live_orchestration.py::test_prompting_reuses_bare_and_persists_paired_judgments
FAILED tests/test_full_sweep_entrypoint.py::test_full_entrypoint_runs_canonical_remote_contract_and_reuses_then_invalidates_downstream
2 failed, 27 passed in 1114.25s (0:18:34)
