F..                                                                      [100%]
=================================== FAILURES ===================================
______ test_judge_endpoint_change_reuses_gpu_and_preserves_vector_sidecar ______

tmp_path = PosixPath('/tmp/pytest-of-code/pytest-69/test_judge_endpoint_change_reu0')

    def test_judge_endpoint_change_reuses_gpu_and_preserves_vector_sidecar(tmp_path: Path):
        root, ledger = tmp_path / "run", tmp_path / "ledger.jsonl"
        stage_call, judge_call = FakeRemoteStageCall(), FakeJudgeCall()
        prompt_spec = {"template": "Answer in 2 short sentences.", "enable_thinking": False, "max_new_tokens": 8}
        first = _run(root, ledger, stage_call, judge_call, endpoint="https://judge-a.example/v1", prompt_spec=prompt_spec, methods=("pca",))
        artifact = first["conditions"]["pca"]["candidate"]["vector_artifact"]
        sidecar = root / artifact["path"]
        assert sidecar.is_file() and hashlib.sha256(sidecar.read_bytes()).hexdigest() == artifact["sha256"]
        gpu_calls = list(stage_call.calls)
        judge_calls = len(judge_call.payloads)
        cache_counts = {path.name: len(list(path.glob("*.json"))) for path in (root / "cache").iterdir()}
    
        second = _run(root, ledger, stage_call, judge_call, endpoint="https://judge-b.example/v1", prompt_spec=prompt_spec, methods=("pca",))
    
        assert stage_call.calls == gpu_calls
        assert len(judge_call.payloads) == 2 * judge_calls
        assert second["conditions"]["pca"]["candidate"]["reused"] is True
        assert second["conditions"]["pca"]["final"]["reused"] is True
        assert sidecar.is_file() and hashlib.sha256(sidecar.read_bytes()).hexdigest() == artifact["sha256"]
        changed_stages = {
            path.name
            for path in (root / "cache").iterdir()
            if len(list(path.glob("*.json"))) != cache_counts.get(path.name, 0)
        }
>       assert changed_stages == {"candidate-judgments", "final-judgments", "final-health", "final-aware", "final-blind"}
E       AssertionError: assert {'candidate-j...udge-request'} == {'candidate-j...al-judgments'}
E         
E         Extra items in the left set:
E         'judge-request'
E         Use -v to get more diff

tests/test_full_sweep_entrypoint.py:255: AssertionError
----------------------------- Captured stderr call -----------------------------
2026-09-22 14:55:28.850 | INFO     | steering_lite.data.personas:load_suffixes:47 - Loaded 200 branching suffixes
2026-09-22 14:55:28.854 | INFO     | steering_lite.benchmark.cache:cached:37 - cache miss calibration-candidates 584c90eb675c
2026-09-22 14:55:28.857 | INFO     | steering_lite.benchmark.cache:cached:37 - cache miss candidate-judgments 23c3f171611e
2026-09-22 14:55:28.860 | INFO     | steering_lite.benchmark.cache:cached:37 - cache miss judge-request 03a5ca11cad6
2026-09-22 14:55:28.860 | INFO     | steering_lite.benchmark.cache:cached:37 - cache miss judge-request aaaba1ae445a
2026-09-22 14:55:28.861 | INFO     | steering_lite.benchmark.cache:cached:37 - cache miss judge-request aa7f244d4b21
2026-09-22 14:55:28.861 | INFO     | steering_lite.benchmark.cache:cached:37 - cache miss judge-request 8571e0f07843
2026-09-22 14:55:28.861 | INFO     | steering_lite.benchmark.cache:cached:37 - cache miss judge-request 272e44ff720e
2026-09-22 14:55:28.862 | INFO     | steering_lite.benchmark.cache:cached:37 - cache miss judge-request 34cb3052a5e1
2026-09-22 14:55:28.869 | INFO     | steering_lite.benchmark.cache:cached:37 - cache miss judge-request 1f812dbdef98
2026-09-22 14:55:28.870 | INFO     | steering_lite.benchmark.cache:cached:37 - cache miss judge-request ed898ae13ffb
2026-09-22 14:55:28.871 | INFO     | steering_lite.benchmark.cache:cached:37 - cache miss judge-request 86a83c6fc8bc
2026-09-22 14:55:28.871 | INFO     | steering_lite.benchmark.cache:cached:37 - cache miss judge-request 30c646f235b7
2026-09-22 14:55:28.871 | INFO     | steering_lite.benchmark.cache:cached:37 - cache miss judge-request 5507baab6e74
2026-09-22 14:55:28.873 | INFO     | steering_lite.benchmark.cache:cached:37 - cache miss judge-request 09f98dca6b0a
2026-09-22 14:55:28.876 | INFO     | steering_lite.benchmark.cache:cached:37 - cache miss judge-request b41e8adbe0f9
2026-09-22 14:55:28.879 | INFO     | steering_lite.benchmark.cache:cached:37 - cache miss judge-request b88627115056
2026-09-22 14:55:28.879 | INFO     | steering_lite.benchmark.cache:cached:37 - cache miss judge-request a6ed60f954ea
2026-09-22 14:55:28.880 | INFO     | steering_lite.benchmark.cache:cached:37 - cache miss judge-request c3ab2b693423
2026-09-22 14:55:28.881 | INFO     | steering_lite.benchmark.cache:cached:37 - cache miss judge-request 3ae9bea9d306
2026-09-22 14:55:28.882 | INFO     | steering_lite.benchmark.cache:cached:37 - cache miss judge-request 679f0c2ce8e9
2026-09-22 14:55:28.889 | INFO     | steering_lite.benchmark.cache:cached:37 - cache miss judge-request d4314c888042
2026-09-22 14:55:28.889 | INFO     | steering_lite.benchmark.cache:cached:37 - cache miss judge-request d0b31238b528
2026-09-22 14:55:28.890 | INFO     | steering_lite.benchmark.cache:cached:37 - cache miss judge-request f115b5276249
2026-09-22 14:55:28.891 | INFO     | steering_lite.benchmark.cache:cached:37 - cache miss judge-request 66697015ad5e
2026-09-22 14:55:28.892 | INFO     | steering_lite.benchmark.cache:cached:37 - cache miss judge-request 40f70f01df9c
2026-09-22 14:55:28.893 | INFO     | steering_lite.benchmark.cache:cached:37 - cache miss judge-request dee1d0a72b0c
2026-09-22 14:55:28.904 | INFO     | steering_lite.benchmark.cache:cached:37 - cache miss judge-request bbf809143395
2026-09-22 14:55:28.905 | INFO     | steering_lite.benchmark.cache:cached:37 - cache miss judge-request 2b9c21576143
2026-09-22 14:55:28.908 | INFO     | steering_lite.benchmark.cache:cached:37 - cache miss judge-request 1d2dec8b5a45
2026-09-22 14:55:28.908 | INFO     | steering_lite.benchmark.cache:cached:37 - cache miss judge-request e7872fca3999
2026-09-22 14:55:28.910 | INFO     | steering_lite.benchmark.cache:cached:37 - cache miss judge-request f58ca06ae40b
2026-09-22 14:55:28.911 | INFO     | steering_lite.benchmark.cache:cached:37 - cache miss judge-request 3e064b84af94
2026-09-22 14:55:28.921 | INFO     | steering_lite.benchmark.cache:cached:37 - cache miss judge-request ba17a8c498ec
2026-09-22 14:55:28.922 | INFO     | steering_lite.benchmark.cache:cached:37 - cache miss judge-request ec6e684e40dc
2026-09-22 14:55:28.924 | INFO     | steering_lite.benchmark.cache:cached:37 - cache miss judge-request c0ba00b1986f
2026-09-22 14:55:28.925 | INFO     | steering_lite.benchmark.cache:cached:37 - cache miss judge-request e52a0c2ac69a
2026-09-22 14:55:28.931 | INFO     | steering_lite.benchmark.cache:cached:37 - cache miss judge-request 7b158401b36a
2026-09-22 14:55:28.931 | INFO     | steering_lite.benchmark.cache:cached:37 - cache miss judge-request 268708b5021a
2026-09-22 14:55:28.942 | INFO     | steering_lite.benchmark.cache:cached:37 - cache miss judge-request fc238ac90b0e
2026-09-22 14:55:28.942 | INFO     | steering_lite.benchmark.cache:cached:37 - cache miss judge-request 8748c8907fe0
2026-09-22 14:55:28.944 | INFO     | steering_lite.benchmark.cache:cached:37 - cache miss judge-request 2387d1096cef
2026-09-22 14:55:28.948 | INFO     | steering_lite.benchmark.cache:cached:37 - cache miss judge-request f5eca9ad72f4
2026-09-22 14:55:28.950 | INFO     | steering_lite.benchmark.cache:cached:37 - cache miss judge-request 769263c64a9c
2026-09-22 14:55:28.958 | INFO     | steering_lite.benchmark.cache:cached:37 - cache miss judge-request 115e24ea9afd
2026-09-22 14:55:28.969 | INFO     | steering_lite.benchmark.cache:cached:37 - cache miss judge-request 4cebb710ce4e
2026-09-22 14:55:28.974 | INFO     | steering_lite.benchmark.cache:cached:37 - cache miss judge-request 11f1f4e4c1bb
2026-09-22 14:55:28.975 | INFO     | steering_lite.benchmark.cache:cached:37 - cache miss judge-request 633b9ef0d02a
2026-09-22 14:55:28.979 | INFO     | steering_lite.benchmark.cache:cached:37 - cache miss judge-request b9e93b7344bf
2026-09-22 14:55:28.982 | INFO     | steering_lite.benchmark.cache:cached:37 - cache miss judge-request 7fb9b2d27887
2026-09-22 14:55:28.985 | INFO     | steering_lite.benchmark.cache:cached:37 - cache miss judge-request 2b5b66f990ea
2026-09-22 14:55:28.994 | INFO     | steering_lite.benchmark.cache:cached:37 - cache miss judge-request bf8fa17d70d7
2026-09-22 14:55:29.001 | INFO     | steering_lite.benchmark.cache:cached:37 - cache miss judge-request fa93448f9663
2026-09-22 14:55:29.008 | INFO     | steering_lite.benchmark.cache:cached:37 - cache miss judge-request 407bc99b4672
2026-09-22 14:55:29.008 | INFO     | steering_lite.benchmark.cache:cached:37 - cache miss judge-request 9aedaf24bc88
2026-09-22 14:55:29.011 | INFO     | steering_lite.benchmark.cache:cached:37 - cache miss judge-request 546f7eaefc07
2026-09-22 14:55:29.019 | INFO     | steering_lite.benchmark.cache:cached:37 - cache miss judge-request 73dda211ed45
2026-09-22 14:55:29.027 | INFO     | steering_lite.benchmark.cache:cached:37 - cache miss judge-request 4313fc0257f3
2026-09-22 14:55:29.027 | INFO     | steering_lite.benchmark.cache:cached:37 - cache miss judge-request 0a2dd76120ca
2026-09-22 14:55:29.037 | INFO     | steering_lite.benchmark.cache:cached:37 - cache miss judge-request 664b661e755d
2026-09-22 14:55:29.049 | INFO     | steering_lite.benchmark.cache:cached:37 - cache miss judge-request 32e8b878a149
2026-09-22 14:55:29.050 | INFO     | steering_lite.benchmark.cache:cached:37 - cache miss judge-request 2314db57d969
2026-09-22 14:55:29.052 | INFO     | steering_lite.benchmark.cache:cached:37 - cache miss judge-request 991efca186f0
2026-09-22 14:55:29.052 | INFO     | steering_lite.benchmark.cache:cached:37 - cache miss judge-request 5f577f6a8d25
2026-09-22 14:55:29.052 | INFO     | steering_lite.benchmark.cache:cached:37 - cache miss judge-request 8bd1843ce956
2026-09-22 14:55:29.054 | INFO     | steering_lite.benchmark.cache:cached:37 - cache miss judge-request 9e239c8d49ca
2026-09-22 14:55:29.072 | INFO     | steering_lite.benchmark.cache:cached:37 - cache miss judge-request 88f366de70b7
2026-09-22 14:55:29.074 | INFO     | steering_lite.benchmark.cache:cached:37 - cache miss judge-request ce65b0133d10
2026-09-22 14:55:29.077 | INFO     | steering_lite.benchmark.cache:cached:37 - cache miss judge-request a6e020e12d77
2026-09-22 14:55:29.079 | INFO     | steering_lite.benchmark.cache:cached:37 - cache miss judge-request ff6a9f97594b
2026-09-22 14:55:29.080 | INFO     | steering_lite.benchmark.cache:cached:37 - cache miss judge-request 77d44aeacd6c
2026-09-22 14:55:29.084 | INFO     | steering_lite.benchmark.cache:cached:37 - cache miss judge-request 586825eab359
2026-09-22 14:55:29.098 | INFO     | steering_lite.benchmark.cache:cached:37 - cache miss judge-request 790e93e6a82d
2026-09-22 14:55:29.103 | INFO     | steering_lite.benchmark.cache:cached:37 - cache miss judge-request 69d0df881912
2026-09-22 14:55:29.104 | INFO     | steering_lite.benchmark.cache:cached:37 - cache miss judge-request 554a6261675a
2026-09-22 14:55:29.107 | INFO     | steering_lite.benchmark.cache:cached:37 - cache miss judge-request 10452ff96614
2026-09-22 14:55:29.112 | INFO     | steering_lite.benchmark.cache:cached:37 - cache miss judge-request 384ae725be88
2026-09-22 14:55:29.120 | INFO     | steering_lite.benchmark.cache:cached:37 - cache miss judge-request f731ac678e29
2026-09-22 14:55:29.127 | INFO     | steering_lite.benchmark.cache:cached:37 - cache miss judge-request e4c04d8152ac
2026-09-22 14:55:29.128 | INFO     | steering_lite.benchmark.cache:cached:37 - cache miss judge-request c3f2a477abf3
2026-09-22 14:55:29.134 | INFO     | steering_lite.benchmark.cache:cached:37 - cache miss judge-request fc3f33d137d8
2026-09-22 14:55:29.142 | INFO     | steering_lite.benchmark.cache:cached:37 - cache miss judge-request a852f4bd58c6
2026-09-22 14:55:29.150 | INFO     | steering_lite.benchmark.cache:cached:37 - cache miss judge-request cc0dd3106632
2026-09-22 14:55:29.150 | INFO     | steering_lite.benchmark.cache:cached:37 - cache miss judge-request 45da71c5bae7
2026-09-22 14:55:29.165 | INFO     | steering_lite.benchmark.cache:cached:37 - cache miss judge-request b0ddc8545553
2026-09-22 14:55:29.171 | INFO     | steering_lite.benchmark.cache:cached:37 - cache miss judge-request f03d4a466c90
2026-09-22 14:55:29.171 | INFO     | steering_lite.benchmark.cache:cached:37 - cache miss judge-request 1da0118ccbd1
2026-09-22 14:55:29.180 | INFO     | steering_lite.benchmark.cache:cached:37 - cache miss judge-request bbe6f7fc6d55
2026-09-22 14:55:29.185 | INFO     | steering_lite.benchmark.cache:cached:37 - cache miss judge-request 854e79556491
2026-09-22 14:55:29.193 | INFO     | steering_lite.benchmark.cache:cached:37 - cache miss judge-request 8670916a9af7
2026-09-22 14:55:29.202 | INFO     | steering_lite.benchmark.cache:cached:37 - cache miss judge-request 89de2112b2c8
2026-09-22 14:55:29.203 | INFO     | steering_lite.benchmark.cache:cached:37 - cache miss judge-request cac0e20a906e
2026-09-22 14:55:29.207 | INFO     | steering_lite.benchmark.cache:cached:37 - cache miss judge-request d785d65f30c5
2026-09-22 14:55:29.215 | INFO     | steering_lite.benchmark.cache:cached:37 - cache miss judge-request a5cb6256ab76
2026-09-22 14:55:29.219 | INFO     | steering_lite.benchmark.cache:cached:37 - cache miss judge-request e4059a1e59a5
2026-09-22 14:55:29.229 | INFO     | steering_lite.benchmark.cache:cached:37 - cache miss judge-request d36862231ab4
2026-09-22 14:55:29.231 | INFO     | steering_lite.benchmark.cache:cached:37 - cache miss judge-request e8fc6d83ade3
2026-09-22 14:55:29.237 | INFO     | steering_lite.benchmark.cache:cached:37 - cache miss judge-request a4abf6aef8dc
2026-09-22 14:55:29.246 | INFO     | steering_lite.benchmark.cache:cached:37 - cache miss judge-request a78b2225c192
2026-09-22 14:55:29.280 | INFO     | steering_lite.benchmark.cache:cached:37 - cache miss candidate-health 2142f185d765
2026-09-22 14:55:29.282 | INFO     | steering_lite.benchmark.cache:cached:37 - cache miss candidate-aware e3663fd86a6e
2026-09-22 14:55:29.285 | INFO     | steering_lite.benchmark.cache:cached:37 - cache miss candidate-blind 62299465cde9
2026-09-22 14:55:29.287 | INFO     | steering_lite.benchmark.cache:cached:37 - cache miss final-generation 772f48d4d02c
2026-09-22 14:55:29.296 | INFO     | steering_lite.benchmark.cache:cached:37 - cache miss final-judgments c97dad3c7cce
2026-09-22 14:55:29.321 | INFO     | steering_lite.benchmark.cache:cached:37 - cache miss judge-request a36914ef46f2
2026-09-22 14:55:29.321 | INFO     | steering_lite.benchmark.cache:cached:37 - cache miss judge-request df52404cc829
2026-09-22 14:55:29.322 | INFO     | steering_lite.benchmark.cache:cached:37 - cache miss judge-request 06c06af25091
2026-09-22 14:55:29.322 | INFO     | steering_lite.benchmark.cache:cached:37 - cache miss judge-request 399fd03ce162
2026-09-22 14:55:29.324 | INFO     | steering_lite.benchmark.cache:cached:37 - cache miss judge-request b0e4b957ca73
2026-09-22 14:55:29.325 | INFO     | steering_lite.benchmark.cache:cached:37 - cache miss judge-request 583bd44fa7df
2026-09-22 14:55:29.361 | INFO     | steering_lite.benchmark.cache:cached:37 - cache miss judge-request 9f498ae23ec1
2026-09-22 14:55:29.371 | INFO     | steering_lite.benchmark.cache:cached:37 - cache miss judge-request 9e77165d059a
2026-09-22 14:55:29.371 | INFO     | steering_lite.benchmark.cache:cached:37 - cache miss judge-request 786b2edccf48
2026-09-22 14:55:29.375 | INFO     | steering_lite.benchmark.cache:cached:37 - cache miss judge-request a9557895f266
2026-09-22 14:55:29.379 | INFO     | steering_lite.benchmark.cache:cached:37 - cache miss judge-request d5f9fcb1f41f
2026-09-22 14:55:29.380 | INFO     | steering_lite.benchmark.cache:cached:37 - cache miss judge-request deeb04ba72ef
2026-09-22 14:55:29.402 | INFO     | steering_lite.benchmark.cache:cached:37 - cache miss judge-request 7e593457d035
2026-09-22 14:55:29.409 | INFO     | steering_lite.benchmark.cache:cached:37 - cache miss judge-request 6bfcb641f1f4
2026-09-22 14:55:29.409 | INFO     | steering_lite.benchmark.cache:cached:37 - cache miss judge-request aeaf1213850b
2026-09-22 14:55:29.414 | INFO     | steering_lite.benchmark.cache:cached:37 - cache miss judge-request 5ce9e852f46c
2026-09-22 14:55:29.417 | INFO     | steering_lite.benchmark.cache:cached:37 - cache miss judge-request dea087db3a92
2026-09-22 14:55:29.420 | INFO     | steering_lite.benchmark.cache:cached:37 - cache miss judge-request 70a6f4f891a4
2026-09-22 14:55:29.448 | INFO     | steering_lite.benchmark.cache:cached:37 - cache miss judge-request bb3cd362b05e
2026-09-22 14:55:29.453 | INFO     | steering_lite.benchmark.cache:cached:37 - cache miss judge-request 1fc240702eaa
2026-09-22 14:55:29.453 | INFO     | steering_lite.benchmark.cache:cached:37 - cache miss judge-request 20d7a4c9812e
2026-09-22 14:55:29.460 | INFO     | steering_lite.benchmark.cache:cached:37 - cache miss judge-request 8877ec161664
2026-09-22 14:55:29.460 | INFO     | steering_lite.benchmark.cache:cached:37 - cache miss judge-request ffc2b311ea07
2026-09-22 14:55:29.464 | INFO     | steering_lite.benchmark.cache:cached:37 - cache miss judge-request 5e66b5dc0044
2026-09-22 14:55:29.503 | INFO     | steering_lite.benchmark.cache:cached:37 - cache miss judge-request d3672dc0d094
2026-09-22 14:55:29.514 | INFO     | steering_lite.benchmark.cache:cached:37 - cache miss judge-request b47cb94e7ec9
2026-09-22 14:55:29.519 | INFO     | steering_lite.benchmark.cache:cached:37 - cache miss judge-request a89b81adebc5
2026-09-22 14:55:29.519 | INFO     | steering_lite.benchmark.cache:cached:37 - cache miss judge-request 4441c2f12d5d
2026-09-22 14:55:29.522 | INFO     | steering_lite.benchmark.cache:cached:37 - cache miss judge-request a68b63676fac
2026-09-22 14:55:29.525 | INFO     | steering_lite.benchmark.cache:cached:37 - cache miss judge-request a1c30c0cc52f
2026-09-22 14:55:29.558 | INFO     | steering_lite.benchmark.cache:cached:37 - cache miss judge-request 353a5186e806
2026-09-22 14:55:29.572 | INFO     | steering_lite.benchmark.cache:cached:37 - cache miss judge-request 581eafa9b0c1
2026-09-22 14:55:29.572 | INFO     | steering_lite.benchmark.cache:cached:37 - cache miss judge-request 832bae8a2c30
2026-09-22 14:55:29.576 | INFO     | steering_lite.benchmark.cache:cached:37 - cache miss judge-request de9b4b8c7f0f
2026-09-22 14:55:29.580 | INFO     | steering_lite.benchmark.cache:cached:37 - cache miss judge-request 2397d805fd11
2026-09-22 14:55:29.584 | INFO     | steering_lite.benchmark.cache:cached:37 - cache miss judge-request e427c293e5be
2026-09-22 14:55:29.605 | INFO     | steering_lite.benchmark.cache:cached:37 - cache miss judge-request 33c157b701da
2026-09-22 14:55:29.617 | INFO     | steering_lite.benchmark.cache:cached:37 - cache miss judge-request 80ed2baa2341
2026-09-22 14:55:29.621 | INFO     | steering_lite.benchmark.cache:cached:37 - cache miss judge-request 4aa0167f5043
2026-09-22 14:55:29.627 | INFO     | steering_lite.benchmark.cache:cached:37 - cache miss judge-request 8dc2d621ce60
2026-09-22 14:55:29.633 | INFO     | steering_lite.benchmark.cache:cached:37 - cache miss judge-request a38095ded9d5
2026-09-22 14:55:29.640 | INFO     | steering_lite.benchmark.cache:cached:37 - cache miss judge-request eb4db8e5914b
2026-09-22 14:55:29.659 | INFO     | steering_lite.benchmark.cache:cached:37 - cache miss judge-request a38ec9b2aec8
2026-09-22 14:55:29.671 | INFO     | steering_lite.benchmark.cache:cached:37 - cache miss judge-request e044ce489404
2026-09-22 14:55:29.675 | INFO     | steering_lite.benchmark.cache:cached:37 - cache miss judge-request 365e15cb0694
2026-09-22 14:55:29.679 | INFO     | steering_lite.benchmark.cache:cached:37 - cache miss judge-request f31d61201a9c
2026-09-22 14:55:29.681 | INFO     | steering_lite.benchmark.cache:cached:37 - cache miss judge-request 03c7b2b67e6b
2026-09-22 14:55:29.688 | INFO     | steering_lite.benchmark.cache:cached:37 - cache miss judge-request 43692f7e37b8
2026-09-22 14:55:29.697 | INFO     | steering_lite.benchmark.cache:cached:37 - cache miss judge-request 71d0c8a4c505
2026-09-22 14:55:29.716 | INFO     | steering_lite.benchmark.cache:cached:37 - cache miss judge-request b38fda00ab6f
2026-09-22 14:55:29.720 | INFO     | steering_lite.benchmark.cache:cached:37 - cache miss judge-request be2828827bc6
2026-09-22 14:55:29.728 | INFO     | steering_lite.benchmark.cache:cached:37 - cache miss judge-request 814070968432
2026-09-22 14:55:29.732 | INFO     | steering_lite.benchmark.cache:cached:37 - cache miss judge-request 9cb15cdc402a
2026-09-22 14:55:29.738 | INFO     | steering_lite.benchmark.cache:cached:37 - cache miss judge-request ceb19fbb6190
2026-09-22 14:55:29.745 | INFO     | steering_lite.benchmark.cache:cached:37 - cache miss judge-request 0c9227e4e1f6
2026-09-22 14:55:29.764 | INFO     | steering_lite.benchmark.cache:cached:37 - cache miss judge-request bc91d71ec0b0
2026-09-22 14:55:29.771 | INFO     | steering_lite.benchmark.cache:cached:37 - cache miss judge-request 3a9c8010b494
2026-09-22 14:55:29.771 | INFO     | steering_lite.benchmark.cache:cached:37 - cache miss judge-request d164e7930d9c
2026-09-22 14:55:29.777 | INFO     | steering_lite.benchmark.cache:cached:37 - cache miss judge-request f4659bfcc11d
2026-09-22 14:55:29.784 | INFO     | steering_lite.benchmark.cache:cached:37 - cache miss judge-request 0da1c66753fd
2026-09-22 14:55:29.790 | INFO     | steering_lite.benchmark.cache:cached:37 - cache miss judge-request 359a478b913f
2026-09-22 14:55:29.807 | INFO     | steering_lite.benchmark.cache:cached:37 - cache miss judge-request db21ada2f905
2026-09-22 14:55:29.813 | INFO     | steering_lite.benchmark.cache:cached:37 - cache miss judge-request 4fa542869cea
2026-09-22 14:55:29.824 | INFO     | steering_lite.benchmark.cache:cached:37 - cache miss judge-request 09a4d210a042
2026-09-22 14:55:29.826 | INFO     | steering_lite.benchmark.cache:cached:37 - cache miss judge-request f10ea0a08603
2026-09-22 14:55:29.834 | INFO     | steering_lite.benchmark.cache:cached:37 - cache miss judge-request db9380bb2f00
2026-09-22 14:55:29.840 | INFO     | steering_lite.benchmark.cache:cached:37 - cache miss judge-request a9c92bfe9677
2026-09-22 14:55:29.853 | INFO     | steering_lite.benchmark.cache:cached:37 - cache miss judge-request 74bf59fd817c
2026-09-22 14:55:29.855 | INFO     | steering_lite.benchmark.cache:cached:37 - cache miss judge-request 9400d62b2bf8
2026-09-22 14:55:29.868 | INFO     | steering_lite.benchmark.cache:cached:37 - cache miss judge-request 833d167e09dd
2026-09-22 14:55:29.874 | INFO     | steering_lite.benchmark.cache:cached:37 - cache miss judge-request ec5400bf86bb
2026-09-22 14:55:29.880 | INFO     | steering_lite.benchmark.cache:cached:37 - cache miss judge-request 3836313a691b
2026-09-22 14:55:29.884 | INFO     | steering_lite.benchmark.cache:cached:37 - cache miss judge-request 491cf087f931
2026-09-22 14:55:29.898 | INFO     | steering_lite.benchmark.cache:cached:37 - cache miss judge-request 2cd0cc175028
2026-09-22 14:55:29.904 | INFO     | steering_lite.benchmark.cache:cached:37 - cache miss judge-request c87701f4324b
2026-09-22 14:55:29.917 | INFO     | steering_lite.benchmark.cache:cached:37 - cache miss judge-request a27bab3e61ca
2026-09-22 14:55:29.925 | INFO     | steering_lite.benchmark.cache:cached:37 - cache miss judge-request 23c08b0f88ab
2026-09-22 14:55:29.938 | INFO     | steering_lite.benchmark.cache:cached:37 - cache miss judge-request 69fc629ed5cd
2026-09-22 14:55:29.938 | INFO     | steering_lite.benchmark.cache:cached:37 - cache miss judge-request 200295b036c7
2026-09-22 14:55:29.950 | INFO     | steering_lite.benchmark.cache:cached:37 - cache miss judge-request 05af2928d610
2026-09-22 14:55:29.956 | INFO     | steering_lite.benchmark.cache:cached:37 - cache miss judge-request 2b68cd10322f
2026-09-22 14:55:29.971 | INFO     | steering_lite.benchmark.cache:cached:37 - cache miss judge-request 0ed7c93bc195
2026-09-22 14:55:29.986 | INFO     | steering_lite.benchmark.cache:cached:37 - cache miss judge-request dee83051fc3f
2026-09-22 14:55:29.992 | INFO     | steering_lite.benchmark.cache:cached:37 - cache miss judge-request 02908ab3f84c
2026-09-22 14:55:29.999 | INFO     | steering_lite.benchmark.cache:cached:37 - cache miss judge-request ff855d4d71a1
2026-09-22 14:55:29.999 | INFO     | steering_lite.benchmark.cache:cached:37 - cache miss judge-request fd2897cb3313
2026-09-22 14:55:30.008 | INFO     | steering_lite.benchmark.cache:cached:37 - cache miss judge-request 6d3d08c86195
2026-09-22 14:55:30.025 | INFO     | steering_lite.benchmark.cache:cached:37 - cache miss judge-request 28005264dfb5
2026-09-22 14:55:30.048 | INFO     | steering_lite.benchmark.cache:cached:37 - cache miss judge-request 6b1f1455fb64
2026-09-22 14:55:30.050 | INFO     | steering_lite.benchmark.cache:cached:37 - cache miss judge-request 077588db713b
2026-09-22 14:55:30.055 | INFO     | steering_lite.benchmark.cache:cached:37 - cache miss judge-request 488391df3a8c
2026-09-22 14:55:30.061 | INFO     | steering_lite.benchmark.cache:cached:37 - cache miss judge-request 83787a9f4068
2026-09-22 14:55:30.061 | INFO     | steering_lite.benchmark.cache:cached:37 - cache miss judge-request 4a8c18e1a5a8
2026-09-22 14:55:30.085 | INFO     | steering_lite.benchmark.cache:cached:37 - cache miss judge-request 08aec0de2424
2026-09-22 14:55:30.109 | INFO     | steering_lite.benchmark.cache:cached:37 - cache miss judge-request d2c25c5d07de
2026-09-22 14:55:30.111 | INFO     | steering_lite.benchmark.cache:cached:37 - cache miss judge-request 92cd42e5d703
2026-09-22 14:55:30.115 | INFO     | steering_lite.benchmark.cache:cached:37 - cache miss judge-request 386cd1a97d1f
2026-09-22 14:55:30.123 | INFO     | steering_lite.benchmark.cache:cached:37 - cache miss judge-request 165fc002ac3d
2026-09-22 14:55:30.124 | INFO     | steering_lite.benchmark.cache:cached:37 - cache miss judge-request b004f8ac2839
2026-09-22 14:55:30.150 | INFO     | steering_lite.benchmark.cache:cached:37 - cache miss judge-request 5b8f43eb7d80
2026-09-22 14:55:30.174 | INFO     | steering_lite.benchmark.cache:cached:37 - cache miss judge-request 12c34021d951
2026-09-22 14:55:30.177 | INFO     | steering_lite.benchmark.cache:cached:37 - cache miss judge-request 8ba7aafefe73
2026-09-22 14:55:30.183 | INFO     | steering_lite.benchmark.cache:cached:37 - cache miss judge-request 95ab8d3ff5f8
2026-09-22 14:55:30.183 | INFO     | steering_lite.benchmark.cache:cached:37 - cache miss judge-request 5332b7be1009
2026-09-22 14:55:30.191 | INFO     | steering_lite.benchmark.cache:cached:37 - cache miss judge-request 2c6183ab8546
2026-09-22 14:55:30.222 | INFO     | steering_lite.benchmark.cache:cached:37 - cache miss judge-request 93af90bcf40e
2026-09-22 14:55:30.227 | INFO     | steering_lite.benchmark.cache:cached:37 - cache miss judge-request 106a52914c4d
2026-09-22 14:55:30.229 | INFO     | steering_lite.benchmark.cache:cached:37 - cache miss judge-request a4763254f70d
2026-09-22 14:55:30.235 | INFO     | steering_lite.benchmark.cache:cached:37 - cache miss judge-request 04c9f8748502
2026-09-22 14:55:30.237 | INFO     | steering_lite.benchmark.cache:cached:37 - cache miss judge-request 67f778d35eb5
2026-09-22 14:55:30.247 | INFO     | steering_lite.benchmark.cache:cached:37 - cache miss judge-request 5a81a30b4e75
2026-09-22 14:55:30.285 | INFO     | steering_lite.benchmark.cache:cached:37 - cache miss judge-request 71bd2c3f3437
2026-09-22 14:55:30.286 | INFO     | steering_lite.benchmark.cache:cached:37 - cache miss judge-request bf3a494936c5
2026-09-22 14:55:30.289 | INFO     | steering_lite.benchmark.cache:cached:37 - cache miss judge-request f1098e37faf2
2026-09-22 14:55:30.294 | INFO     | steering_lite.benchmark.cache:cached:37 - cache miss judge-request 22e7afe41f6d
2026-09-22 14:55:30.298 | INFO     | steering_lite.benchmark.cache:cached:37 - cache miss judge-request a14ebfc8fabf
2026-09-22 14:55:30.306 | INFO     | steering_lite.benchmark.cache:cached:37 - cache miss judge-request 9ee90cf2e9c7
2026-09-22 14:55:30.346 | INFO     | steering_lite.benchmark.cache:cached:37 - cache miss judge-request b47305114497
2026-09-22 14:55:30.353 | INFO     | steering_lite.benchmark.cache:cached:37 - cache miss judge-request 6abec76a54bd
2026-09-22 14:55:30.355 | INFO     | steering_lite.benchmark.cache:cached:37 - cache miss judge-request 90d861c99c51
2026-09-22 14:55:30.361 | INFO     | steering_lite.benchmark.cache:cached:37 - cache miss judge-request 18cf9ece49e2
2026-09-22 14:55:30.367 | INFO     | steering_lite.benchmark.cache:cached:37 - cache miss judge-request b02e89faa04c
2026-09-22 14:55:30.374 | INFO     | steering_lite.benchmark.cache:cached:37 - cache miss judge-request 9c8afe4caeed
2026-09-22 14:55:30.409 | INFO     | steering_lite.benchmark.cache:cached:37 - cache miss judge-request 27bd0f06a33d
2026-09-22 14:55:30.409 | INFO     | steering_lite.benchmark.cache:cached:37 - cache miss judge-request 1535061732e6
2026-09-22 14:55:30.419 | INFO     | steering_lite.benchmark.cache:cached:37 - cache miss judge-request 06e734836a5a
2026-09-22 14:55:30.424 | INFO     | steering_lite.benchmark.cache:cached:37 - cache miss judge-request 2bd99679c798
2026-09-22 14:55:30.428 | INFO     | steering_lite.benchmark.cache:cached:37 - cache miss judge-request d2059aa45af7
2026-09-22 14:55:30.436 | INFO     | steering_lite.benchmark.cache:cached:37 - cache miss judge-request adbdddb69ff2
2026-09-22 14:55:30.471 | INFO     | steering_lite.benchmark.cache:cached:37 - cache miss judge-request 89fa70205e1c
2026-09-22 14:55:30.485 | INFO     | steering_lite.benchmark.cache:cached:37 - cache miss judge-request 298523c3850a
2026-09-22 14:55:30.488 | INFO     | steering_lite.benchmark.cache:cached:37 - cache miss judge-request 73eaf033e292
2026-09-22 14:55:30.499 | INFO     | steering_lite.benchmark.cache:cached:37 - cache miss judge-request d7fc647ad0f2
2026-09-22 14:55:30.499 | INFO     | steering_lite.benchmark.cache:cached:37 - cache miss judge-request 72f79cd70ce3
2026-09-22 14:55:30.508 | INFO     | steering_lite.benchmark.cache:cached:37 - cache miss judge-request d030d6e7819c
2026-09-22 14:55:30.540 | INFO     | steering_lite.benchmark.cache:cached:37 - cache miss judge-request 3540697221db
2026-09-22 14:55:30.554 | INFO     | steering_lite.benchmark.cache:cached:37 - cache miss judge-request 078ff645d931
2026-09-22 14:55:30.559 | INFO     | steering_lite.benchmark.cache:cached:37 - cache miss judge-request fa5557c61f4a
2026-09-22 14:55:30.570 | INFO     | steering_lite.benchmark.cache:cached:37 - cache miss judge-request c4deba46350d
2026-09-22 14:55:30.570 | INFO     | steering_lite.benchmark.cache:cached:37 - cache miss judge-request 11b7fcd4ee35
2026-09-22 14:55:30.582 | INFO     | steering_lite.benchmark.cache:cached:37 - cache miss judge-request af1a61b1198d
2026-09-22 14:55:30.609 | INFO     | steering_lite.benchmark.cache:cached:37 - cache miss judge-request afa92017089c
2026-09-22 14:55:30.618 | INFO     | steering_lite.benchmark.cache:cached:37 - cache miss judge-request 9fa18ef317d9
2026-09-22 14:55:30.635 | INFO     | steering_lite.benchmark.cache:cached:37 - cache miss judge-request bda4c3be991a
2026-09-22 14:55:30.638 | INFO     | steering_lite.benchmark.cache:cached:37 - cache miss judge-request 041df06077ce
2026-09-22 14:55:30.646 | INFO     | steering_lite.benchmark.cache:cached:37 - cache miss judge-request a8d3c70d77de
2026-09-22 14:55:30.654 | INFO     | steering_lite.benchmark.cache:cached:37 - cache miss judge-request 3f8d7c986d32
2026-09-22 14:55:30.678 | INFO     | steering_lite.benchmark.cache:cached:37 - cache miss judge-request 334b5a15b493
2026-09-22 14:55:30.681 | INFO     | steering_lite.benchmark.cache:cached:37 - cache miss judge-request 2086acb01ab7
2026-09-22 14:55:30.703 | INFO     | steering_lite.benchmark.cache:cached:37 - cache miss judge-request 1c49e20f62d2
2026-09-22 14:55:30.704 | INFO     | steering_lite.benchmark.cache:cached:37 - cache miss judge-request 6510ebbd40ad
2026-09-22 14:55:30.710 | INFO     | steering_lite.benchmark.cache:cached:37 - cache miss judge-request 66ef6b41e769
2026-09-22 14:55:30.716 | INFO     | steering_lite.benchmark.cache:cached:37 - cache miss judge-request 2491dc437f9e
2026-09-22 14:55:30.749 | INFO     | steering_lite.benchmark.cache:cached:37 - cache miss judge-request b6f1ef581de0
2026-09-22 14:55:30.751 | INFO     | steering_lite.benchmark.cache:cached:37 - cache miss judge-request a10470c759aa
2026-09-22 14:55:30.778 | INFO     | steering_lite.benchmark.cache:cached:37 - cache miss judge-request 2c9dc95c9adf
2026-09-22 14:55:30.779 | INFO     | steering_lite.benchmark.cache:cached:37 - cache miss judge-request ffb1be345106
2026-09-22 14:55:30.781 | INFO     | steering_lite.benchmark.cache:cached:37 - cache miss judge-request 5a2deb6fbeeb
2026-09-22 14:55:30.790 | INFO     | steering_lite.benchmark.cache:cached:37 - cache miss judge-request 1c0d62968bbe
2026-09-22 14:55:30.824 | INFO     | steering_lite.benchmark.cache:cached:37 - cache miss judge-request afe2f162d9dd
2026-09-22 14:55:30.824 | INFO     | steering_lite.benchmark.cache:cached:37 - cache miss judge-request 417220ef18a2
2026-09-22 14:55:30.842 | INFO     | steering_lite.benchmark.cache:cached:37 - cache miss judge-request 21bd21796950
2026-09-22 14:55:30.852 | INFO     | steering_lite.benchmark.cache:cached:37 - cache miss judge-request ee5121e568a7
2026-09-22 14:55:30.854 | INFO     | steering_lite.benchmark.cache:cached:37 - cache miss judge-request bd7e22259d04
2026-09-22 14:55:30.867 | INFO     | steering_lite.benchmark.cache:cached:37 - cache miss judge-request 854cb441b87b
2026-09-22 14:55:30.895 | INFO     | steering_lite.benchmark.cache:cached:37 - cache miss judge-request 9d7dded8f668
2026-09-22 14:55:30.896 | INFO     | steering_lite.benchmark.cache:cached:37 - cache miss judge-request 27f65751adaf
2026-09-22 14:55:30.918 | INFO     | steering_lite.benchmark.cache:cached:37 - cache miss judge-request bab10ab35264
2026-09-22 14:55:30.927 | INFO     | steering_lite.benchmark.cache:cached:37 - cache miss judge-request db0c78196d5d
2026-09-22 14:55:30.932 | INFO     | steering_lite.benchmark.cache:cached:37 - cache miss judge-request 91c69e5bde22
2026-09-22 14:55:30.947 | INFO     | steering_lite.benchmark.cache:cached:37 - cache miss judge-request e6b28f20eb90
2026-09-22 14:55:30.973 | INFO     | steering_lite.benchmark.cache:cached:37 - cache miss judge-request 44ff514ae093
2026-09-22 14:55:30.981 | INFO     | steering_lite.benchmark.cache:cached:37 - cache miss judge-request c3537c5142f7
2026-09-22 14:55:30.990 | INFO     | steering_lite.benchmark.cache:cached:37 - cache miss judge-request 038928472b9c
2026-09-22 14:55:30.995 | INFO     | steering_lite.benchmark.cache:cached:37 - cache miss judge-request 933e2e613fe3
2026-09-22 14:55:31.014 | INFO     | steering_lite.benchmark.cache:cached:37 - cache miss judge-request 40c861f07c05
2026-09-22 14:55:31.018 | INFO     | steering_lite.benchmark.cache:cached:37 - cache miss judge-request f555eba88b31
2026-09-22 14:55:31.061 | INFO     | steering_lite.benchmark.cache:cached:37 - cache miss judge-request 2d02563c3636
2026-09-22 14:55:31.063 | INFO     | steering_lite.benchmark.cache:cached:37 - cache miss judge-request 13ce8892c41e
2026-09-22 14:55:31.079 | INFO     | steering_lite.benchmark.cache:cached:37 - cache miss judge-request ae5111fb72b8
2026-09-22 14:55:31.106 | INFO     | steering_lite.benchmark.cache:cached:37 - cache miss judge-request f6a3ea04c2b9
2026-09-22 14:55:31.109 | INFO     | steering_lite.benchmark.cache:cached:37 - cache miss judge-request 660c80558660
2026-09-22 14:55:31.122 | INFO     | steering_lite.benchmark.cache:cached:37 - cache miss judge-request 277cf0b365a8
2026-09-22 14:55:31.155 | INFO     | steering_lite.benchmark.cache:cached:37 - cache miss judge-request a71b52167e6a
2026-09-22 14:55:31.174 | INFO     | steering_lite.benchmark.cache:cached:37 - cache miss judge-request 0b2dc492a015
2026-09-22 14:55:31.174 | INFO     | steering_lite.benchmark.cache:cached:37 - cache miss judge-request 43b9ce63106a
2026-09-22 14:55:31.195 | INFO     | steering_lite.benchmark.cache:cached:37 - cache miss judge-request 61b90ee8991f
2026-09-22 14:55:31.210 | INFO     | steering_lite.benchmark.cache:cached:37 - cache miss judge-request 801374c42ff7
2026-09-22 14:55:31.226 | INFO     | steering_lite.benchmark.cache:cached:37 - cache miss judge-request 3902ccaaeb58
2026-09-22 14:55:31.227 | INFO     | steering_lite.benchmark.cache:cached:37 - cache miss judge-request 2b2a1577e1ed
2026-09-22 14:55:31.258 | INFO     | steering_lite.benchmark.cache:cached:37 - cache miss judge-request 7f57c64a9e88
2026-09-22 14:55:31.258 | INFO     | steering_lite.benchmark.cache:cached:37 - cache miss judge-request 6a9362224efe
2026-09-22 14:55:31.274 | INFO     | steering_lite.benchmark.cache:cached:37 - cache miss judge-request 76b396805d3f
2026-09-22 14:55:31.274 | INFO     | steering_lite.benchmark.cache:cached:37 - cache miss judge-request 4f648bdaa2a3
2026-09-22 14:55:31.302 | INFO     | steering_lite.benchmark.cache:cached:37 - cache miss judge-request a2abf93619aa
2026-09-22 14:55:31.315 | INFO     | steering_lite.benchmark.cache:cached:37 - cache miss judge-request 74d9aa5f9ffa
2026-09-22 14:55:31.334 | INFO     | steering_lite.benchmark.cache:cached:37 - cache miss judge-request 49d66f3aeb4e
2026-09-22 14:55:31.335 | INFO     | steering_lite.benchmark.cache:cached:37 - cache miss judge-request 1cf3bf4d626a
2026-09-22 14:55:31.365 | INFO     | steering_lite.benchmark.cache:cached:37 - cache miss judge-request b194133e32d7
2026-09-22 14:55:31.365 | INFO     | steering_lite.benchmark.cache:cached:37 - cache miss judge-request 77bde927e15e
2026-09-22 14:55:31.407 | INFO     | steering_lite.benchmark.cache:cached:37 - cache miss judge-request aa934d9ef623
2026-09-22 14:55:31.409 | INFO     | steering_lite.benchmark.cache:cached:37 - cache miss judge-request 7ff7141f74d4
2026-09-22 14:55:31.423 | INFO     | steering_lite.benchmark.cache:cached:37 - cache miss judge-request 5762e1ea83e2
2026-09-22 14:55:31.429 | INFO     | steering_lite.benchmark.cache:cached:37 - cache miss judge-request eb7922c374d5
2026-09-22 14:55:31.462 | INFO     | steering_lite.benchmark.cache:cached:37 - cache miss judge-request 30a5069090ee
2026-09-22 14:55:31.462 | INFO     | steering_lite.benchmark.cache:cached:37 - cache miss judge-request 7d229d40a739
2026-09-22 14:55:31.494 | INFO     | steering_lite.benchmark.cache:cached:37 - cache miss judge-request 0c70bf17945d
2026-09-22 14:55:31.494 | INFO     | steering_lite.benchmark.cache:cached:37 - cache miss judge-request 8ab32ea242b4
2026-09-22 14:55:31.504 | INFO     | steering_lite.benchmark.cache:cached:37 - cache miss judge-request c56a5f5b7984
2026-09-22 14:55:31.517 | INFO     | steering_lite.benchmark.cache:cached:37 - cache miss judge-request 72655ece5064
2026-09-22 14:55:31.545 | INFO     | steering_lite.benchmark.cache:cached:37 - cache miss judge-request 4e28a5e18354
2026-09-22 14:55:31.552 | INFO     | steering_lite.benchmark.cache:cached:37 - cache miss judge-request b9ea38bf7087
2026-09-22 14:55:31.577 | INFO     | steering_lite.benchmark.cache:cached:37 - cache miss judge-request 09c3f34c7376
2026-09-22 14:55:31.581 | INFO     | steering_lite.benchmark.cache:cached:37 - cache miss judge-request ec940ed34b10
2026-09-22 14:55:31.594 | INFO     | steering_lite.benchmark.cache:cached:37 - cache miss judge-request 852af3cf716a
2026-09-22 14:55:31.601 | INFO     | steering_lite.benchmark.cache:cached:37 - cache miss judge-request 8bace9240c5a
2026-09-22 14:55:31.633 | INFO     | steering_lite.benchmark.cache:cached:37 - cache miss judge-request da289c0d3278
2026-09-22 14:55:31.633 | INFO     | steering_lite.benchmark.cache:cached:37 - cache miss judge-request 62abc77e151d
2026-09-22 14:55:31.651 | INFO     | steering_lite.benchmark.cache:cached:37 - cache miss judge-request f24cc9daa912
2026-09-22 14:55:31.669 | INFO     | steering_lite.benchmark.cache:cached:37 - cache miss judge-request 96aab88b9e63
2026-09-22 14:55:31.692 | INFO     | steering_lite.benchmark.cache:cached:37 - cache miss judge-request e901277e5d05
2026-09-22 14:55:31.692 | INFO     | steering_lite.benchmark.cache:cached:37 - cache miss judge-request ae18776f682c
2026-09-22 14:55:31.718 | INFO     | steering_lite.benchmark.cache:cached:37 - cache miss judge-request 3272741ba2c4
2026-09-22 14:55:31.743 | INFO     | steering_lite.benchmark.cache:cached:37 - cache miss judge-request 56736898366d
2026-09-22 14:55:31.764 | INFO     | steering_lite.benchmark.cache:cached:37 - cache miss judge-request 6002847a0448
2026-09-22 14:55:31.778 | INFO     | steering_lite.benchmark.cache:cached:37 - cache miss judge-request 52d79c3df383
2026-09-22 14:55:31.781 | INFO     | steering_lite.benchmark.cache:cached:37 - cache miss judge-request 8fb92837a860
2026-09-22 14:55:31.802 | INFO     | steering_lite.benchmark.cache:cached:37 - cache miss judge-request e1d951283fd0
2026-09-22 14:55:31.810 | INFO     | steering_lite.benchmark.cache:cached:37 - cache miss judge-request 48f83d54581d
2026-09-22 14:55:31.848 | INFO     | steering_lite.benchmark.cache:cached:37 - cache miss judge-request a5235891ca1f
2026-09-22 14:55:31.863 | INFO     | steering_lite.benchmark.cache:cached:37 - cache miss judge-request 76ffbebafb66
2026-09-22 14:55:31.874 | INFO     | steering_lite.benchmark.cache:cached:37 - cache miss judge-request aae4c9c1788e
2026-09-22 14:55:31.882 | INFO     | steering_lite.benchmark.cache:cached:37 - cache miss judge-request a70d3bcfbf41
2026-09-22 14:55:31.903 | INFO     | steering_lite.benchmark.cache:cached:37 - cache miss judge-request b3965ec6a764
2026-09-22 14:55:31.924 | INFO     | steering_lite.benchmark.cache:cached:37 - cache miss judge-request 8137569d70bb
2026-09-22 14:55:31.946 | INFO     | steering_lite.benchmark.cache:cached:37 - cache miss judge-request 55989213ba23
2026-09-22 14:55:31.950 | INFO     | steering_lite.benchmark.cache:cached:37 - cache miss judge-request 9ea393be83de
2026-09-22 14:55:31.960 | INFO     | steering_lite.benchmark.cache:cached:37 - cache miss judge-request 4d77c8765e0c
2026-09-22 14:55:31.990 | INFO     | steering_lite.benchmark.cache:cached:37 - cache miss judge-request e9636c967b1a
2026-09-22 14:55:32.012 | INFO     | steering_lite.benchmark.cache:cached:37 - cache miss judge-request 933af7fa114f
2026-09-22 14:55:32.016 | INFO     | steering_lite.benchmark.cache:cached:37 - cache miss judge-request e643c56e9b5e
2026-09-22 14:55:32.051 | INFO     | steering_lite.benchmark.cache:cached:37 - cache miss judge-request c8e4bc572acb
2026-09-22 14:55:32.062 | INFO     | steering_lite.benchmark.cache:cached:37 - cache miss judge-request a17a38c78144
2026-09-22 14:55:32.083 | INFO     | steering_lite.benchmark.cache:cached:37 - cache miss judge-request c40159b68daa
2026-09-22 14:55:32.106 | INFO     | steering_lite.benchmark.cache:cached:37 - cache miss judge-request 8cc82b9e770e
2026-09-22 14:55:32.127 | INFO     | steering_lite.benchmark.cache:cached:37 - cache miss judge-request ad86cfb4d684
2026-09-22 14:55:32.133 | INFO     | steering_lite.benchmark.cache:cached:37 - cache miss judge-request 0cca6d0e7a96
2026-09-22 14:55:32.170 | INFO     | steering_lite.benchmark.cache:cached:37 - cache miss judge-request f78b684070eb
2026-09-22 14:55:32.188 | INFO     | steering_lite.benchmark.cache:cached:37 - cache miss judge-request 639787dfb6bc
2026-09-22 14:55:32.202 | INFO     | steering_lite.benchmark.cache:cached:37 - cache miss judge-request 72e94d27012f
2026-09-22 14:55:32.241 | INFO     | steering_lite.benchmark.cache:cached:37 - cache miss judge-request 78ddc2c3e48d
2026-09-22 14:55:32.242 | INFO     | steering_lite.benchmark.cache:cached:37 - cache miss judge-request d55d674a4096
2026-09-22 14:55:32.255 | INFO     | steering_lite.benchmark.cache:cached:37 - cache miss judge-request 9f3f4918c6a0
2026-09-22 14:55:32.285 | INFO     | steering_lite.benchmark.cache:cached:37 - cache miss judge-request 4b0d35ccfea9
2026-09-22 14:55:32.309 | INFO     | steering_lite.benchmark.cache:cached:37 - cache miss judge-request c5798b849ff8
2026-09-22 14:55:32.327 | INFO     | steering_lite.benchmark.cache:cached:37 - cache miss judge-request 3630ac450c53
2026-09-22 14:55:32.354 | INFO     | steering_lite.benchmark.cache:cached:37 - cache miss judge-request 386dcfc3d588
2026-09-22 14:55:32.366 | INFO     | steering_lite.benchmark.cache:cached:37 - cache miss judge-request 06117c665a90
2026-09-22 14:55:32.371 | INFO     | steering_lite.benchmark.cache:cached:37 - cache miss judge-request 795d49d66a77
2026-09-22 14:55:32.393 | INFO     | steering_lite.benchmark.cache:cached:37 - cache miss judge-request 2a71644c8214
2026-09-22 14:55:32.423 | INFO     | steering_lite.benchmark.cache:cached:37 - cache miss judge-request de28d64108a0
2026-09-22 14:55:32.524 | INFO     | steering_lite.benchmark.cache:cached:37 - cache miss judge-request b224b06b8e87
2026-09-22 14:55:32.558 | INFO     | steering_lite.benchmark.cache:cached:37 - cache miss judge-request 66c52cfd7ce6
2026-09-22 14:55:32.568 | INFO     | steering_lite.benchmark.cache:cached:37 - cache miss judge-request 3c0486bd5221
2026-09-22 14:55:32.583 | INFO     | steering_lite.benchmark.cache:cached:37 - cache miss judge-request ac3320a99d23
2026-09-22 14:55:32.613 | INFO     | steering_lite.benchmark.cache:cached:37 - cache miss judge-request 2e820bfced39
2026-09-22 14:55:32.644 | INFO     | steering_lite.benchmark.cache:cached:37 - cache miss judge-request 2f647f55349b
2026-09-22 14:55:32.663 | INFO     | steering_lite.benchmark.cache:cached:37 - cache miss judge-request 4ec954d7ea06
2026-09-22 14:55:32.686 | INFO     | steering_lite.benchmark.cache:cached:37 - cache miss judge-request 526c1fed5bac
2026-09-22 14:55:32.689 | INFO     | steering_lite.benchmark.cache:cached:37 - cache miss judge-request 079b23046d01
2026-09-22 14:55:32.709 | INFO     | steering_lite.benchmark.cache:cached:37 - cache miss judge-request ad6b21160d61
2026-09-22 14:55:32.738 | INFO     | steering_lite.benchmark.cache:cached:37 - cache miss judge-request dafc8194315d
2026-09-22 14:55:32.768 | INFO     | steering_lite.benchmark.cache:cached:37 - cache miss judge-request d36edf2a9377
2026-09-22 14:55:32.782 | INFO     | steering_lite.benchmark.cache:cached:37 - cache miss judge-request 8ff8008434b2
2026-09-22 14:55:32.801 | INFO     | steering_lite.benchmark.cache:cached:37 - cache miss judge-request 07ae178e71b8
2026-09-22 14:55:32.812 | INFO     | steering_lite.benchmark.cache:cached:37 - cache miss judge-request d9c9563e4e2a
2026-09-22 14:55:32.824 | INFO     | steering_lite.benchmark.cache:cached:37 - cache miss judge-request 87bbb9693d3d
2026-09-22 14:55:32.853 | INFO     | steering_lite.benchmark.cache:cached:37 - cache miss judge-request 5002f96ce0cb
2026-09-22 14:55:32.924 | INFO     | steering_lite.benchmark.cache:cached:37 - cache miss judge-request fd6ea8af5246
2026-09-22 14:55:32.954 | INFO     | steering_lite.benchmark.cache:cached:37 - cache miss judge-request 0d477f3f95f1
2026-09-22 14:55:32.966 | INFO     | steering_lite.benchmark.cache:cached:37 - cache miss judge-request ddb90ad5f01e
2026-09-22 14:55:32.993 | INFO     | steering_lite.benchmark.cache:cached:37 - cache miss judge-request 5e089ce4cc33
2026-09-22 14:55:33.002 | INFO     | steering_lite.benchmark.cache:cached:37 - cache miss judge-request 6613e6159b80
2026-09-22 14:55:33.032 | INFO     | steering_lite.benchmark.cache:cached:37 - cache miss judge-request 6940a99bae70
2026-09-22 14:55:33.099 | INFO     | steering_lite.benchmark.cache:cached:37 - cache miss judge-request bf75e0681a86
2026-09-22 14:55:33.117 | INFO     | steering_lite.benchmark.cache:cached:37 - cache miss judge-request b6ec2fbc1d27
2026-09-22 14:55:33.124 | INFO     | steering_lite.benchmark.cache:cached:37 - cache miss judge-request 35c8a798a972
2026-09-22 14:55:33.146 | INFO     | steering_lite.benchmark.cache:cached:37 - cache miss judge-request 3b1cc0e6b651
2026-09-22 14:55:33.146 | INFO     | steering_lite.benchmark.cache:cached:37 - cache miss judge-request 03c00851fc29
2026-09-22 14:55:33.167 | INFO     | steering_lite.benchmark.cache:cached:37 - cache miss judge-request 6b894ed25024
2026-09-22 14:55:33.203 | INFO     | steering_lite.benchmark.cache:cached:37 - cache miss judge-request bf28681f77a0
2026-09-22 14:55:33.219 | INFO     | steering_lite.benchmark.cache:cached:37 - cache miss judge-request cafbdea52ca2
2026-09-22 14:55:33.250 | INFO     | steering_lite.benchmark.cache:cached:37 - cache miss judge-request 98dc45ad7373
2026-09-22 14:55:33.251 | INFO     | steering_lite.benchmark.cache:cached:37 - cache miss judge-request f07a387a62fd
2026-09-22 14:55:33.266 | INFO     | steering_lite.benchmark.cache:cached:37 - cache miss judge-request fbea3a6e47e8
2026-09-22 14:55:33.294 | INFO     | steering_lite.benchmark.cache:cached:37 - cache miss judge-request 91f64a9e99b4
2026-09-22 14:55:33.349 | INFO     | steering_lite.benchmark.cache:cached:37 - cache miss judge-request 618d9e1bffff
2026-09-22 14:55:33.369 | INFO     | steering_lite.benchmark.cache:cached:37 - cache miss judge-request 8b0a824bdbbc
2026-09-22 14:55:33.391 | INFO     | steering_lite.benchmark.cache:cached:37 - cache miss judge-request 512bbe8e2f58
2026-09-22 14:55:33.391 | INFO     | steering_lite.benchmark.cache:cached:37 - cache miss judge-request 47632b6f5b36
2026-09-22 14:55:33.401 | INFO     | steering_lite.benchmark.cache:cached:37 - cache miss judge-request 42a5c7f8d3aa
2026-09-22 14:55:33.420 | INFO     | steering_lite.benchmark.cache:cached:37 - cache miss judge-request b4b2c19ea49e
2026-09-22 14:55:33.469 | INFO     | steering_lite.benchmark.cache:cached:37 - cache miss judge-request 970f00bc0912
2026-09-22 14:55:33.488 | INFO     | steering_lite.benchmark.cache:cached:37 - cache miss judge-request 9d0736eaecb0
2026-09-22 14:55:33.501 | INFO     | steering_lite.benchmark.cache:cached:37 - cache miss judge-request 893f0b443528
2026-09-22 14:55:33.516 | INFO     | steering_lite.benchmark.cache:cached:37 - cache miss judge-request dbbc41e6a4c9
2026-09-22 14:55:33.528 | INFO     | steering_lite.benchmark.cache:cached:37 - cache miss judge-request c1c97d30b217
2026-09-22 14:55:33.537 | INFO     | steering_lite.benchmark.cache:cached:37 - cache miss judge-request 8db94573871e
2026-09-22 14:55:33.621 | INFO     | steering_lite.benchmark.cache:cached:37 - cache miss judge-request 4ea17f53f0a1
2026-09-22 14:55:33.628 | INFO     | steering_lite.benchmark.cache:cached:37 - cache miss judge-request 381b32c4f097
2026-09-22 14:55:33.652 | INFO     | steering_lite.benchmark.cache:cached:37 - cache miss judge-request 715b5f20b0e0
2026-09-22 14:55:33.660 | INFO     | steering_lite.benchmark.cache:cached:37 - cache miss judge-request 4724850354b9
2026-09-22 14:55:33.689 | INFO     | steering_lite.benchmark.cache:cached:37 - cache miss judge-request 4e5dcf469e26
2026-09-22 14:55:33.689 | INFO     | steering_lite.benchmark.cache:cached:37 - cache miss judge-request 8f45ebadc859
2026-09-22 14:55:33.779 | INFO     | steering_lite.benchmark.cache:cached:37 - cache miss judge-request 33f3539a7be2
2026-09-22 14:55:33.792 | INFO     | steering_lite.benchmark.cache:cached:37 - cache miss judge-request c8a284a1cb70
2026-09-22 14:55:33.797 | INFO     | steering_lite.benchmark.cache:cached:37 - cache miss judge-request b8f3d83ef7a1
2026-09-22 14:55:33.816 | INFO     | steering_lite.benchmark.cache:cached:37 - cache miss judge-request a634292b5dea
2026-09-22 14:55:33.824 | INFO     | steering_lite.benchmark.cache:cached:37 - cache miss judge-request a49819d0794e
2026-09-22 14:55:33.849 | INFO     | steering_lite.benchmark.cache:cached:37 - cache miss judge-request 0b808d656bf7
2026-09-22 14:55:33.913 | INFO     | steering_lite.benchmark.cache:cached:37 - cache miss judge-request ddc136a6a30c
2026-09-22 14:55:33.919 | INFO     | steering_lite.benchmark.cache:cached:37 - cache miss judge-request 20d89f2c9e58
2026-09-22 14:55:33.940 | INFO     | steering_lite.benchmark.cache:cached:37 - cache miss judge-request 73dfe7a274e6
2026-09-22 14:55:33.949 | INFO     | steering_lite.benchmark.cache:cached:37 - cache miss judge-request 5381431d8624
2026-09-22 14:55:33.974 | INFO     | steering_lite.benchmark.cache:cached:37 - cache miss judge-request 66dfbb862871
2026-09-22 14:55:33.977 | INFO     | steering_lite.benchmark.cache:cached:37 - cache miss judge-request b93109acc35b
2026-09-22 14:55:34.076 | INFO     | steering_lite.benchmark.cache:cached:37 - cache miss judge-request 7b05ef4f41d5
2026-09-22 14:55:34.079 | INFO     | steering_lite.benchmark.cache:cached:37 - cache miss judge-request 66a882581cc0
2026-09-22 14:55:34.093 | INFO     | steering_lite.benchmark.cache:cached:37 - cache miss judge-request f74788dd423c
2026-09-22 14:55:34.098 | INFO     | steering_lite.benchmark.cache:cached:37 - cache miss judge-request 4aa88d69353a
2026-09-22 14:55:34.112 | INFO     | steering_lite.benchmark.cache:cached:37 - cache miss judge-request a212494422fc
2026-09-22 14:55:34.119 | INFO     | steering_lite.benchmark.cache:cached:37 - cache miss judge-request c69c4c87086b
2026-09-22 14:55:34.206 | INFO     | steering_lite.benchmark.cache:cached:37 - cache miss judge-request 43fd0359239c
2026-09-22 14:55:34.224 | INFO     | steering_lite.benchmark.cache:cached:37 - cache miss judge-request 46fb8f38d848
2026-09-22 14:55:34.233 | INFO     | steering_lite.benchmark.cache:cached:37 - cache miss judge-request 082d4fd7e0a0
2026-09-22 14:55:34.239 | INFO     | steering_lite.benchmark.cache:cached:37 - cache miss judge-request ffe6a2a5239a
2026-09-22 14:55:34.246 | INFO     | steering_lite.benchmark.cache:cached:37 - cache miss judge-request f8de01912d7a
2026-09-22 14:55:34.269 | INFO     | steering_lite.benchmark.cache:cached:37 - cache miss judge-request 65cf109caad1
2026-09-22 14:55:34.356 | INFO     | steering_lite.benchmark.cache:cached:37 - cache miss judge-request 3a384af6d329
2026-09-22 14:55:34.377 | INFO     | steering_lite.benchmark.cache:cached:37 - cache miss judge-request 7b237ab66b52
2026-09-22 14:55:34.382 | INFO     | steering_lite.benchmark.cache:cached:37 - cache miss judge-request 511b8830d7ec
2026-09-22 14:55:34.397 | INFO     | steering_lite.benchmark.cache:cached:37 - cache miss judge-request 7a8436343849
2026-09-22 14:55:34.403 | INFO     | steering_lite.benchmark.cache:cached:37 - cache miss judge-request d5a5b087dabe
2026-09-22 14:55:34.428 | INFO     | steering_lite.benchmark.cache:cached:37 - cache miss judge-request a53761c302fe
2026-09-22 14:55:34.511 | INFO     | steering_lite.benchmark.cache:cached:37 - cache miss judge-request e3a52b09afcf
2026-09-22 14:55:34.513 | INFO     | steering_lite.benchmark.cache:cached:37 - cache miss judge-request 4b4eabe0a59e
2026-09-22 14:55:34.516 | INFO     | steering_lite.benchmark.cache:cached:37 - cache miss judge-request b174ffcf5647
2026-09-22 14:55:34.543 | INFO     | steering_lite.benchmark.cache:cached:37 - cache miss judge-request 1049414d42aa
2026-09-22 14:55:34.546 | INFO     | steering_lite.benchmark.cache:cached:37 - cache miss judge-request 83d7851f9a87
2026-09-22 14:55:34.570 | INFO     | steering_lite.benchmark.cache:cached:37 - cache miss judge-request 9b97a733fab7
2026-09-22 14:55:34.666 | INFO     | steering_lite.benchmark.cache:cached:37 - cache miss judge-request c9b9781c0553
2026-09-22 14:55:34.679 | INFO     | steering_lite.benchmark.cache:cached:37 - cache miss judge-request 4b282a1c2464
2026-09-22 14:55:34.707 | INFO     | steering_lite.benchmark.cache:cached:37 - cache miss judge-request 04c760dd3057
2026-09-22 14:55:34.707 | INFO     | steering_lite.benchmark.cache:cached:37 - cache miss judge-request c72feed74ef8
2026-09-22 14:55:34.709 | INFO     | steering_lite.benchmark.cache:cached:37 - cache miss judge-request 01fe039364bf
2026-09-22 14:55:34.731 | INFO     | steering_lite.benchmark.cache:cached:37 - cache miss judge-request 47e031c327c1
2026-09-22 14:55:34.843 | INFO     | steering_lite.benchmark.cache:cached:37 - cache miss judge-request 379eaceaa509
2026-09-22 14:55:34.846 | INFO     | steering_lite.benchmark.cache:cached:37 - cache miss judge-request f67f48cddaea
2026-09-22 14:55:34.865 | INFO     | steering_lite.benchmark.cache:cached:37 - cache miss judge-request a54b60ba9f98
2026-09-22 14:55:34.872 | INFO     | steering_lite.benchmark.cache:cached:37 - cache miss judge-request d6e2f31576ba
2026-09-22 14:55:34.878 | INFO     | steering_lite.benchmark.cache:cached:37 - cache miss judge-request b38149c6bfb4
2026-09-22 14:55:34.904 | INFO     | steering_lite.benchmark.cache:cached:37 - cache miss judge-request 31a02403eab8
2026-09-22 14:55:34.985 | INFO     | steering_lite.benchmark.cache:cached:37 - cache miss judge-request 9a2eedc82e95
2026-09-22 14:55:35.002 | INFO     | steering_lite.benchmark.cache:cached:37 - cache miss judge-request 1423419dd33c
2026-09-22 14:55:35.003 | INFO     | steering_lite.benchmark.cache:cached:37 - cache miss judge-request bd356b045ed9
2026-09-22 14:55:35.023 | INFO     | steering_lite.benchmark.cache:cached:37 - cache miss judge-request 28409d42332e
2026-09-22 14:55:35.023 | INFO     | steering_lite.benchmark.cache:cached:37 - cache miss judge-request 062296e944a4
2026-09-22 14:55:35.059 | INFO     | steering_lite.benchmark.cache:cached:37 - cache miss judge-request 9b430bba4b99
2026-09-22 14:55:35.164 | INFO     | steering_lite.benchmark.cache:cached:37 - cache miss judge-request fca3feabcfc0
2026-09-22 14:55:35.167 | INFO     | steering_lite.benchmark.cache:cached:37 - cache miss judge-request 4cf05cfbbfa1
2026-09-22 14:55:35.176 | INFO     | steering_lite.benchmark.cache:cached:37 - cache miss judge-request 207d32b01dfe
2026-09-22 14:55:35.178 | INFO     | steering_lite.benchmark.cache:cached:37 - cache miss judge-request e50262589107
2026-09-22 14:55:35.192 | INFO     | steering_lite.benchmark.cache:cached:37 - cache miss judge-request 9dee2155635f
2026-09-22 14:55:35.229 | INFO     | steering_lite.benchmark.cache:cached:37 - cache miss judge-request c3e2f61a7290
2026-09-22 14:55:35.304 | INFO     | steering_lite.benchmark.cache:cached:37 - cache miss judge-request 75d463deb241
2026-09-22 14:55:35.317 | INFO     | steering_lite.benchmark.cache:cached:37 - cache miss judge-request 7c1cb1bcfe3a
2026-09-22 14:55:35.327 | INFO     | steering_lite.benchmark.cache:cached:37 - cache miss judge-request 0d48b98ff454
2026-09-22 14:55:35.327 | INFO     | steering_lite.benchmark.cache:cached:37 - cache miss judge-request 47f4aa24f24b
2026-09-22 14:55:35.329 | INFO     | steering_lite.benchmark.cache:cached:37 - cache miss judge-request 7087c7d8bb75
2026-09-22 14:55:35.390 | INFO     | steering_lite.benchmark.cache:cached:37 - cache miss judge-request 81131f5ea8cf
2026-09-22 14:55:35.452 | INFO     | steering_lite.benchmark.cache:cached:37 - cache miss judge-request dd083d06c879
2026-09-22 14:55:35.452 | INFO     | steering_lite.benchmark.cache:cached:37 - cache miss judge-request c3b361e3ed93
2026-09-22 14:55:35.452 | INFO     | steering_lite.benchmark.cache:cached:37 - cache miss judge-request 5c7939eda59a
2026-09-22 14:55:35.469 | INFO     | steering_lite.benchmark.cache:cached:37 - cache miss judge-request c9d6c50837e2
2026-09-22 14:55:35.475 | INFO     | steering_lite.benchmark.cache:cached:37 - cache miss judge-request b65c442877ae
2026-09-22 14:55:35.522 | INFO     | steering_lite.benchmark.cache:cached:37 - cache miss judge-request a5bc4cbc9429
2026-09-22 14:55:35.581 | INFO     | steering_lite.benchmark.cache:cached:37 - cache miss judge-request e11c27cdd3ae
2026-09-22 14:55:35.586 | INFO     | steering_lite.benchmark.cache:cached:37 - cache miss judge-request 04f5139d3f3d
2026-09-22 14:55:35.592 | INFO     | steering_lite.benchmark.cache:cached:37 - cache miss judge-request 1db3d0ea9b9d
2026-09-22 14:55:35.615 | INFO     | steering_lite.benchmark.cache:cached:37 - cache miss judge-request 6228ad28a434
2026-09-22 14:55:35.616 | INFO     | steering_lite.benchmark.cache:cached:37 - cache miss judge-request 73c09fc42d91
2026-09-22 14:55:35.674 | INFO     | steering_lite.benchmark.cache:cached:37 - cache miss judge-request 17c07638505f
2026-09-22 14:55:35.685 | INFO     | steering_lite.benchmark.cache:cached:37 - cache miss judge-request 1518766cdaf5
2026-09-22 14:55:35.730 | INFO     | steering_lite.benchmark.cache:cached:37 - cache miss judge-request 104171e3a862
2026-09-22 14:55:35.740 | INFO     | steering_lite.benchmark.cache:cached:37 - cache miss judge-request 5e19dde5906d
2026-09-22 14:55:35.746 | INFO     | steering_lite.benchmark.cache:cached:37 - cache miss judge-request c07400faf0a3
2026-09-22 14:55:35.752 | INFO     | steering_lite.benchmark.cache:cached:37 - cache miss judge-request 6f3b59072f16
2026-09-22 14:55:35.802 | INFO     | steering_lite.benchmark.cache:cached:37 - cache miss judge-request 650a9cc1dabb
2026-09-22 14:55:35.814 | INFO     | steering_lite.benchmark.cache:cached:37 - cache miss judge-request b65f7305c750
2026-09-22 14:55:35.857 | INFO     | steering_lite.benchmark.cache:cached:37 - cache miss judge-request de2a72efaa82
2026-09-22 14:55:35.872 | INFO     | steering_lite.benchmark.cache:cached:37 - cache miss judge-request 625056abf6c9
2026-09-22 14:55:35.878 | INFO     | steering_lite.benchmark.cache:cached:37 - cache miss judge-request 4fb86912f541
2026-09-22 14:55:35.885 | INFO     | steering_lite.benchmark.cache:cached:37 - cache miss judge-request e96508d0fa70
2026-09-22 14:55:35.929 | INFO     | steering_lite.benchmark.cache:cached:37 - cache miss judge-request 462e1acb5acc
2026-09-22 14:55:35.951 | INFO     | steering_lite.benchmark.cache:cached:37 - cache miss judge-request 9f4cf397b275
2026-09-22 14:55:36.006 | INFO     | steering_lite.benchmark.cache:cached:37 - cache miss judge-request 918fb7cd6dcd
2026-09-22 14:55:36.021 | INFO     | steering_lite.benchmark.cache:cached:37 - cache miss judge-request 8a39e90bf693
2026-09-22 14:55:36.032 | INFO     | steering_lite.benchmark.cache:cached:37 - cache miss judge-request 51ce3fe269c5
2026-09-22 14:55:36.044 | INFO     | steering_lite.benchmark.cache:cached:37 - cache miss judge-request bcd97d1f3c84
2026-09-22 14:55:36.069 | INFO     | steering_lite.benchmark.cache:cached:37 - cache miss judge-request 1ea48374200e
2026-09-22 14:55:36.096 | INFO     | steering_lite.benchmark.cache:cached:37 - cache miss judge-request 17875a722e32
2026-09-22 14:55:36.116 | INFO     | steering_lite.benchmark.cache:cached:37 - cache miss judge-request 31cfca80cbd0
2026-09-22 14:55:36.160 | INFO     | steering_lite.benchmark.cache:cached:37 - cache miss judge-request f6f4b716c2a1
2026-09-22 14:55:36.160 | INFO     | steering_lite.benchmark.cache:cached:37 - cache miss judge-request 917a3fe587ff
2026-09-22 14:55:36.184 | INFO     | steering_lite.benchmark.cache:cached:37 - cache miss judge-request 95ca228897e0
2026-09-22 14:55:36.209 | INFO     | steering_lite.benchmark.cache:cached:37 - cache miss judge-request 114bc05d4aaf
2026-09-22 14:55:36.220 | INFO     | steering_lite.benchmark.cache:cached:37 - cache miss judge-request 62c9bddc3ddc
2026-09-22 14:55:36.249 | INFO     | steering_lite.benchmark.cache:cached:37 - cache miss judge-request 06c7220d96dd
2026-09-22 14:55:36.313 | INFO     | steering_lite.benchmark.cache:cached:37 - cache miss judge-request b3d710ab096e
2026-09-22 14:55:36.321 | INFO     | steering_lite.benchmark.cache:cached:37 - cache miss judge-request 682fe6667331
2026-09-22 14:55:36.340 | INFO     | steering_lite.benchmark.cache:cached:37 - cache miss judge-request f57b6c5bd4b5
2026-09-22 14:55:36.347 | INFO     | steering_lite.benchmark.cache:cached:37 - cache miss judge-request 06fd5c5c7288
2026-09-22 14:55:36.353 | INFO     | steering_lite.benchmark.cache:cached:37 - cache miss judge-request 0d327cd02fd9
2026-09-22 14:55:36.402 | INFO     | steering_lite.benchmark.cache:cached:37 - cache miss judge-request 14cdacc512ec
2026-09-22 14:55:36.456 | INFO     | steering_lite.benchmark.cache:cached:37 - cache miss judge-request 7c60119f1f25
2026-09-22 14:55:36.497 | INFO     | steering_lite.benchmark.cache:cached:37 - cache miss judge-request fe7b1134b333
2026-09-22 14:55:36.497 | INFO     | steering_lite.benchmark.cache:cached:37 - cache miss judge-request 27d0a2596bc0
2026-09-22 14:55:36.517 | INFO     | steering_lite.benchmark.cache:cached:37 - cache miss judge-request ec90c73e9c85
2026-09-22 14:55:36.535 | INFO     | steering_lite.benchmark.cache:cached:37 - cache miss judge-request 422dab621a2e
2026-09-22 14:55:36.564 | INFO     | steering_lite.benchmark.cache:cached:37 - cache miss judge-request ae1924c29f05
2026-09-22 14:55:36.628 | INFO     | steering_lite.benchmark.cache:cached:37 - cache miss judge-request bbde46539b10
2026-09-22 14:55:36.634 | INFO     | steering_lite.benchmark.cache:cached:37 - cache miss judge-request 88160b1cb3dc
2026-09-22 14:55:36.645 | INFO     | steering_lite.benchmark.cache:cached:37 - cache miss judge-request 96464fe8f5cc
2026-09-22 14:55:36.657 | INFO     | steering_lite.benchmark.cache:cached:37 - cache miss judge-request 182c2d2ac7ce
2026-09-22 14:55:36.685 | INFO     | steering_lite.benchmark.cache:cached:37 - cache miss judge-request fc2b65b9eb07
2026-09-22 14:55:36.725 | INFO     | steering_lite.benchmark.cache:cached:37 - cache miss judge-request 5f717d90a43a
2026-09-22 14:55:36.793 | INFO     | steering_lite.benchmark.cache:cached:37 - cache miss judge-request ccef192ec83e
2026-09-22 14:55:36.805 | INFO     | steering_lite.benchmark.cache:cached:37 - cache miss judge-request 181daf78b47f
2026-09-22 14:55:36.811 | INFO     | steering_lite.benchmark.cache:cached:37 - cache miss judge-request 8c2cee0b9321
2026-09-22 14:55:36.827 | INFO     | steering_lite.benchmark.cache:cached:37 - cache miss judge-request 922cf364048f
2026-09-22 14:55:36.848 | INFO     | steering_lite.benchmark.cache:cached:37 - cache miss judge-request 4a8ebbb72b0a
2026-09-22 14:55:36.905 | INFO     | steering_lite.benchmark.cache:cached:37 - cache miss judge-request 685903c0aef5
2026-09-22 14:55:36.928 | INFO     | steering_lite.benchmark.cache:cached:37 - cache miss judge-request 7fddb1bbde1a
2026-09-22 14:55:36.944 | INFO     | steering_lite.benchmark.cache:cached:37 - cache miss judge-request 717bd4c8ac90
2026-09-22 14:55:36.956 | INFO     | steering_lite.benchmark.cache:cached:37 - cache miss judge-request a1b652fda45a
2026-09-22 14:55:36.963 | INFO     | steering_lite.benchmark.cache:cached:37 - cache miss judge-request 2925e5624a61
2026-09-22 14:55:36.989 | INFO     | steering_lite.benchmark.cache:cached:37 - cache miss judge-request 7513197651d0
2026-09-22 14:55:37.054 | INFO     | steering_lite.benchmark.cache:cached:37 - cache miss judge-request 1111f881eafd
2026-09-22 14:55:37.073 | INFO     | steering_lite.benchmark.cache:cached:37 - cache miss judge-request 088b211e88b5
2026-09-22 14:55:37.078 | INFO     | steering_lite.benchmark.cache:cached:37 - cache miss judge-request 7caa30624055
2026-09-22 14:55:37.093 | INFO     | steering_lite.benchmark.cache:cached:37 - cache miss judge-request dbcc49cb19db
2026-09-22 14:55:37.107 | INFO     | steering_lite.benchmark.cache:cached:37 - cache miss judge-request 132cd84ccfb7
2026-09-22 14:55:37.136 | INFO     | steering_lite.benchmark.cache:cached:37 - cache miss judge-request 72b976edbbd6
2026-09-22 14:55:37.214 | INFO     | steering_lite.benchmark.cache:cached:37 - cache miss judge-request 8532321b4bba
2026-09-22 14:55:37.230 | INFO     | steering_lite.benchmark.cache:cached:37 - cache miss judge-request 0b72e115b5ce
2026-09-22 14:55:37.249 | INFO     | steering_lite.benchmark.cache:cached:37 - cache miss judge-request 9c9c06c610ab
2026-09-22 14:55:37.255 | INFO     | steering_lite.benchmark.cache:cached:37 - cache miss judge-request 72240c42d00b
2026-09-22 14:55:37.277 | INFO     | steering_lite.benchmark.cache:cached:37 - cache miss judge-request 1f9131fdcc5e
2026-09-22 14:55:37.342 | INFO     | steering_lite.benchmark.cache:cached:37 - cache miss judge-request 4b567bad20ca
2026-09-22 14:55:37.401 | INFO     | steering_lite.benchmark.cache:cached:37 - cache miss judge-request 43bf78945a39
2026-09-22 14:55:37.414 | INFO     | steering_lite.benchmark.cache:cached:37 - cache miss judge-request 065834ca3b95
2026-09-22 14:55:37.422 | INFO     | steering_lite.benchmark.cache:cached:37 - cache miss judge-request f218c11427f2
2026-09-22 14:55:37.435 | INFO     | steering_lite.benchmark.cache:cached:37 - cache miss judge-request c736a36fb5fc
2026-09-22 14:55:37.448 | INFO     | steering_lite.benchmark.cache:cached:37 - cache miss judge-request 995c161d8a40
2026-09-22 14:55:37.508 | INFO     | steering_lite.benchmark.cache:cached:37 - cache miss judge-request 3ccde5d4cce4
2026-09-22 14:55:37.562 | INFO     | steering_lite.benchmark.cache:cached:37 - cache miss judge-request 96f1c4476c78
2026-09-22 14:55:37.563 | INFO     | steering_lite.benchmark.cache:cached:37 - cache miss judge-request 18c4672a4edd
2026-09-22 14:55:37.580 | INFO     | steering_lite.benchmark.cache:cached:37 - cache miss judge-request 548bd4f3efa3
2026-09-22 14:55:37.584 | INFO     | steering_lite.benchmark.cache:cached:37 - cache miss judge-request 101853da49de
2026-09-22 14:55:37.603 | INFO     | steering_lite.benchmark.cache:cached:37 - cache miss judge-request 84d2fac1de31
2026-09-22 14:55:37.662 | INFO     | steering_lite.benchmark.cache:cached:37 - cache miss judge-request 1ce5a4ba2202
2026-09-22 14:55:37.714 | INFO     | steering_lite.benchmark.cache:cached:37 - cache miss judge-request 946d931fc4d1
2026-09-22 14:55:37.715 | INFO     | steering_lite.benchmark.cache:cached:37 - cache miss judge-request ddb9b5b22f15
2026-09-22 14:55:37.728 | INFO     | steering_lite.benchmark.cache:cached:37 - cache miss judge-request 131651299979
2026-09-22 14:55:37.735 | INFO     | steering_lite.benchmark.cache:cached:37 - cache miss judge-request 4461c4a5eb8b
2026-09-22 14:55:37.767 | INFO     | steering_lite.benchmark.cache:cached:37 - cache miss judge-request b4e014874d2f
2026-09-22 14:55:37.815 | INFO     | steering_lite.benchmark.cache:cached:37 - cache miss judge-request f58fca7b2b1e
2026-09-22 14:55:37.874 | INFO     | steering_lite.benchmark.cache:cached:37 - cache miss judge-request c4ee486d513b
2026-09-22 14:55:37.880 | INFO     | steering_lite.benchmark.cache:cached:37 - cache miss judge-request 026e0715d838
2026-09-22 14:55:37.882 | INFO     | steering_lite.benchmark.cache:cached:37 - cache miss judge-request 8e0fff6e9022
2026-09-22 14:55:37.905 | INFO     | steering_lite.benchmark.cache:cached:37 - cache miss judge-request 1d6cdbec2e38
2026-09-22 14:55:37.931 | INFO     | steering_lite.benchmark.cache:cached:37 - cache miss judge-request b2cf380b0150
2026-09-22 14:55:37.978 | INFO     | steering_lite.benchmark.cache:cached:37 - cache miss judge-request b03258261e94
2026-09-22 14:55:38.015 | INFO     | steering_lite.benchmark.cache:cached:37 - cache miss judge-request e18b20db9c4d
2026-09-22 14:55:38.016 | INFO     | steering_lite.benchmark.cache:cached:37 - cache miss judge-request 38193fc4b5d2
2026-09-22 14:55:38.040 | INFO     | steering_lite.benchmark.cache:cached:37 - cache miss judge-request 39410212efb3
2026-09-22 14:55:38.059 | INFO     | steering_lite.benchmark.cache:cached:37 - cache miss judge-request f3612451d313
2026-09-22 14:55:38.094 | INFO     | steering_lite.benchmark.cache:cached:37 - cache miss judge-request bb6a96ae0887
2026-09-22 14:55:38.156 | INFO     | steering_lite.benchmark.cache:cached:37 - cache miss judge-request 6e25f289d76d
2026-09-22 14:55:38.186 | INFO     | steering_lite.benchmark.cache:cached:37 - cache miss judge-request 21244f0ce1dc
2026-09-22 14:55:38.187 | INFO     | steering_lite.benchmark.cache:cached:37 - cache miss judge-request 6728aa74ec7a
2026-09-22 14:55:38.223 | INFO     | steering_lite.benchmark.cache:cached:37 - cache miss judge-request 48a13a6b5297
2026-09-22 14:55:38.237 | INFO     | steering_lite.benchmark.cache:cached:37 - cache miss judge-request 1fd082d073ab
2026-09-22 14:55:38.252 | INFO     | steering_lite.benchmark.cache:cached:37 - cache miss judge-request 6a1009c94200
2026-09-22 14:55:38.331 | INFO     | steering_lite.benchmark.cache:cached:37 - cache miss judge-request f5a8039f1c6e
2026-09-22 14:55:38.332 | INFO     | steering_lite.benchmark.cache:cached:37 - cache miss judge-request 1064b7df8fad
2026-09-22 14:55:38.362 | INFO     | steering_lite.benchmark.cache:cached:37 - cache miss judge-request 1ee371d2c1b9
2026-09-22 14:55:38.389 | INFO     | steering_lite.benchmark.cache:cached:37 - cache miss judge-request 81ba4ae77eba
2026-09-22 14:55:38.390 | INFO     | steering_lite.benchmark.cache:cached:37 - cache miss judge-request 68588331b384
2026-09-22 14:55:38.402 | INFO     | steering_lite.benchmark.cache:cached:37 - cache miss judge-request 7b3980c77dcd
2026-09-22 14:55:38.518 | INFO     | steering_lite.benchmark.cache:cached:37 - cache miss judge-request 8cd6d673f3fc
2026-09-22 14:55:38.533 | INFO     | steering_lite.benchmark.cache:cached:37 - cache miss judge-request e6c38aecac7c
2026-09-22 14:55:38.546 | INFO     | steering_lite.benchmark.cache:cached:37 - cache miss judge-request e5d23eedbf34
2026-09-22 14:55:38.575 | INFO     | steering_lite.benchmark.cache:cached:37 - cache miss judge-request 5d94b03083dd
2026-09-22 14:55:38.582 | INFO     | steering_lite.benchmark.cache:cached:37 - cache miss judge-request f164debb5a9c
2026-09-22 14:55:38.589 | INFO     | steering_lite.benchmark.cache:cached:37 - cache miss judge-request 56d3d6cb0af7
2026-09-22 14:55:38.690 | INFO     | steering_lite.benchmark.cache:cached:37 - cache miss judge-request 310c8941d6ac
2026-09-22 14:55:38.696 | INFO     | steering_lite.benchmark.cache:cached:37 - cache miss judge-request ec47b18a0821
2026-09-22 14:55:38.729 | INFO     | steering_lite.benchmark.cache:cached:37 - cache miss judge-request e4f8de7859a9
2026-09-22 14:55:38.743 | INFO     | steering_lite.benchmark.cache:cached:37 - cache miss judge-request 44e6a32bba9f
2026-09-22 14:55:38.772 | INFO     | steering_lite.benchmark.cache:cached:37 - cache miss judge-request 998959135538
2026-09-22 14:55:38.779 | INFO     | steering_lite.benchmark.cache:cached:37 - cache miss judge-request a6aa544bd3ca
2026-09-22 14:55:38.889 | INFO     | steering_lite.benchmark.cache:cached:37 - cache miss judge-request 55c44a746a60
2026-09-22 14:55:38.893 | INFO     | steering_lite.benchmark.cache:cached:37 - cache miss judge-request 4595ddbe1cf8
2026-09-22 14:55:38.914 | INFO     | steering_lite.benchmark.cache:cached:37 - cache miss judge-request d418db414bff
2026-09-22 14:55:38.928 | INFO     | steering_lite.benchmark.cache:cached:37 - cache miss judge-request d5fa47a8f7a4
2026-09-22 14:55:38.936 | INFO     | steering_lite.benchmark.cache:cached:37 - cache miss judge-request 391224c1766a
2026-09-22 14:55:38.957 | INFO     | steering_lite.benchmark.cache:cached:37 - cache miss judge-request 51f782314020
2026-09-22 14:55:39.086 | INFO     | steering_lite.benchmark.cache:cached:37 - cache miss judge-request 33cc0c329f54
2026-09-22 14:55:39.089 | INFO     | steering_lite.benchmark.cache:cached:37 - cache miss judge-request b929a53c1381
2026-09-22 14:55:39.113 | INFO     | steering_lite.benchmark.cache:cached:37 - cache miss judge-request d82af6b576f8
2026-09-22 14:55:39.127 | INFO     | steering_lite.benchmark.cache:cached:37 - cache miss judge-request f7ce862c11cd
2026-09-22 14:55:39.178 | INFO     | steering_lite.benchmark.cache:cached:37 - cache miss judge-request 1e465ffee3d3
2026-09-22 14:55:39.182 | INFO     | steering_lite.benchmark.cache:cached:37 - cache miss judge-request 8bbfd5527285
2026-09-22 14:55:39.286 | INFO     | steering_lite.benchmark.cache:cached:37 - cache miss judge-request 18fcbb1e3327
2026-09-22 14:55:39.286 | INFO     | steering_lite.benchmark.cache:cached:37 - cache miss judge-request b0be714a6ceb
2026-09-22 14:55:39.305 | INFO     | steering_lite.benchmark.cache:cached:37 - cache miss judge-request c56adc4a6b65
2026-09-22 14:55:39.322 | INFO     | steering_lite.benchmark.cache:cached:37 - cache miss judge-request 92d27c796d62
2026-09-22 14:55:39.464 | INFO     | steering_lite.benchmark.cache:cached:37 - cache miss judge-request 7eba1ac5c592
2026-09-22 14:55:39.477 | INFO     | steering_lite.benchmark.cache:cached:37 - cache miss judge-request 652dee8306e5
2026-09-22 14:55:39.620 | INFO     | steering_lite.benchmark.cache:cached:37 - cache miss judge-request bff0b513733b
2026-09-22 14:55:39.655 | INFO     | steering_lite.benchmark.cache:cached:37 - cache miss judge-request 43e696724c82
2026-09-22 14:55:39.692 | INFO     | steering_lite.benchmark.cache:cached:37 - cache miss judge-request a71a0fe16fd5
2026-09-22 14:55:39.749 | INFO     | steering_lite.benchmark.cache:cached:37 - cache miss judge-request 6ed1ecb9952b
2026-09-22 14:55:39.805 | INFO     | steering_lite.benchmark.cache:cached:37 - cache miss judge-request 93b037fdc8d9
2026-09-22 14:55:39.823 | INFO     | steering_lite.benchmark.cache:cached:37 - cache miss judge-request b834418f6ba7
2026-09-22 14:55:39.915 | INFO     | steering_lite.benchmark.cache:cached:37 - cache miss judge-request d45c9831b21a
2026-09-22 14:55:39.963 | INFO     | steering_lite.benchmark.cache:cached:37 - cache miss judge-request 82ed1a199414
2026-09-22 14:55:40.015 | INFO     | steering_lite.benchmark.cache:cached:37 - cache miss judge-request 5c636298f476
2026-09-22 14:55:40.030 | INFO     | steering_lite.benchmark.cache:cached:37 - cache miss judge-request 65746aefb8b1
2026-09-22 14:55:40.054 | INFO     | steering_lite.benchmark.cache:cached:37 - cache miss judge-request d3a1f0a53eee
2026-09-22 14:55:40.063 | INFO     | steering_lite.benchmark.cache:cached:37 - cache miss judge-request 18017825ec6c
2026-09-22 14:55:40.124 | INFO     | steering_lite.benchmark.cache:cached:37 - cache miss judge-request 6c622659be79
2026-09-22 14:55:40.143 | INFO     | steering_lite.benchmark.cache:cached:37 - cache miss judge-request 404dd53ba4d0
2026-09-22 14:55:40.176 | INFO     | steering_lite.benchmark.cache:cached:37 - cache miss judge-request 29c18a9aa1e3
2026-09-22 14:55:40.183 | INFO     | steering_lite.benchmark.cache:cached:37 - cache miss judge-request 69518f192f7c
2026-09-22 14:55:40.204 | INFO     | steering_lite.benchmark.cache:cached:37 - cache miss judge-request b0566abd7af2
2026-09-22 14:55:40.233 | INFO     | steering_lite.benchmark.cache:cached:37 - cache miss judge-request d696a2d9b8cf
2026-09-22 14:55:40.291 | INFO     | steering_lite.benchmark.cache:cached:37 - cache miss judge-request 0895d1f9f38f
2026-09-22 14:55:40.318 | INFO     | steering_lite.benchmark.cache:cached:37 - cache miss judge-request ecabf350d99b
2026-09-22 14:55:40.340 | INFO     | steering_lite.benchmark.cache:cached:37 - cache miss judge-request 94d450821ad5
2026-09-22 14:55:40.347 | INFO     | steering_lite.benchmark.cache:cached:37 - cache miss judge-request a6126301e69e
2026-09-22 14:55:40.362 | INFO     | steering_lite.benchmark.cache:cached:37 - cache miss judge-request 6f4d41f90502
2026-09-22 14:55:40.411 | INFO     | steering_lite.benchmark.cache:cached:37 - cache miss judge-request 76b4c3b39db3
2026-09-22 14:55:40.485 | INFO     | steering_lite.benchmark.cache:cached:37 - cache miss judge-request c5e5b0f30e6f
2026-09-22 14:55:40.515 | INFO     | steering_lite.benchmark.cache:cached:37 - cache miss judge-request eff5bcf72128
2026-09-22 14:55:40.527 | INFO     | steering_lite.benchmark.cache:cached:37 - cache miss judge-request b068bb6cc6e8
2026-09-22 14:55:40.528 | INFO     | steering_lite.benchmark.cache:cached:37 - cache miss judge-request 8f6f5956899a
2026-09-22 14:55:40.558 | INFO     | steering_lite.benchmark.cache:cached:37 - cache miss judge-request 0342998a1435
2026-09-22 14:55:40.625 | INFO     | steering_lite.benchmark.cache:cached:37 - cache miss judge-request 987ecdf8cc9b
2026-09-22 14:55:40.711 | INFO     | steering_lite.benchmark.cache:cached:37 - cache miss judge-request bbb15d9d5889
2026-09-22 14:55:40.713 | INFO     | steering_lite.benchmark.cache:cached:37 - cache miss judge-request d70dd38f8296
2026-09-22 14:55:40.738 | INFO     | steering_lite.benchmark.cache:cached:37 - cache miss judge-request e151e038026c
2026-09-22 14:55:40.740 | INFO     | steering_lite.benchmark.cache:cached:37 - cache miss judge-request 1894efac138e
2026-09-22 14:55:40.764 | INFO     | steering_lite.benchmark.cache:cached:37 - cache miss judge-request 30a1a3804b5f
2026-09-22 14:55:40.841 | INFO     | steering_lite.benchmark.cache:cached:37 - cache miss judge-request 7f7c1e825613
2026-09-22 14:55:40.918 | INFO     | steering_lite.benchmark.cache:cached:37 - cache miss judge-request 2966e6acc063
2026-09-22 14:55:40.922 | INFO     | steering_lite.benchmark.cache:cached:37 - cache miss judge-request e80cdf031f8e
2026-09-22 14:55:40.940 | INFO     | steering_lite.benchmark.cache:cached:37 - cache miss judge-request d762f1454d6a
2026-09-22 14:55:40.968 | INFO     | steering_lite.benchmark.cache:cached:37 - cache miss judge-request fa501d925e30
2026-09-22 14:55:41.013 | INFO     | steering_lite.benchmark.cache:cached:37 - cache miss judge-request d3c44b6ebddc
2026-09-22 14:55:41.075 | INFO     | steering_lite.benchmark.cache:cached:37 - cache miss judge-request 3f398096477d
2026-09-22 14:55:41.150 | INFO     | steering_lite.benchmark.cache:cached:37 - cache miss judge-request 4b08089a0312
2026-09-22 14:55:41.177 | INFO     | steering_lite.benchmark.cache:cached:37 - cache miss judge-request 34e8bc8f7959
2026-09-22 14:55:41.222 | INFO     | steering_lite.benchmark.cache:cached:37 - cache miss judge-request 389cc8c8b024
2026-09-22 14:55:41.280 | INFO     | steering_lite.benchmark.cache:cached:37 - cache miss judge-request 37d23c225c30
2026-09-22 14:55:41.339 | INFO     | steering_lite.benchmark.cache:cached:37 - cache miss judge-request 07bfdd622f80
2026-09-22 14:55:41.370 | INFO     | steering_lite.benchmark.cache:cached:37 - cache miss judge-request d9ddc8941612
2026-09-22 14:55:41.447 | INFO     | steering_lite.benchmark.cache:cached:37 - cache miss judge-request d638be3512a0
2026-09-22 14:55:41.454 | INFO     | steering_lite.benchmark.cache:cached:37 - cache miss judge-request 19e35505faa0
2026-09-22 14:55:41.480 | INFO     | steering_lite.benchmark.cache:cached:37 - cache miss judge-request 481a9698b967
2026-09-22 14:55:41.484 | INFO     | steering_lite.benchmark.cache:cached:37 - cache miss judge-request af97a19d9669
2026-09-22 14:55:41.594 | INFO     | steering_lite.benchmark.cache:cached:37 - cache miss judge-request 569ce57691dd
2026-09-22 14:55:41.608 | INFO     | steering_lite.benchmark.cache:cached:37 - cache miss judge-request 85abe3bac45c
2026-09-22 14:55:41.713 | INFO     | steering_lite.benchmark.cache:cached:37 - cache miss judge-request 68083b30762e
2026-09-22 14:55:41.733 | INFO     | steering_lite.benchmark.cache:cached:37 - cache miss judge-request d05ab74ffa99
2026-09-22 14:55:41.736 | INFO     | steering_lite.benchmark.cache:cached:37 - cache miss judge-request 8ac6052b1bb2
2026-09-22 14:55:41.782 | INFO     | steering_lite.benchmark.cache:cached:37 - cache miss judge-request e491315bbeec
2026-09-22 14:55:41.863 | INFO     | steering_lite.benchmark.cache:cached:37 - cache miss judge-request 72649d1a0f2d
2026-09-22 14:55:41.873 | INFO     | steering_lite.benchmark.cache:cached:37 - cache miss judge-request a5036706ea7e
2026-09-22 14:55:41.949 | INFO     | steering_lite.benchmark.cache:cached:37 - cache miss judge-request 1315815ec6f7
2026-09-22 14:55:41.956 | INFO     | steering_lite.benchmark.cache:cached:37 - cache miss judge-request c7745c93a79f
2026-09-22 14:55:41.968 | INFO     | steering_lite.benchmark.cache:cached:37 - cache miss judge-request b1090ed30c1f
2026-09-22 14:55:42.001 | INFO     | steering_lite.benchmark.cache:cached:37 - cache miss judge-request ae705e59e6f3
2026-09-22 14:55:42.059 | INFO     | steering_lite.benchmark.cache:cached:37 - cache miss judge-request 675e8cd6dc50
2026-09-22 14:55:42.091 | INFO     | steering_lite.benchmark.cache:cached:37 - cache miss judge-request cba8d148093e
2026-09-22 14:55:42.148 | INFO     | steering_lite.benchmark.cache:cached:37 - cache miss judge-request 9eafe300507a
2026-09-22 14:55:42.157 | INFO     | steering_lite.benchmark.cache:cached:37 - cache miss judge-request d90a88f4fb3f
2026-09-22 14:55:42.192 | INFO     | steering_lite.benchmark.cache:cached:37 - cache miss judge-request 0bd742944b89
2026-09-22 14:55:42.257 | INFO     | steering_lite.benchmark.cache:cached:37 - cache miss judge-request 41175243bcb9
2026-09-22 14:55:42.320 | INFO     | steering_lite.benchmark.cache:cached:37 - cache miss judge-request 1777e3620da4
2026-09-22 14:55:42.335 | INFO     | steering_lite.benchmark.cache:cached:37 - cache miss judge-request 3f239259cf57
2026-09-22 14:55:42.387 | INFO     | steering_lite.benchmark.cache:cached:37 - cache miss judge-request 753326a14d06
2026-09-22 14:55:42.409 | INFO     | steering_lite.benchmark.cache:cached:37 - cache miss judge-request dc7588bdf882
2026-09-22 14:55:42.425 | INFO     | steering_lite.benchmark.cache:cached:37 - cache miss judge-request 70c57436f790
2026-09-22 14:55:42.507 | INFO     | steering_lite.benchmark.cache:cached:37 - cache miss judge-request d2c57447a35a
2026-09-22 14:55:42.595 | INFO     | steering_lite.benchmark.cache:cached:37 - cache miss judge-request 4f19d9f5e02e
2026-09-22 14:55:42.597 | INFO     | steering_lite.benchmark.cache:cached:37 - cache miss judge-request 501f97361dda
2026-09-22 14:55:42.671 | INFO     | steering_lite.benchmark.cache:cached:37 - cache miss judge-request c338fb316e5b
2026-09-22 14:55:42.677 | INFO     | steering_lite.benchmark.cache:cached:37 - cache miss judge-request 15693aff2d40
2026-09-22 14:55:42.677 | INFO     | steering_lite.benchmark.cache:cached:37 - cache miss judge-request adb8ae27c786
2026-09-22 14:55:42.760 | INFO     | steering_lite.benchmark.cache:cached:37 - cache miss judge-request 68c4307d56f0
2026-09-22 14:55:42.820 | INFO     | steering_lite.benchmark.cache:cached:37 - cache miss judge-request d200ee7a71bd
2026-09-22 14:55:42.836 | INFO     | steering_lite.benchmark.cache:cached:37 - cache miss judge-request 943b27d94c44
2026-09-22 14:55:42.889 | INFO     | steering_lite.benchmark.cache:cached:37 - cache miss judge-request 3cc4d66592ae
2026-09-22 14:55:42.897 | INFO     | steering_lite.benchmark.cache:cached:37 - cache miss judge-request becadfffb204
2026-09-22 14:55:42.911 | INFO     | steering_lite.benchmark.cache:cached:37 - cache miss judge-request 4fba69f001e0
2026-09-22 14:55:42.961 | INFO     | steering_lite.benchmark.cache:cached:37 - cache miss judge-request 7343bc6a564a
2026-09-22 14:55:42.995 | INFO     | steering_lite.benchmark.cache:cached:37 - cache miss judge-request 4a8449d784cf
2026-09-22 14:55:43.022 | INFO     | steering_lite.benchmark.cache:cached:37 - cache miss judge-request 03ce08aa8bc1
2026-09-22 14:55:43.096 | INFO     | steering_lite.benchmark.cache:cached:37 - cache miss judge-request 2249b50365a7
2026-09-22 14:55:43.112 | INFO     | steering_lite.benchmark.cache:cached:37 - cache miss judge-request 7da480ba8bb5
2026-09-22 14:55:43.139 | INFO     | steering_lite.benchmark.cache:cached:37 - cache miss judge-request 6c78dea67abf
2026-09-22 14:55:43.175 | INFO     | steering_lite.benchmark.cache:cached:37 - cache miss judge-request c571532a1264
2026-09-22 14:55:43.176 | INFO     | steering_lite.benchmark.cache:cached:37 - cache miss judge-request dfcbfb0bb346
2026-09-22 14:55:43.208 | INFO     | steering_lite.benchmark.cache:cached:37 - cache miss judge-request 86b9bba3df80
2026-09-22 14:55:43.293 | INFO     | steering_lite.benchmark.cache:cached:37 - cache miss judge-request 2f9aaabf3696
2026-09-22 14:55:43.305 | INFO     | steering_lite.benchmark.cache:cached:37 - cache miss judge-request 1f48deb65201
2026-09-22 14:55:43.329 | INFO     | steering_lite.benchmark.cache:cached:37 - cache miss judge-request 91368cb83017
2026-09-22 14:55:43.371 | INFO     | steering_lite.benchmark.cache:cached:37 - cache miss judge-request 23d85cc60be7
2026-09-22 14:55:43.371 | INFO     | steering_lite.benchmark.cache:cached:37 - cache miss judge-request 6d1f90bcdbfc
2026-09-22 14:55:43.405 | INFO     | steering_lite.benchmark.cache:cached:37 - cache miss judge-request 88aa9a2af0f5
2026-09-22 14:55:43.485 | INFO     | steering_lite.benchmark.cache:cached:37 - cache miss judge-request 69f7a310830b
2026-09-22 14:55:43.492 | INFO     | steering_lite.benchmark.cache:cached:37 - cache miss judge-request 2ec48a0f41f9
2026-09-22 14:55:43.494 | INFO     | steering_lite.benchmark.cache:cached:37 - cache miss judge-request 7127a430eff5
2026-09-22 14:55:43.571 | INFO     | steering_lite.benchmark.cache:cached:37 - cache miss judge-request c9b5101aa6e3
2026-09-22 14:55:43.573 | INFO     | steering_lite.benchmark.cache:cached:37 - cache miss judge-request 8d95f35b7101
2026-09-22 14:55:43.613 | INFO     | steering_lite.benchmark.cache:cached:37 - cache miss judge-request bc724b3411cf
2026-09-22 14:55:43.705 | INFO     | steering_lite.benchmark.cache:cached:37 - cache miss judge-request 7149740d5cec
2026-09-22 14:55:43.720 | INFO     | steering_lite.benchmark.cache:cached:37 - cache miss judge-request 6162dcfeeae5
2026-09-22 14:55:43.720 | INFO     | steering_lite.benchmark.cache:cached:37 - cache miss judge-request 49cbb55e8fe3
2026-09-22 14:55:43.773 | INFO     | steering_lite.benchmark.cache:cached:37 - cache miss judge-request 4df96413c437
2026-09-22 14:55:43.814 | INFO     | steering_lite.benchmark.cache:cached:37 - cache miss judge-request a76d195e7add
2026-09-22 14:55:43.829 | INFO     | steering_lite.benchmark.cache:cached:37 - cache miss judge-request 911e361a4df1
2026-09-22 14:55:43.917 | INFO     | steering_lite.benchmark.cache:cached:37 - cache miss judge-request 05ea6135230d
2026-09-22 14:55:43.918 | INFO     | steering_lite.benchmark.cache:cached:37 - cache miss judge-request 5635197fb92e
2026-09-22 14:55:43.954 | INFO     | steering_lite.benchmark.cache:cached:37 - cache miss judge-request 9fdeb920f4bc
2026-09-22 14:55:43.990 | INFO     | steering_lite.benchmark.cache:cached:37 - cache miss judge-request 68875f7ed621
2026-09-22 14:55:44.014 | INFO     | steering_lite.benchmark.cache:cached:37 - cache miss judge-request 4f307837485b
2026-09-22 14:55:44.043 | INFO     | steering_lite.benchmark.cache:cached:37 - cache miss judge-request 9cd62402b4f1
2026-09-22 14:55:44.142 | INFO     | steering_lite.benchmark.cache:cached:37 - cache miss judge-request b2680034c842
2026-09-22 14:55:44.170 | INFO     | steering_lite.benchmark.cache:cached:37 - cache miss judge-request 4fe4732596d9
2026-09-22 14:55:44.189 | INFO     | steering_lite.benchmark.cache:cached:37 - cache miss judge-request 1c0178f4f47e
2026-09-22 14:55:44.230 | INFO     | steering_lite.benchmark.cache:cached:37 - cache miss judge-request c02268184929
2026-09-22 14:55:44.254 | INFO     | steering_lite.benchmark.cache:cached:37 - cache miss judge-request 7a4a1fbe3fdc
2026-09-22 14:55:44.289 | INFO     | steering_lite.benchmark.cache:cached:37 - cache miss judge-request 8f3efdf98862
2026-09-22 14:55:44.395 | INFO     | steering_lite.benchmark.cache:cached:37 - cache miss judge-request 44e8640e17e5
2026-09-22 14:55:44.396 | INFO     | steering_lite.benchmark.cache:cached:37 - cache miss judge-request 209fed8f27e4
2026-09-22 14:55:44.431 | INFO     | steering_lite.benchmark.cache:cached:37 - cache miss judge-request e56de682aefd
2026-09-22 14:55:44.481 | INFO     | steering_lite.benchmark.cache:cached:37 - cache miss judge-request f695b3e7c45c
2026-09-22 14:55:44.502 | INFO     | steering_lite.benchmark.cache:cached:37 - cache miss judge-request be2d12b8e8f7
2026-09-22 14:55:44.505 | INFO     | steering_lite.benchmark.cache:cached:37 - cache miss judge-request d5b2fad55b2d
2026-09-22 14:55:44.601 | INFO     | steering_lite.benchmark.cache:cached:37 - cache miss judge-request de89a435c8f7
2026-09-22 14:55:44.619 | INFO     | steering_lite.benchmark.cache:cached:37 - cache miss judge-request 181bdf7066d4
2026-09-22 14:55:44.635 | INFO     | steering_lite.benchmark.cache:cached:37 - cache miss judge-request 65a88590e75a
2026-09-22 14:55:44.678 | INFO     | steering_lite.benchmark.cache:cached:37 - cache miss judge-request 0ab296f63ff6
2026-09-22 14:55:44.685 | INFO     | steering_lite.benchmark.cache:cached:37 - cache miss judge-request 942960d405d0
2026-09-22 14:55:44.702 | INFO     | steering_lite.benchmark.cache:cached:37 - cache miss judge-request fb8a27703a44
2026-09-22 14:55:44.815 | INFO     | steering_lite.benchmark.cache:cached:37 - cache miss judge-request 384c5f84ea8a
2026-09-22 14:55:44.826 | INFO     | steering_lite.benchmark.cache:cached:37 - cache miss judge-request 5e7f660b3bfa
2026-09-22 14:55:44.854 | INFO     | steering_lite.benchmark.cache:cached:37 - cache miss judge-request d9f815772496
2026-09-22 14:55:44.878 | INFO     | steering_lite.benchmark.cache:cached:37 - cache miss judge-request c4b96ce76018
2026-09-22 14:55:44.896 | INFO     | steering_lite.benchmark.cache:cached:37 - cache miss judge-request 52648294b745
2026-09-22 14:55:44.897 | INFO     | steering_lite.benchmark.cache:cached:37 - cache miss judge-request e72354a69dba
2026-09-22 14:55:45.032 | INFO     | steering_lite.benchmark.cache:cached:37 - cache miss judge-request a15d3343ae23
2026-09-22 14:55:45.034 | INFO     | steering_lite.benchmark.cache:cached:37 - cache miss judge-request a35143b8156d
2026-09-22 14:55:45.087 | INFO     | steering_lite.benchmark.cache:cached:37 - cache miss judge-request 4c4d1b077653
2026-09-22 14:55:45.100 | INFO     | steering_lite.benchmark.cache:cached:37 - cache miss judge-request d666f010ebef
2026-09-22 14:55:45.120 | INFO     | steering_lite.benchmark.cache:cached:37 - cache miss judge-request 2b92fedcec54
2026-09-22 14:55:45.129 | INFO     | steering_lite.benchmark.cache:cached:37 - cache miss judge-request 755502b550f7
2026-09-22 14:55:45.218 | INFO     | steering_lite.benchmark.cache:cached:37 - cache miss judge-request 0472a7cb112f
2026-09-22 14:55:45.227 | INFO     | steering_lite.benchmark.cache:cached:37 - cache miss judge-request a5eb160fda54
2026-09-22 14:55:45.297 | INFO     | steering_lite.benchmark.cache:cached:37 - cache miss judge-request 72389c0b40d8
2026-09-22 14:55:45.297 | INFO     | steering_lite.benchmark.cache:cached:37 - cache miss judge-request 1b53613a4f7f
2026-09-22 14:55:45.320 | INFO     | steering_lite.benchmark.cache:cached:37 - cache miss judge-request a18bcd82367e
2026-09-22 14:55:45.324 | INFO     | steering_lite.benchmark.cache:cached:37 - cache miss judge-request 044e8802e2e2
2026-09-22 14:55:45.451 | INFO     | steering_lite.benchmark.cache:cached:37 - cache miss judge-request f15be5d82f43
2026-09-22 14:55:45.492 | INFO     | steering_lite.benchmark.cache:cached:37 - cache miss judge-request 2ea701c69dea
2026-09-22 14:55:45.551 | INFO     | steering_lite.benchmark.cache:cached:37 - cache miss judge-request d93b845b2eb7
2026-09-22 14:55:45.554 | INFO     | steering_lite.benchmark.cache:cached:37 - cache miss judge-request fc98ff7089de
2026-09-22 14:55:45.584 | INFO     | steering_lite.benchmark.cache:cached:37 - cache miss judge-request 39996684cd96
2026-09-22 14:55:45.588 | INFO     | steering_lite.benchmark.cache:cached:37 - cache miss judge-request 32819c4a590c
2026-09-22 14:55:45.732 | INFO     | steering_lite.benchmark.cache:cached:37 - cache miss judge-request 6a467b5c39d8
2026-09-22 14:55:45.782 | INFO     | steering_lite.benchmark.cache:cached:37 - cache miss judge-request b54843e24594
2026-09-22 14:55:45.812 | INFO     | steering_lite.benchmark.cache:cached:37 - cache miss judge-request 96ebfbe062bc
2026-09-22 14:55:45.822 | INFO     | steering_lite.benchmark.cache:cached:37 - cache miss judge-request 54de669e0821
2026-09-22 14:55:45.834 | INFO     | steering_lite.benchmark.cache:cached:37 - cache miss judge-request 42a7805dd884
2026-09-22 14:55:45.852 | INFO     | steering_lite.benchmark.cache:cached:37 - cache miss judge-request ad110f9b333e
2026-09-22 14:55:45.942 | INFO     | steering_lite.benchmark.cache:cached:37 - cache miss judge-request 1d5cd2ed4799
2026-09-22 14:55:46.019 | INFO     | steering_lite.benchmark.cache:cached:37 - cache miss judge-request 63e145c9cdde
2026-09-22 14:55:46.019 | INFO     | steering_lite.benchmark.cache:cached:37 - cache miss judge-request 72e4b4db2961
2026-09-22 14:55:46.034 | INFO     | steering_lite.benchmark.cache:cached:37 - cache miss judge-request d1d7817a53bd
2026-09-22 14:55:46.051 | INFO     | steering_lite.benchmark.cache:cached:37 - cache miss judge-request 7c530292e555
2026-09-22 14:55:46.060 | INFO     | steering_lite.benchmark.cache:cached:37 - cache miss judge-request b76c5acacc0b
2026-09-22 14:55:46.142 | INFO     | steering_lite.benchmark.cache:cached:37 - cache miss judge-request 860d2912b345
2026-09-22 14:55:46.210 | INFO     | steering_lite.benchmark.cache:cached:37 - cache miss judge-request 3bfd47b95dff
2026-09-22 14:55:46.273 | INFO     | steering_lite.benchmark.cache:cached:37 - cache miss judge-request 99204f8f6f02
2026-09-22 14:55:46.274 | INFO     | steering_lite.benchmark.cache:cached:37 - cache miss judge-request 7933e0190c1a
2026-09-22 14:55:46.327 | INFO     | steering_lite.benchmark.cache:cached:37 - cache miss judge-request 82fc51183833
2026-09-22 14:55:46.356 | INFO     | steering_lite.benchmark.cache:cached:37 - cache miss judge-request 6746361bf62d
2026-09-22 14:55:46.471 | INFO     | steering_lite.benchmark.cache:cached:37 - cache miss judge-request b3b5fe14b940
2026-09-22 14:55:46.506 | INFO     | steering_lite.benchmark.cache:cached:37 - cache miss judge-request cf2bb4fac88d
2026-09-22 14:55:46.536 | INFO     | steering_lite.benchmark.cache:cached:37 - cache miss judge-request 41bfcaf837b4
2026-09-22 14:55:46.537 | INFO     | steering_lite.benchmark.cache:cached:37 - cache miss judge-request 6f657316e1ca
2026-09-22 14:55:46.588 | INFO     | steering_lite.benchmark.cache:cached:37 - cache miss judge-request d7ed2bafb05c
2026-09-22 14:55:46.620 | INFO     | steering_lite.benchmark.cache:cached:37 - cache miss judge-request d064f48d7c3a
2026-09-22 14:55:46.729 | INFO     | steering_lite.benchmark.cache:cached:37 - cache miss judge-request e8099ca092b9
2026-09-22 14:55:46.741 | INFO     | steering_lite.benchmark.cache:cached:37 - cache miss judge-request 0a63ecbd460e
2026-09-22 14:55:46.769 | INFO     | steering_lite.benchmark.cache:cached:37 - cache miss judge-request fea61638b98d
2026-09-22 14:55:46.786 | INFO     | steering_lite.benchmark.cache:cached:37 - cache miss judge-request a87f7b59ee6d
2026-09-22 14:55:46.893 | INFO     | steering_lite.benchmark.cache:cached:37 - cache miss judge-request 1cb9252beb97
2026-09-22 14:55:46.937 | INFO     | steering_lite.benchmark.cache:cached:37 - cache miss judge-request c258cfb50fc0
2026-09-22 14:55:47.048 | INFO     | steering_lite.benchmark.cache:cached:37 - cache miss judge-request cc861b59a189
2026-09-22 14:55:47.077 | INFO     | steering_lite.benchmark.cache:cached:37 - cache miss judge-request 81690ed85400
2026-09-22 14:55:47.090 | INFO     | steering_lite.benchmark.cache:cached:37 - cache miss judge-request c8b72be6f969
2026-09-22 14:55:47.091 | INFO     | steering_lite.benchmark.cache:cached:37 - cache miss judge-request 801bb35e37b5
2026-09-22 14:55:47.178 | INFO     | steering_lite.benchmark.cache:cached:37 - cache miss judge-request 5258f5737fd7
2026-09-22 14:55:47.183 | INFO     | steering_lite.benchmark.cache:cached:37 - cache miss judge-request 2e41b2d97cae
2026-09-22 14:55:47.280 | INFO     | steering_lite.benchmark.cache:cached:37 - cache miss judge-request 7b7a56d0e30e
2026-09-22 14:55:47.312 | INFO     | steering_lite.benchmark.cache:cached:37 - cache miss judge-request 72c95da5cc12
2026-09-22 14:55:47.312 | INFO     | steering_lite.benchmark.cache:cached:37 - cache miss judge-request b96a0459cc19
2026-09-22 14:55:47.364 | INFO     | steering_lite.benchmark.cache:cached:37 - cache miss judge-request 9bc72b9efaf2
2026-09-22 14:55:47.436 | INFO     | steering_lite.benchmark.cache:cached:37 - cache miss judge-request b9d60aec1a1f
2026-09-22 14:55:47.450 | INFO     | steering_lite.benchmark.cache:cached:37 - cache miss judge-request 68e0ba9f4d9a
2026-09-22 14:55:47.559 | INFO     | steering_lite.benchmark.cache:cached:37 - cache miss judge-request 9ac8f7bada53
2026-09-22 14:55:47.560 | INFO     | steering_lite.benchmark.cache:cached:37 - cache miss judge-request c14eb529cb57
2026-09-22 14:55:47.587 | INFO     | steering_lite.benchmark.cache:cached:37 - cache miss judge-request 83c20524a49d
2026-09-22 14:55:47.598 | INFO     | steering_lite.benchmark.cache:cached:37 - cache miss judge-request 9e6df194bea1
2026-09-22 14:55:47.646 | INFO     | steering_lite.benchmark.cache:cached:37 - cache miss judge-request 22fc5c60e7ef
2026-09-22 14:55:47.659 | INFO     | steering_lite.benchmark.cache:cached:37 - cache miss judge-request a2a3f1ee5400
2026-09-22 14:55:47.811 | INFO     | steering_lite.benchmark.cache:cached:37 - cache miss judge-request 46828d5dc710
2026-09-22 14:55:47.845 | INFO     | steering_lite.benchmark.cache:cached:37 - cache miss judge-request 8683dc0c3e9b
2026-09-22 14:55:47.847 | INFO     | steering_lite.benchmark.cache:cached:37 - cache miss judge-request b37efec14fdb
2026-09-22 14:55:47.880 | INFO     | steering_lite.benchmark.cache:cached:37 - cache miss judge-request 418983f55655
2026-09-22 14:55:47.928 | INFO     | steering_lite.benchmark.cache:cached:37 - cache miss judge-request feed32789eba
2026-09-22 14:55:47.931 | INFO     | steering_lite.benchmark.cache:cached:37 - cache miss judge-request ec4646e1cf5f
2026-09-22 14:55:48.090 | INFO     | steering_lite.benchmark.cache:cached:37 - cache miss judge-request 9492ac523e77
2026-09-22 14:55:48.105 | INFO     | steering_lite.benchmark.cache:cached:37 - cache miss judge-request bc52ea1066b2
2026-09-22 14:55:48.126 | INFO     | steering_lite.benchmark.cache:cached:37 - cache miss judge-request 2b49c4c767be
2026-09-22 14:55:48.192 | INFO     | steering_lite.benchmark.cache:cached:37 - cache miss judge-request cba234bcbd09
2026-09-22 14:55:48.197 | INFO     | steering_lite.benchmark.cache:cached:37 - cache miss judge-request d27b1fa790fe
2026-09-22 14:55:48.227 | INFO     | steering_lite.benchmark.cache:cached:37 - cache miss judge-request 3d0054423ae0
2026-09-22 14:55:48.356 | INFO     | steering_lite.benchmark.cache:cached:37 - cache miss judge-request 4f34346bbaa1
2026-09-22 14:55:48.365 | INFO     | steering_lite.benchmark.cache:cached:37 - cache miss judge-request f82d536a03fd
2026-09-22 14:55:48.367 | INFO     | steering_lite.benchmark.cache:cached:37 - cache miss judge-request e825f7467d87
2026-09-22 14:55:48.456 | INFO     | steering_lite.benchmark.cache:cached:37 - cache miss judge-request 209990ddd857
2026-09-22 14:55:48.461 | INFO     | steering_lite.benchmark.cache:cached:37 - cache miss judge-request 5083fe78300a
2026-09-22 14:55:48.489 | INFO     | steering_lite.benchmark.cache:cached:37 - cache miss judge-request d3fa4a79478d
2026-09-22 14:55:48.632 | INFO     | steering_lite.benchmark.cache:cached:37 - cache miss judge-request 1971c0cc5a69
2026-09-22 14:55:48.645 | INFO     | steering_lite.benchmark.cache:cached:37 - cache miss judge-request 5eed52d37eb9
2026-09-22 14:55:48.647 | INFO     | steering_lite.benchmark.cache:cached:37 - cache miss judge-request 43694720c120
2026-09-22 14:55:48.738 | INFO     | steering_lite.benchmark.cache:cached:37 - cache miss judge-request 5e76ea734e36
2026-09-22 14:55:48.772 | INFO     | steering_lite.benchmark.cache:cached:37 - cache miss judge-request d978589f47b1
2026-09-22 14:55:48.802 | INFO     | steering_lite.benchmark.cache:cached:37 - cache miss judge-request cb51aa65732c
2026-09-22 14:55:48.879 | INFO     | steering_lite.benchmark.cache:cached:37 - cache miss judge-request abd2946b4457
2026-09-22 14:55:48.897 | INFO     | steering_lite.benchmark.cache:cached:37 - cache miss judge-request 36719d82a348
2026-09-22 14:55:48.898 | INFO     | steering_lite.benchmark.cache:cached:37 - cache miss judge-request 0d6e8eae0929
2026-09-22 14:55:48.974 | INFO     | steering_lite.benchmark.cache:cached:37 - cache miss judge-request e8cbd2fe7e4f
2026-09-22 14:55:48.988 | INFO     | steering_lite.benchmark.cache:cached:37 - cache miss judge-request ef16eb507dcd
2026-09-22 14:55:49.033 | INFO     | steering_lite.benchmark.cache:cached:37 - cache miss judge-request c03d24e3ab05
2026-09-22 14:55:49.135 | INFO     | steering_lite.benchmark.cache:cached:37 - cache miss judge-request fc54f6835746
2026-09-22 14:55:49.137 | INFO     | steering_lite.benchmark.cache:cached:37 - cache miss judge-request 87ecf03ff1e8
2026-09-22 14:55:49.151 | INFO     | steering_lite.benchmark.cache:cached:37 - cache miss judge-request 21330c4482c7
2026-09-22 14:55:49.258 | INFO     | steering_lite.benchmark.cache:cached:37 - cache miss judge-request c792b973029b
2026-09-22 14:55:49.260 | INFO     | steering_lite.benchmark.cache:cached:37 - cache miss judge-request 9530d2a5c1b5
2026-09-22 14:55:49.302 | INFO     | steering_lite.benchmark.cache:cached:37 - cache miss judge-request 6b1fcd8daff7
2026-09-22 14:55:49.403 | INFO     | steering_lite.benchmark.cache:cached:37 - cache miss judge-request 195cd8042516
2026-09-22 14:55:49.434 | INFO     | steering_lite.benchmark.cache:cached:37 - cache miss judge-request 1eefb3797389
2026-09-22 14:55:49.437 | INFO     | steering_lite.benchmark.cache:cached:37 - cache miss judge-request a3fc39228853
2026-09-22 14:55:49.550 | INFO     | steering_lite.benchmark.cache:cached:37 - cache miss judge-request f7bb38a0f3d9
2026-09-22 14:55:49.561 | INFO     | steering_lite.benchmark.cache:cached:37 - cache miss judge-request 06a85d7ad720
2026-09-22 14:55:49.600 | INFO     | steering_lite.benchmark.cache:cached:37 - cache miss judge-request 57e0beddaa45
2026-09-22 14:55:49.675 | INFO     | steering_lite.benchmark.cache:cached:37 - cache miss judge-request 593904beb966
2026-09-22 14:55:49.722 | INFO     | steering_lite.benchmark.cache:cached:37 - cache miss judge-request b7199f3390f8
2026-09-22 14:55:49.755 | INFO     | steering_lite.benchmark.cache:cached:37 - cache miss judge-request b0fe6db3f801
2026-09-22 14:55:49.880 | INFO     | steering_lite.benchmark.cache:cached:37 - cache miss judge-request 8446dca1d059
2026-09-22 14:55:49.880 | INFO     | steering_lite.benchmark.cache:cached:37 - cache miss judge-request 6991b3e89aff
2026-09-22 14:55:49.927 | INFO     | steering_lite.benchmark.cache:cached:37 - cache miss judge-request 8ff0aaa470df
2026-09-22 14:55:49.996 | INFO     | steering_lite.benchmark.cache:cached:37 - cache miss judge-request 52ca56875273
2026-09-22 14:55:49.999 | INFO     | steering_lite.benchmark.cache:cached:37 - cache miss judge-request bc56bfadf019
2026-09-22 14:55:50.066 | INFO     | steering_lite.benchmark.cache:cached:37 - cache miss judge-request 8c33c7a51a02
2026-09-22 14:55:50.180 | INFO     | steering_lite.benchmark.cache:cached:37 - cache miss judge-request de5587800eae
2026-09-22 14:55:50.198 | INFO     | steering_lite.benchmark.cache:cached:37 - cache miss judge-request 0c0efb83aa9b
2026-09-22 14:55:50.273 | INFO     | steering_lite.benchmark.cache:cached:37 - cache miss judge-request 3808e051c9ed
2026-09-22 14:55:50.275 | INFO     | steering_lite.benchmark.cache:cached:37 - cache miss judge-request ca4addc46da5
2026-09-22 14:55:50.321 | INFO     | steering_lite.benchmark.cache:cached:37 - cache miss judge-request 4e53d4f1106e
2026-09-22 14:55:50.392 | INFO     | steering_lite.benchmark.cache:cached:37 - cache miss judge-request fffa214e6bd8
2026-09-22 14:55:50.503 | INFO     | steering_lite.benchmark.cache:cached:37 - cache miss judge-request a530b94e912e
2026-09-22 14:55:50.570 | INFO     | steering_lite.benchmark.cache:cached:37 - cache miss judge-request b2f4145e7e1b
2026-09-22 14:55:50.572 | INFO     | steering_lite.benchmark.cache:cached:37 - cache miss judge-request fe60415545fd
2026-09-22 14:55:50.644 | INFO     | steering_lite.benchmark.cache:cached:37 - cache miss judge-request 558fe9889389
2026-09-22 14:55:50.648 | INFO     | steering_lite.benchmark.cache:cached:37 - cache miss judge-request 79b75bc394b7
2026-09-22 14:55:50.705 | INFO     | steering_lite.benchmark.cache:cached:37 - cache miss judge-request a584b01cf559
2026-09-22 14:55:50.849 | INFO     | steering_lite.benchmark.cache:cached:37 - cache miss judge-request 38105b5ab7e4
2026-09-22 14:55:50.912 | INFO     | steering_lite.benchmark.cache:cached:37 - cache miss judge-request c6a14ddae6bd
2026-09-22 14:55:50.913 | INFO     | steering_lite.benchmark.cache:cached:37 - cache miss judge-request b9afb9831e8b
2026-09-22 14:55:50.932 | INFO     | steering_lite.benchmark.cache:cached:37 - cache miss judge-request a8ab913e3f74
2026-09-22 14:55:50.995 | INFO     | steering_lite.benchmark.cache:cached:37 - cache miss judge-request 4027e9f9c449
2026-09-22 14:55:51.021 | INFO     | steering_lite.benchmark.cache:cached:37 - cache miss judge-request e6912cbc1b63
2026-09-22 14:55:51.205 | INFO     | steering_lite.benchmark.cache:cached:37 - cache miss judge-request 05aca703208a
2026-09-22 14:55:51.208 | INFO     | steering_lite.benchmark.cache:cached:37 - cache miss judge-request d46e6de7930b
2026-09-22 14:55:51.223 | INFO     | steering_lite.benchmark.cache:cached:37 - cache miss judge-request 6911511b228c
2026-09-22 14:55:51.269 | INFO     | steering_lite.benchmark.cache:cached:37 - cache miss judge-request 1c34632393a7
2026-09-22 14:55:51.361 | INFO     | steering_lite.benchmark.cache:cached:37 - cache miss judge-request 9ab87c150614
2026-09-22 14:55:51.381 | INFO     | steering_lite.benchmark.cache:cached:37 - cache miss judge-request bab11f86501a
2026-09-22 14:55:51.531 | INFO     | steering_lite.benchmark.cache:cached:37 - cache miss judge-request c67abdab4183
2026-09-22 14:55:51.541 | INFO     | steering_lite.benchmark.cache:cached:37 - cache miss judge-request d1b837f34e25
2026-09-22 14:55:51.542 | INFO     | steering_lite.benchmark.cache:cached:37 - cache miss judge-request 7ddb04c3ad18
2026-09-22 14:55:51.591 | INFO     | steering_lite.benchmark.cache:cached:37 - cache miss judge-request 69b7086b1c8b
2026-09-22 14:55:51.657 | INFO     | steering_lite.benchmark.cache:cached:37 - cache miss judge-request 025cc619eda8
2026-09-22 14:55:51.690 | INFO     | steering_lite.benchmark.cache:cached:37 - cache miss judge-request 50d277d0a104
2026-09-22 14:55:51.778 | INFO     | steering_lite.benchmark.cache:cached:37 - cache miss judge-request bf3af697d22d
2026-09-22 14:55:51.812 | INFO     | steering_lite.benchmark.cache:cached:37 - cache miss judge-request 99af4ae0295f
2026-09-22 14:55:51.826 | INFO     | steering_lite.benchmark.cache:cached:37 - cache miss judge-request a6e159e6e8ee
2026-09-22 14:55:51.854 | INFO     | steering_lite.benchmark.cache:cached:37 - cache miss judge-request 3741fdec1c52
2026-09-22 14:55:51.952 | INFO     | steering_lite.benchmark.cache:cached:37 - cache miss judge-request 6d0b83d8048c
2026-09-22 14:55:52.001 | INFO     | steering_lite.benchmark.cache:cached:37 - cache miss judge-request 42aec3c60bfa
2026-09-22 14:55:52.054 | INFO     | steering_lite.benchmark.cache:cached:37 - cache miss judge-request 9b4ec03e1d7f
2026-09-22 14:55:52.174 | INFO     | steering_lite.benchmark.cache:cached:37 - cache miss judge-request 3a8a026e98e7
2026-09-22 14:55:52.188 | INFO     | steering_lite.benchmark.cache:cached:37 - cache miss judge-request b91160062ebb
2026-09-22 14:55:52.244 | INFO     | steering_lite.benchmark.cache:cached:37 - cache miss judge-request 012fcb52e2b7
2026-09-22 14:55:52.339 | INFO     | steering_lite.benchmark.cache:cached:37 - cache miss judge-request d59418f08b8a
2026-09-22 14:55:52.406 | INFO     | steering_lite.benchmark.cache:cached:37 - cache miss judge-request fc13566abf32
2026-09-22 14:55:52.494 | INFO     | steering_lite.benchmark.cache:cached:37 - cache miss judge-request 274e5029769f
2026-09-22 14:55:52.530 | INFO     | steering_lite.benchmark.cache:cached:37 - cache miss judge-request ccddf5bcce82
2026-09-22 14:55:52.542 | INFO     | steering_lite.benchmark.cache:cached:37 - cache miss judge-request 0708119a0f60
2026-09-22 14:55:52.544 | INFO     | steering_lite.benchmark.cache:cached:37 - cache miss judge-request 8515980c668d
2026-09-22 14:55:52.654 | INFO     | steering_lite.benchmark.cache:cached:37 - cache miss judge-request 8cd588a5cd63
2026-09-22 14:55:52.723 | INFO     | steering_lite.benchmark.cache:cached:37 - cache miss judge-request 72e69e8170e5
2026-09-22 14:55:52.778 | INFO     | steering_lite.benchmark.cache:cached:37 - cache miss judge-request 6c0c3f53d244
2026-09-22 14:55:52.795 | INFO     | steering_lite.benchmark.cache:cached:37 - cache miss judge-request aee4867e51fd
2026-09-22 14:55:52.804 | INFO     | steering_lite.benchmark.cache:cached:37 - cache miss judge-request aacf8888d9f4
2026-09-22 14:55:52.868 | INFO     | steering_lite.benchmark.cache:cached:37 - cache miss judge-request 3c4dc0e99be0
2026-09-22 14:55:53.004 | INFO     | steering_lite.benchmark.cache:cached:37 - cache miss judge-request 3ff65914b131
2026-09-22 14:55:53.065 | INFO     | steering_lite.benchmark.cache:cached:37 - cache miss judge-request 5e0c5d2d588d
2026-09-22 14:55:53.071 | INFO     | steering_lite.benchmark.cache:cached:37 - cache miss judge-request f1e8ca313e83
2026-09-22 14:55:53.074 | INFO     | steering_lite.benchmark.cache:cached:37 - cache miss judge-request 764bfcb8698d
2026-09-22 14:55:53.110 | INFO     | steering_lite.benchmark.cache:cached:37 - cache miss judge-request 624b73fe62ef
2026-09-22 14:55:53.191 | INFO     | steering_lite.benchmark.cache:cached:37 - cache miss judge-request 9c5e0f4bf2bf
2026-09-22 14:55:53.320 | INFO     | steering_lite.benchmark.cache:cached:37 - cache miss judge-request 5596a12b25ee
2026-09-22 14:55:53.368 | INFO     | steering_lite.benchmark.cache:cached:37 - cache miss judge-request 828fa25a4e2a
2026-09-22 14:55:53.369 | INFO     | steering_lite.benchmark.cache:cached:37 - cache miss judge-request 23d2ac9fbddc
2026-09-22 14:55:53.401 | INFO     | steering_lite.benchmark.cache:cached:37 - cache miss judge-request 5f5cd661dd9a
2026-09-22 14:55:53.424 | INFO     | steering_lite.benchmark.cache:cached:37 - cache miss judge-request 0b7344d3d479
2026-09-22 14:55:53.511 | INFO     | steering_lite.benchmark.cache:cached:37 - cache miss judge-request 715ed14f825e
2026-09-22 14:55:53.638 | INFO     | steering_lite.benchmark.cache:cached:37 - cache miss judge-request 1b187713df04
2026-09-22 14:55:53.675 | INFO     | steering_lite.benchmark.cache:cached:37 - cache miss judge-request 5991ba72a774
2026-09-22 14:55:53.680 | INFO     | steering_lite.benchmark.cache:cached:37 - cache miss judge-request 5585b9863a6e
2026-09-22 14:55:53.698 | INFO     | steering_lite.benchmark.cache:cached:37 - cache miss judge-request 3e11f3ebe207
2026-09-22 14:55:53.721 | INFO     | steering_lite.benchmark.cache:cached:37 - cache miss judge-request f446aa3872c6
2026-09-22 14:55:53.847 | INFO     | steering_lite.benchmark.cache:cached:37 - cache miss judge-request 149f63a1c7e1
2026-09-22 14:55:54.003 | INFO     | steering_lite.benchmark.cache:cached:37 - cache miss judge-request c2c3d06ecdfe
2026-09-22 14:55:54.055 | INFO     | steering_lite.benchmark.cache:cached:37 - cache miss judge-request e5f3e023e528
2026-09-22 14:55:54.056 | INFO     | steering_lite.benchmark.cache:cached:37 - cache miss judge-request 363e5de55a12
2026-09-22 14:55:54.096 | INFO     | steering_lite.benchmark.cache:cached:37 - cache miss judge-request eb275e644fcd
2026-09-22 14:55:54.099 | INFO     | steering_lite.benchmark.cache:cached:37 - cache miss judge-request 2d6a31d19f19
2026-09-22 14:55:54.223 | INFO     | steering_lite.benchmark.cache:cached:37 - cache miss judge-request b340e5f5abd7
2026-09-22 14:55:54.350 | INFO     | steering_lite.benchmark.cache:cached:37 - cache miss judge-request afb4a29a62e1
2026-09-22 14:55:54.361 | INFO     | steering_lite.benchmark.cache:cached:37 - cache miss judge-request 6586eb41feb2
2026-09-22 14:55:54.371 | INFO     | steering_lite.benchmark.cache:cached:37 - cache miss judge-request f85c9f816bfe
2026-09-22 14:55:54.403 | INFO     | steering_lite.benchmark.cache:cached:37 - cache miss judge-request 826abccce48f
2026-09-22 14:55:54.422 | INFO     | steering_lite.benchmark.cache:cached:37 - cache miss judge-request dcb414509c4b
2026-09-22 14:55:54.547 | INFO     | steering_lite.benchmark.cache:cached:37 - cache miss judge-request 9976971bff40
2026-09-22 14:55:54.671 | INFO     | steering_lite.benchmark.cache:cached:37 - cache miss judge-request 1cca7ae29bdd
2026-09-22 14:55:54.677 | INFO     | steering_lite.benchmark.cache:cached:37 - cache miss judge-request f5689486411d
2026-09-22 14:55:54.701 | INFO     | steering_lite.benchmark.cache:cached:37 - cache miss judge-request 212a7fc9a281
2026-09-22 14:55:54.730 | INFO     | steering_lite.benchmark.cache:cached:37 - cache miss judge-request e269854508e6
2026-09-22 14:55:54.731 | INFO     | steering_lite.benchmark.cache:cached:37 - cache miss judge-request 0ebd3e1d93a9
2026-09-22 14:55:54.882 | INFO     | steering_lite.benchmark.cache:cached:37 - cache miss judge-request 9b427bff3809
2026-09-22 14:55:54.998 | INFO     | steering_lite.benchmark.cache:cached:37 - cache miss judge-request 40ba2965c2db
2026-09-22 14:55:55.001 | INFO     | steering_lite.benchmark.cache:cached:37 - cache miss judge-request 3cb9aef6e341
2026-09-22 14:55:55.018 | INFO     | steering_lite.benchmark.cache:cached:37 - cache miss judge-request a52e327fb3b2
2026-09-22 14:55:55.039 | INFO     | steering_lite.benchmark.cache:cached:37 - cache miss judge-request fe2e6c6d08fa
2026-09-22 14:55:55.047 | INFO     | steering_lite.benchmark.cache:cached:37 - cache miss judge-request 47c9727d4e4d
2026-09-22 14:55:55.190 | INFO     | steering_lite.benchmark.cache:cached:37 - cache miss judge-request 1e1811f8a66c
2026-09-22 14:55:55.329 | INFO     | steering_lite.benchmark.cache:cached:37 - cache miss judge-request 608677550288
2026-09-22 14:55:55.331 | INFO     | steering_lite.benchmark.cache:cached:37 - cache miss judge-request 7f46a8db1f92
2026-09-22 14:55:55.350 | INFO     | steering_lite.benchmark.cache:cached:37 - cache miss judge-request 54abb07175b0
2026-09-22 14:55:55.361 | INFO     | steering_lite.benchmark.cache:cached:37 - cache miss judge-request 8742420462bb
2026-09-22 14:55:55.371 | INFO     | steering_lite.benchmark.cache:cached:37 - cache miss judge-request 1a42f0cbb13a
2026-09-22 14:55:55.462 | INFO     | steering_lite.benchmark.cache:cached:37 - cache miss judge-request e11bf4762a82
2026-09-22 14:55:55.585 | INFO     | steering_lite.benchmark.cache:cached:37 - cache miss judge-request ec02df046f34
2026-09-22 14:55:55.608 | INFO     | steering_lite.benchmark.cache:cached:37 - cache miss judge-request deabf0853082
2026-09-22 14:55:55.608 | INFO     | steering_lite.benchmark.cache:cached:37 - cache miss judge-request 5aa1ac0e7da2
2026-09-22 14:55:55.629 | INFO     | steering_lite.benchmark.cache:cached:37 - cache miss judge-request 20a6fe8b0c52
2026-09-22 14:55:55.658 | INFO     | steering_lite.benchmark.cache:cached:37 - cache miss judge-request 9e2be6bfd439
2026-09-22 14:55:55.730 | INFO     | steering_lite.benchmark.cache:cached:37 - cache miss judge-request 950b9ccf3383
2026-09-22 14:55:55.871 | INFO     | steering_lite.benchmark.cache:cached:37 - cache miss judge-request c4c8c6717831
2026-09-22 14:55:55.912 | INFO     | steering_lite.benchmark.cache:cached:37 - cache miss judge-request 38126182c3a6
2026-09-22 14:55:55.914 | INFO     | steering_lite.benchmark.cache:cached:37 - cache miss judge-request f0dca86d6254
2026-09-22 14:55:55.947 | INFO     | steering_lite.benchmark.cache:cached:37 - cache miss judge-request b185d9f2ec3f
2026-09-22 14:55:55.948 | INFO     | steering_lite.benchmark.cache:cached:37 - cache miss judge-request d3556b32a90d
2026-09-22 14:55:56.069 | INFO     | steering_lite.benchmark.cache:cached:37 - cache miss judge-request 8d27a1d7b96f
2026-09-22 14:55:56.199 | INFO     | steering_lite.benchmark.cache:cached:37 - cache miss judge-request 5ecc479dba54
2026-09-22 14:55:56.200 | INFO     | steering_lite.benchmark.cache:cached:37 - cache miss judge-request f78fe339e9aa
2026-09-22 14:55:56.232 | INFO     | steering_lite.benchmark.cache:cached:37 - cache miss judge-request 9239507be884
2026-09-22 14:55:56.243 | INFO     | steering_lite.benchmark.cache:cached:37 - cache miss judge-request cc0105d9dba5
2026-09-22 14:55:56.245 | INFO     | steering_lite.benchmark.cache:cached:37 - cache miss judge-request 329fb026edff
2026-09-22 14:55:56.384 | INFO     | steering_lite.benchmark.cache:cached:37 - cache miss judge-request 712d7b2ffbd1
2026-09-22 14:55:56.496 | INFO     | steering_lite.benchmark.cache:cached:37 - cache miss judge-request dae2ac487b70
2026-09-22 14:55:56.496 | INFO     | steering_lite.benchmark.cache:cached:37 - cache miss judge-request 85b778aab507
2026-09-22 14:55:56.516 | INFO     | steering_lite.benchmark.cache:cached:37 - cache miss judge-request d30a31a1fd4d
2026-09-22 14:55:56.531 | INFO     | steering_lite.benchmark.cache:cached:37 - cache miss judge-request cd77edd4248d
2026-09-22 14:55:56.562 | INFO     | steering_lite.benchmark.cache:cached:37 - cache miss judge-request f9bfecf63a37
2026-09-22 14:55:56.709 | INFO     | steering_lite.benchmark.cache:cached:37 - cache miss judge-request 9e23122782e0
2026-09-22 14:55:56.789 | INFO     | steering_lite.benchmark.cache:cached:37 - cache miss judge-request e1b6cbc3a8e4
2026-09-22 14:55:56.826 | INFO     | steering_lite.benchmark.cache:cached:37 - cache miss judge-request 99c63eb29584
2026-09-22 14:55:56.835 | INFO     | steering_lite.benchmark.cache:cached:37 - cache miss judge-request 5668070a6689
2026-09-22 14:55:56.867 | INFO     | steering_lite.benchmark.cache:cached:37 - cache miss judge-request 166b75d8b2b4
2026-09-22 14:55:56.886 | INFO     | steering_lite.benchmark.cache:cached:37 - cache miss judge-request deb8a65688bf
2026-09-22 14:55:57.003 | INFO     | steering_lite.benchmark.cache:cached:37 - cache miss judge-request 91a7192700c5
2026-09-22 14:55:57.079 | INFO     | steering_lite.benchmark.cache:cached:37 - cache miss judge-request de4f74762d6b
2026-09-22 14:55:57.124 | INFO     | steering_lite.benchmark.cache:cached:37 - cache miss judge-request 3f20af4009bb
2026-09-22 14:55:57.125 | INFO     | steering_lite.benchmark.cache:cached:37 - cache miss judge-request 953df0f0b50d
2026-09-22 14:55:57.172 | INFO     | steering_lite.benchmark.cache:cached:37 - cache miss judge-request d11c48e9913c
2026-09-22 14:55:57.194 | INFO     | steering_lite.benchmark.cache:cached:37 - cache miss judge-request 18af52308f87
2026-09-22 14:55:57.311 | INFO     | steering_lite.benchmark.cache:cached:37 - cache miss judge-request 61e4bd2a9a92
2026-09-22 14:55:57.385 | INFO     | steering_lite.benchmark.cache:cached:37 - cache miss judge-request 38e92eb75a98
2026-09-22 14:55:57.435 | INFO     | steering_lite.benchmark.cache:cached:37 - cache miss judge-request f40816d8f80d
2026-09-22 14:55:57.457 | INFO     | steering_lite.benchmark.cache:cached:37 - cache miss judge-request 9903e9c25720
2026-09-22 14:55:57.458 | INFO     | steering_lite.benchmark.cache:cached:37 - cache miss judge-request dfd581eb80f0
2026-09-22 14:55:57.513 | INFO     | steering_lite.benchmark.cache:cached:37 - cache miss judge-request f166d4e37734
2026-09-22 14:55:57.658 | INFO     | steering_lite.benchmark.cache:cached:37 - cache miss judge-request 2df942095437
2026-09-22 14:55:57.767 | INFO     | steering_lite.benchmark.cache:cached:37 - cache miss judge-request 1a6e25c6574a
2026-09-22 14:55:57.787 | INFO     | steering_lite.benchmark.cache:cached:37 - cache miss judge-request 344a3cf1e0e6
2026-09-22 14:55:57.836 | INFO     | steering_lite.benchmark.cache:cached:37 - cache miss judge-request cd6f76f2cb2b
2026-09-22 14:55:57.856 | INFO     | steering_lite.benchmark.cache:cached:37 - cache miss judge-request 88728c9bd5df
2026-09-22 14:55:57.919 | INFO     | steering_lite.benchmark.cache:cached:37 - cache miss judge-request 241e8f48a202
2026-09-22 14:55:58.051 | INFO     | steering_lite.benchmark.cache:cached:37 - cache miss judge-request 848d2769a611
2026-09-22 14:55:58.204 | INFO     | steering_lite.benchmark.cache:cached:37 - cache miss judge-request 960f497e9d71
2026-09-22 14:55:58.228 | INFO     | steering_lite.benchmark.cache:cached:37 - cache miss judge-request 86d632f44310
2026-09-22 14:55:58.229 | INFO     | steering_lite.benchmark.cache:cached:37 - cache miss judge-request 66357c259239
2026-09-22 14:55:58.299 | INFO     | steering_lite.benchmark.cache:cached:37 - cache miss judge-request 092bc7fbe694
2026-09-22 14:55:58.331 | INFO     | steering_lite.benchmark.cache:cached:37 - cache miss judge-request a15103b6701d
2026-09-22 14:55:58.486 | INFO     | steering_lite.benchmark.cache:cached:37 - cache miss judge-request 67255664f4b3
2026-09-22 14:55:58.613 | INFO     | steering_lite.benchmark.cache:cached:37 - cache miss judge-request e50c04011db5
2026-09-22 14:55:58.618 | INFO     | steering_lite.benchmark.cache:cached:37 - cache miss judge-request 970192331d65
2026-09-22 14:55:58.634 | INFO     | steering_lite.benchmark.cache:cached:37 - cache miss judge-request 997d2ffe6e79
2026-09-22 14:55:58.655 | INFO     | steering_lite.benchmark.cache:cached:37 - cache miss judge-request 786ee97c58e5
2026-09-22 14:55:58.778 | INFO     | steering_lite.benchmark.cache:cached:37 - cache miss judge-request 35abce3a9fad
2026-09-22 14:55:58.899 | INFO     | steering_lite.benchmark.cache:cached:37 - cache miss judge-request 10a72a387f5c
2026-09-22 14:55:59.047 | INFO     | steering_lite.benchmark.cache:cached:37 - cache miss judge-request 1fe5b2250975
2026-09-22 14:55:59.047 | INFO     | steering_lite.benchmark.cache:cached:37 - cache miss judge-request 00440efb50e7
2026-09-22 14:55:59.069 | INFO     | steering_lite.benchmark.cache:cached:37 - cache miss judge-request 5d41e3ade5c1
2026-09-22 14:55:59.088 | INFO     | steering_lite.benchmark.cache:cached:37 - cache miss judge-request be2c5a76d676
2026-09-22 14:55:59.186 | INFO     | steering_lite.benchmark.cache:cached:37 - cache miss judge-request ecbf82d9357f
2026-09-22 14:55:59.313 | INFO     | steering_lite.benchmark.cache:cached:37 - cache miss judge-request 6547c03952d2
2026-09-22 14:55:59.435 | INFO     | steering_lite.benchmark.cache:cached:37 - cache miss judge-request 427e0c9be927
2026-09-22 14:55:59.462 | INFO     | steering_lite.benchmark.cache:cached:37 - cache miss judge-request b02c2926c56f
2026-09-22 14:55:59.497 | INFO     | steering_lite.benchmark.cache:cached:37 - cache miss judge-request e426d2ecd4eb
2026-09-22 14:55:59.538 | INFO     | steering_lite.benchmark.cache:cached:37 - cache miss judge-request 195d53e8eecf
2026-09-22 14:55:59.624 | INFO     | steering_lite.benchmark.cache:cached:37 - cache miss judge-request 5ba72efa886d
2026-09-22 14:55:59.795 | INFO     | steering_lite.benchmark.cache:cached:37 - cache miss judge-request b2eaed19b867
2026-09-22 14:55:59.897 | INFO     | steering_lite.benchmark.cache:cached:37 - cache miss judge-request 602cc9e42ebf
2026-09-22 14:55:59.900 | INFO     | steering_lite.benchmark.cache:cached:37 - cache miss judge-request 9fbd1ebba8c8
2026-09-22 14:55:59.930 | INFO     | steering_lite.benchmark.cache:cached:37 - cache miss judge-request 035e39567d24
2026-09-22 14:55:59.941 | INFO     | steering_lite.benchmark.cache:cached:37 - cache miss judge-request 5e8d2a8b800c
2026-09-22 14:56:00.005 | INFO     | steering_lite.benchmark.cache:cached:37 - cache miss judge-request 6a659c52053a
2026-09-22 14:56:00.071 | INFO     | steering_lite.benchmark.cache:cached:37 - cache miss judge-request 4a904a6a16df
2026-09-22 14:56:00.175 | INFO     | steering_lite.benchmark.cache:cached:37 - cache miss judge-request 72e2d2064192
2026-09-22 14:56:00.187 | INFO     | steering_lite.benchmark.cache:cached:37 - cache miss judge-request 9256cf9ed4af
2026-09-22 14:56:00.193 | INFO     | steering_lite.benchmark.cache:cached:37 - cache miss judge-request e2a9d64c9a8d
2026-09-22 14:56:00.272 | INFO     | steering_lite.benchmark.cache:cached:37 - cache miss judge-request 30d792f4bfa0
2026-09-22 14:56:00.309 | INFO     | steering_lite.benchmark.cache:cached:37 - cache miss judge-request 579a59580eef
2026-09-22 14:56:00.474 | INFO     | steering_lite.benchmark.cache:cached:37 - cache miss judge-request 931e99bfadf4
2026-09-22 14:56:00.577 | INFO     | steering_lite.benchmark.cache:cached:37 - cache miss judge-request 012299b28fec
2026-09-22 14:56:00.596 | INFO     | steering_lite.benchmark.cache:cached:37 - cache miss judge-request 6cc5ea209c17
2026-09-22 14:56:00.624 | INFO     | steering_lite.benchmark.cache:cached:37 - cache miss judge-request e9220cd71ea3
2026-09-22 14:56:00.738 | INFO     | steering_lite.benchmark.cache:cached:37 - cache miss judge-request fecab6521d62
2026-09-22 14:56:00.759 | INFO     | steering_lite.benchmark.cache:cached:37 - cache miss judge-request c055ad232812
2026-09-22 14:56:00.891 | INFO     | steering_lite.benchmark.cache:cached:37 - cache miss judge-request 882c710daf96
2026-09-22 14:56:01.054 | INFO     | steering_lite.benchmark.cache:cached:37 - cache miss judge-request b0ad31822125
2026-09-22 14:56:01.057 | INFO     | steering_lite.benchmark.cache:cached:37 - cache miss judge-request d419b7350997
2026-09-22 14:56:01.066 | INFO     | steering_lite.benchmark.cache:cached:37 - cache miss judge-request e9d634767a01
2026-09-22 14:56:01.196 | INFO     | steering_lite.benchmark.cache:cached:37 - cache miss judge-request b3588ae3bf57
2026-09-22 14:56:01.211 | INFO     | steering_lite.benchmark.cache:cached:37 - cache miss judge-request e095cf96a909
2026-09-22 14:56:01.404 | INFO     | steering_lite.benchmark.cache:cached:37 - cache miss judge-request e57af2ee85f9
2026-09-22 14:56:01.520 | INFO     | steering_lite.benchmark.cache:cached:37 - cache miss judge-request d084aac113ea
2026-09-22 14:56:01.579 | INFO     | steering_lite.benchmark.cache:cached:37 - cache miss judge-request d75c8d13f634
2026-09-22 14:56:01.591 | INFO     | steering_lite.benchmark.cache:cached:37 - cache miss judge-request d040fb387d25
2026-09-22 14:56:01.741 | INFO     | steering_lite.benchmark.cache:cached:37 - cache miss judge-request 5ebf59342550
2026-09-22 14:56:01.784 | INFO     | steering_lite.benchmark.cache:cached:37 - cache miss judge-request e2cb1bf4b5f1
2026-09-22 14:56:01.884 | INFO     | steering_lite.benchmark.cache:cached:37 - cache miss judge-request 7c1f343fde6c
2026-09-22 14:56:01.958 | INFO     | steering_lite.benchmark.cache:cached:37 - cache miss judge-request dbf02d4b5909
2026-09-22 14:56:02.075 | INFO     | steering_lite.benchmark.cache:cached:37 - cache miss judge-request 0563785df92d
2026-09-22 14:56:02.122 | INFO     | steering_lite.benchmark.cache:cached:37 - cache miss judge-request 09ccbea36438
2026-09-22 14:56:02.218 | INFO     | steering_lite.benchmark.cache:cached:37 - cache miss judge-request f6a81330ff92
2026-09-22 14:56:02.294 | INFO     | steering_lite.benchmark.cache:cached:37 - cache miss judge-request 36f248c81e46
2026-09-22 14:56:02.420 | INFO     | steering_lite.benchmark.cache:cached:37 - cache miss judge-request 01239a6ff66c
2026-09-22 14:56:02.502 | INFO     | steering_lite.benchmark.cache:cached:37 - cache miss judge-request 82eab99f928b
2026-09-22 14:56:02.633 | INFO     | steering_lite.benchmark.cache:cached:37 - cache miss judge-request 4147a75ff259
2026-09-22 14:56:02.723 | INFO     | steering_lite.benchmark.cache:cached:37 - cache miss judge-request 0381010cf9d7
2026-09-22 14:56:02.827 | INFO     | steering_lite.benchmark.cache:cached:37 - cache miss judge-request b59ab2854445
2026-09-22 14:56:02.895 | INFO     | steering_lite.benchmark.cache:cached:37 - cache miss judge-request 91afbbbe7cf7
2026-09-22 14:56:03.083 | INFO     | steering_lite.benchmark.cache:cached:37 - cache miss judge-request beb87f5d8971
2026-09-22 14:56:03.189 | INFO     | steering_lite.benchmark.cache:cached:37 - cache miss judge-request 7eeb42551236
2026-09-22 14:56:03.321 | INFO     | steering_lite.benchmark.cache:cached:37 - cache miss judge-request ee21ec572c41
2026-09-22 14:56:03.421 | INFO     | steering_lite.benchmark.cache:cached:37 - cache miss judge-request 18be9898f073
2026-09-22 14:56:03.755 | INFO     | steering_lite.benchmark.cache:cached:37 - cache miss final-health a9e088f6eea1
2026-09-22 14:56:03.781 | INFO     | steering_lite.benchmark.cache:cached:37 - cache miss final-aware 348f21810e86
2026-09-22 14:56:03.788 | INFO     | steering_lite.benchmark.cache:cached:37 - cache miss final-blind 4af490d5a1e3
2026-09-22 14:56:03.952 | INFO     | steering_lite.data.personas:load_suffixes:47 - Loaded 200 branching suffixes
2026-09-22 14:56:03.958 | INFO     | steering_lite.benchmark.cache:cached:35 - cache hit calibration-candidates 584c90eb675c
2026-09-22 14:56:03.965 | INFO     | steering_lite.benchmark.cache:cached:37 - cache miss candidate-judgments 19f9ce120b51
2026-09-22 14:56:03.970 | INFO     | steering_lite.benchmark.cache:cached:37 - cache miss judge-request c7358d2d511a
2026-09-22 14:56:03.970 | INFO     | steering_lite.benchmark.cache:cached:37 - cache miss judge-request 5de9d16098f7
2026-09-22 14:56:03.970 | INFO     | steering_lite.benchmark.cache:cached:37 - cache miss judge-request 318d01a1ee3b
2026-09-22 14:56:03.971 | INFO     | steering_lite.benchmark.cache:cached:37 - cache miss judge-request e5b42d9bbc82
2026-09-22 14:56:03.972 | INFO     | steering_lite.benchmark.cache:cached:37 - cache miss judge-request 2a094dd86c08
2026-09-22 14:56:03.972 | INFO     | steering_lite.benchmark.cache:cached:37 - cache miss judge-request 599c70085fe2
2026-09-22 14:56:04.540 | INFO     | steering_lite.benchmark.cache:cached:37 - cache miss judge-request baf81eb9aa38
2026-09-22 14:56:04.556 | INFO     | steering_lite.benchmark.cache:cached:37 - cache miss judge-request 14a2f86ff77f
2026-09-22 14:56:04.600 | INFO     | steering_lite.benchmark.cache:cached:37 - cache miss judge-request a73b64b72b25
2026-09-22 14:56:04.614 | INFO     | steering_lite.benchmark.cache:cached:37 - cache miss judge-request c7a19a128c63
2026-09-22 14:56:04.621 | INFO     | steering_lite.benchmark.cache:cached:37 - cache miss judge-request 14e1d8fe287a
2026-09-22 14:56:04.634 | INFO     | steering_lite.benchmark.cache:cached:37 - cache miss judge-request 1ccae4823ef2
2026-09-22 14:56:04.977 | INFO     | steering_lite.benchmark.cache:cached:37 - cache miss judge-request eb0151d45ed1
2026-09-22 14:56:05.000 | INFO     | steering_lite.benchmark.cache:cached:37 - cache miss judge-request f3a0d83cb431
2026-09-22 14:56:05.002 | INFO     | steering_lite.benchmark.cache:cached:37 - cache miss judge-request 769a719599d6
2026-09-22 14:56:05.017 | INFO     | steering_lite.benchmark.cache:cached:37 - cache miss judge-request 9c22e4de6b52
2026-09-22 14:56:05.045 | INFO     | steering_lite.benchmark.cache:cached:37 - cache miss judge-request c012cd1a9fcd
2026-09-22 14:56:05.046 | INFO     | steering_lite.benchmark.cache:cached:37 - cache miss judge-request 6745b614e4c5
2026-09-22 14:56:05.355 | INFO     | steering_lite.benchmark.cache:cached:37 - cache miss judge-request 7210ec5db815
2026-09-22 14:56:05.356 | INFO     | steering_lite.benchmark.cache:cached:37 - cache miss judge-request 543e4d906691
2026-09-22 14:56:05.378 | INFO     | steering_lite.benchmark.cache:cached:37 - cache miss judge-request 5957e69890af
2026-09-22 14:56:05.413 | INFO     | steering_lite.benchmark.cache:cached:37 - cache miss judge-request 230c8e540157
2026-09-22 14:56:05.413 | INFO     | steering_lite.benchmark.cache:cached:37 - cache miss judge-request 3550523d9a18
2026-09-22 14:56:05.436 | INFO     | steering_lite.benchmark.cache:cached:37 - cache miss judge-request 8fa9813695c3
2026-09-22 14:56:05.719 | INFO     | steering_lite.benchmark.cache:cached:37 - cache miss judge-request a8c06201a58e
2026-09-22 14:56:05.734 | INFO     | steering_lite.benchmark.cache:cached:37 - cache miss judge-request 131cb0b3ed04
2026-09-22 14:56:05.736 | INFO     | steering_lite.benchmark.cache:cached:37 - cache miss judge-request bf52712039a0
2026-09-22 14:56:05.751 | INFO     | steering_lite.benchmark.cache:cached:37 - cache miss judge-request 69f6cf7b765c
2026-09-22 14:56:05.801 | INFO     | steering_lite.benchmark.cache:cached:37 - cache miss judge-request 7f17a875fca0
2026-09-22 14:56:05.801 | INFO     | steering_lite.benchmark.cache:cached:37 - cache miss judge-request 53d964bbd1d8
2026-09-22 14:56:06.090 | INFO     | steering_lite.benchmark.cache:cached:37 - cache miss judge-request 8f73a483adbf
2026-09-22 14:56:06.153 | INFO     | steering_lite.benchmark.cache:cached:37 - cache miss judge-request debccca8bd5d
2026-09-22 14:56:06.157 | INFO     | steering_lite.benchmark.cache:cached:37 - cache miss judge-request 24748c18af2d
2026-09-22 14:56:06.168 | INFO     | steering_lite.benchmark.cache:cached:37 - cache miss judge-request cb57221d452d
2026-09-22 14:56:06.180 | INFO     | steering_lite.benchmark.cache:cached:37 - cache miss judge-request bb25eb247548
2026-09-22 14:56:06.241 | INFO     | steering_lite.benchmark.cache:cached:37 - cache miss judge-request 21ed368f260e
2026-09-22 14:56:06.492 | INFO     | steering_lite.benchmark.cache:cached:37 - cache miss judge-request ef43a37a8dda
2026-09-22 14:56:06.496 | INFO     | steering_lite.benchmark.cache:cached:37 - cache miss judge-request 632e8e5e1507
2026-09-22 14:56:06.544 | INFO     | steering_lite.benchmark.cache:cached:37 - cache miss judge-request 5ccc64669f15
2026-09-22 14:56:06.548 | INFO     | steering_lite.benchmark.cache:cached:37 - cache miss judge-request 92426a66e3ea
2026-09-22 14:56:06.566 | INFO     | steering_lite.benchmark.cache:cached:37 - cache miss judge-request f0c9271aa5c6
2026-09-22 14:56:06.617 | INFO     | steering_lite.benchmark.cache:cached:37 - cache miss judge-request 41d8eb106bee
2026-09-22 14:56:06.919 | INFO     | steering_lite.benchmark.cache:cached:37 - cache miss judge-request fcfac3a9fd47
2026-09-22 14:56:06.945 | INFO     | steering_lite.benchmark.cache:cached:37 - cache miss judge-request f79c2da94dc5
2026-09-22 14:56:06.961 | INFO     | steering_lite.benchmark.cache:cached:37 - cache miss judge-request 2ac904b1b72a
2026-09-22 14:56:06.983 | INFO     | steering_lite.benchmark.cache:cached:37 - cache miss judge-request 90be74245b9d
2026-09-22 14:56:06.998 | INFO     | steering_lite.benchmark.cache:cached:37 - cache miss judge-request c9b33fdf4e2a
2026-09-22 14:56:07.043 | INFO     | steering_lite.benchmark.cache:cached:37 - cache miss judge-request 33d7121606e1
2026-09-22 14:56:07.353 | INFO     | steering_lite.benchmark.cache:cached:37 - cache miss judge-request 6e36bfd682e4
2026-09-22 14:56:07.406 | INFO     | steering_lite.benchmark.cache:cached:37 - cache miss judge-request 4fc3f7d212be
2026-09-22 14:56:07.423 | INFO     | steering_lite.benchmark.cache:cached:37 - cache miss judge-request 23e3720e2835
2026-09-22 14:56:07.427 | INFO     | steering_lite.benchmark.cache:cached:37 - cache miss judge-request e613995c6c17
2026-09-22 14:56:07.447 | INFO     | steering_lite.benchmark.cache:cached:37 - cache miss judge-request 5d7be25b1917
2026-09-22 14:56:07.479 | INFO     | steering_lite.benchmark.cache:cached:37 - cache miss judge-request 43eda6d1aee9
2026-09-22 14:56:07.815 | INFO     | steering_lite.benchmark.cache:cached:37 - cache miss judge-request 399061781b27
2026-09-22 14:56:07.835 | INFO     | steering_lite.benchmark.cache:cached:37 - cache miss judge-request 548d57b38ce2
2026-09-22 14:56:07.848 | INFO     | steering_lite.benchmark.cache:cached:37 - cache miss judge-request a455d55c67e8
2026-09-22 14:56:07.876 | INFO     | steering_lite.benchmark.cache:cached:37 - cache miss judge-request 74f53456cecb
2026-09-22 14:56:07.893 | INFO     | steering_lite.benchmark.cache:cached:37 - cache miss judge-request 32ee7aa51b48
2026-09-22 14:56:07.894 | INFO     | steering_lite.benchmark.cache:cached:37 - cache miss judge-request f2c68a489292
2026-09-22 14:56:08.206 | INFO     | steering_lite.benchmark.cache:cached:37 - cache miss judge-request 50ff0ac36aad
2026-09-22 14:56:08.216 | INFO     | steering_lite.benchmark.cache:cached:37 - cache miss judge-request 97bfa2df7df4
2026-09-22 14:56:08.218 | INFO     | steering_lite.benchmark.cache:cached:37 - cache miss judge-request 4e6f782d738d
2026-09-22 14:56:08.263 | INFO     | steering_lite.benchmark.cache:cached:37 - cache miss judge-request e6c08d9c15f5
2026-09-22 14:56:08.263 | INFO     | steering_lite.benchmark.cache:cached:37 - cache miss judge-request db5027a054cc
2026-09-22 14:56:08.294 | INFO     | steering_lite.benchmark.cache:cached:37 - cache miss judge-request d6f0205d5941
2026-09-22 14:56:08.559 | INFO     | steering_lite.benchmark.cache:cached:37 - cache miss judge-request bf153539af1c
2026-09-22 14:56:08.563 | INFO     | steering_lite.benchmark.cache:cached:37 - cache miss judge-request 98c43e086b37
2026-09-22 14:56:08.600 | INFO     | steering_lite.benchmark.cache:cached:37 - cache miss judge-request a096507703b6
2026-09-22 14:56:08.611 | INFO     | steering_lite.benchmark.cache:cached:37 - cache miss judge-request 3e0e6f207941
2026-09-22 14:56:08.646 | INFO     | steering_lite.benchmark.cache:cached:37 - cache miss judge-request 8dd5f242d28e
2026-09-22 14:56:08.674 | INFO     | steering_lite.benchmark.cache:cached:37 - cache miss judge-request dfd5c965bfd7
2026-09-22 14:56:08.893 | INFO     | steering_lite.benchmark.cache:cached:37 - cache miss judge-request 268e9c5c625f
2026-09-22 14:56:08.909 | INFO     | steering_lite.benchmark.cache:cached:37 - cache miss judge-request a1bf38d2cae1
2026-09-22 14:56:08.974 | INFO     | steering_lite.benchmark.cache:cached:37 - cache miss judge-request 288e6846a618
2026-09-22 14:56:08.981 | INFO     | steering_lite.benchmark.cache:cached:37 - cache miss judge-request 4d5fac16aad6
2026-09-22 14:56:09.038 | INFO     | steering_lite.benchmark.cache:cached:37 - cache miss judge-request 0031fa2cd5f0
2026-09-22 14:56:09.055 | INFO     | steering_lite.benchmark.cache:cached:37 - cache miss judge-request 88119b5ad54b
2026-09-22 14:56:09.432 | INFO     | steering_lite.benchmark.cache:cached:37 - cache miss judge-request cd9fd51da0e2
2026-09-22 14:56:09.452 | INFO     | steering_lite.benchmark.cache:cached:37 - cache miss judge-request 27435fbc40ef
2026-09-22 14:56:09.473 | INFO     | steering_lite.benchmark.cache:cached:37 - cache miss judge-request b8122d331793
2026-09-22 14:56:09.534 | INFO     | steering_lite.benchmark.cache:cached:37 - cache miss judge-request 541aa29cb4ee
2026-09-22 14:56:09.565 | INFO     | steering_lite.benchmark.cache:cached:37 - cache miss judge-request e1eac660d75d
2026-09-22 14:56:09.679 | INFO     | steering_lite.benchmark.cache:cached:37 - cache miss judge-request 8ed4f358a0a4
2026-09-22 14:56:09.902 | INFO     | steering_lite.benchmark.cache:cached:37 - cache miss judge-request ddffc1b48645
2026-09-22 14:56:09.968 | INFO     | steering_lite.benchmark.cache:cached:37 - cache miss judge-request 72d536d45de0
2026-09-22 14:56:10.009 | INFO     | steering_lite.benchmark.cache:cached:37 - cache miss judge-request 60e5050f2090
2026-09-22 14:56:10.051 | INFO     | steering_lite.benchmark.cache:cached:37 - cache miss judge-request 69ed624f5883
2026-09-22 14:56:10.095 | INFO     | steering_lite.benchmark.cache:cached:37 - cache miss judge-request bb71667423f9
2026-09-22 14:56:10.135 | INFO     | steering_lite.benchmark.cache:cached:37 - cache miss judge-request 0c23e11e9231
2026-09-22 14:56:10.395 | INFO     | steering_lite.benchmark.cache:cached:37 - cache miss judge-request 78c07a86b30f
2026-09-22 14:56:10.474 | INFO     | steering_lite.benchmark.cache:cached:37 - cache miss judge-request 3ee06e1107ac
2026-09-22 14:56:10.525 | INFO     | steering_lite.benchmark.cache:cached:37 - cache miss judge-request d908407f8c10
2026-09-22 14:56:10.564 | INFO     | steering_lite.benchmark.cache:cached:37 - cache miss judge-request 60312208cc59
2026-09-22 14:56:10.575 | INFO     | steering_lite.benchmark.cache:cached:37 - cache miss judge-request 1e8caf54e1a5
2026-09-22 14:56:10.640 | INFO     | steering_lite.benchmark.cache:cached:37 - cache miss judge-request e7d365a19357
2026-09-22 14:56:11.224 | INFO     | steering_lite.benchmark.cache:cached:35 - cache hit candidate-health 2142f185d765
2026-09-22 14:56:11.227 | INFO     | steering_lite.benchmark.cache:cached:35 - cache hit candidate-aware e3663fd86a6e
2026-09-22 14:56:11.230 | INFO     | steering_lite.benchmark.cache:cached:35 - cache hit candidate-blind 62299465cde9
2026-09-22 14:56:11.234 | INFO     | steering_lite.benchmark.cache:cached:35 - cache hit final-generation 772f48d4d02c
2026-09-22 14:56:11.240 | INFO     | steering_lite.benchmark.cache:cached:37 - cache miss final-judgments 5c2e10ce0032
2026-09-22 14:56:11.280 | INFO     | steering_lite.benchmark.cache:cached:37 - cache miss judge-request 845f567e8684
2026-09-22 14:56:11.280 | INFO     | steering_lite.benchmark.cache:cached:37 - cache miss judge-request 9df51ff889bb
2026-09-22 14:56:11.281 | INFO     | steering_lite.benchmark.cache:cached:37 - cache miss judge-request 6c41b972aebb
2026-09-22 14:56:11.281 | INFO     | steering_lite.benchmark.cache:cached:37 - cache miss judge-request 3cbad05fa14e
2026-09-22 14:56:11.281 | INFO     | steering_lite.benchmark.cache:cached:37 - cache miss judge-request a9508cda79cc
2026-09-22 14:56:11.288 | INFO     | steering_lite.benchmark.cache:cached:37 - cache miss judge-request 0b723dfb0d15
2026-09-22 14:56:11.799 | INFO     | steering_lite.benchmark.cache:cached:37 - cache miss judge-request c1c6a8273bfb
2026-09-22 14:56:11.836 | INFO     | steering_lite.benchmark.cache:cached:37 - cache miss judge-request 03084e379ce4
2026-09-22 14:56:11.849 | INFO     | steering_lite.benchmark.cache:cached:37 - cache miss judge-request 8dab2bf2632c
2026-09-22 14:56:11.859 | INFO     | steering_lite.benchmark.cache:cached:37 - cache miss judge-request 29df8e753141
2026-09-22 14:56:11.887 | INFO     | steering_lite.benchmark.cache:cached:37 - cache miss judge-request c9f111a05457
2026-09-22 14:56:11.888 | INFO     | steering_lite.benchmark.cache:cached:37 - cache miss judge-request c8c6683e3b98
2026-09-22 14:56:12.269 | INFO     | steering_lite.benchmark.cache:cached:37 - cache miss judge-request 52297ee98d0d
2026-09-22 14:56:12.270 | INFO     | steering_lite.benchmark.cache:cached:37 - cache miss judge-request ef7ecf0b31d9
2026-09-22 14:56:12.287 | INFO     | steering_lite.benchmark.cache:cached:37 - cache miss judge-request 7d362600804f
2026-09-22 14:56:12.296 | INFO     | steering_lite.benchmark.cache:cached:37 - cache miss judge-request 0894248dd623
2026-09-22 14:56:12.316 | INFO     | steering_lite.benchmark.cache:cached:37 - cache miss judge-request 0aee33b05da2
2026-09-22 14:56:12.324 | INFO     | steering_lite.benchmark.cache:cached:37 - cache miss judge-request 93be39b61c62
2026-09-22 14:56:12.789 | INFO     | steering_lite.benchmark.cache:cached:37 - cache miss judge-request 79535a433d44
2026-09-22 14:56:12.790 | INFO     | steering_lite.benchmark.cache:cached:37 - cache miss judge-request 45f2a34ca487
2026-09-22 14:56:12.827 | INFO     | steering_lite.benchmark.cache:cached:37 - cache miss judge-request eb6d6dbe7a46
2026-09-22 14:56:12.836 | INFO     | steering_lite.benchmark.cache:cached:37 - cache miss judge-request 54cab3c438df
2026-09-22 14:56:12.859 | INFO     | steering_lite.benchmark.cache:cached:37 - cache miss judge-request 9c0fe507d2e1
2026-09-22 14:56:12.860 | INFO     | steering_lite.benchmark.cache:cached:37 - cache miss judge-request 93b6276947d0
2026-09-22 14:56:13.262 | INFO     | steering_lite.benchmark.cache:cached:37 - cache miss judge-request 4d896867c92f
2026-09-22 14:56:13.263 | INFO     | steering_lite.benchmark.cache:cached:37 - cache miss judge-request 4d359142bcd3
2026-09-22 14:56:13.281 | INFO     | steering_lite.benchmark.cache:cached:37 - cache miss judge-request a45e8a503eaa
2026-09-22 14:56:13.304 | INFO     | steering_lite.benchmark.cache:cached:37 - cache miss judge-request e1f5037645c7
2026-09-22 14:56:13.304 | INFO     | steering_lite.benchmark.cache:cached:37 - cache miss judge-request 8c847abce73b
2026-09-22 14:56:13.348 | INFO     | steering_lite.benchmark.cache:cached:37 - cache miss judge-request 4e31b8ba450e
2026-09-22 14:56:13.580 | INFO     | steering_lite.benchmark.cache:cached:37 - cache miss judge-request fcaafeaacbd3
2026-09-22 14:56:13.612 | INFO     | steering_lite.benchmark.cache:cached:37 - cache miss judge-request 681d6dcb6d65
2026-09-22 14:56:13.643 | INFO     | steering_lite.benchmark.cache:cached:37 - cache miss judge-request ca799a887e48
2026-09-22 14:56:13.644 | INFO     | steering_lite.benchmark.cache:cached:37 - cache miss judge-request 93a20964780e
2026-09-22 14:56:13.668 | INFO     | steering_lite.benchmark.cache:cached:37 - cache miss judge-request 1ea2d4f5be87
2026-09-22 14:56:13.710 | INFO     | steering_lite.benchmark.cache:cached:37 - cache miss judge-request 5e7f5a6ab4b2
2026-09-22 14:56:13.959 | INFO     | steering_lite.benchmark.cache:cached:37 - cache miss judge-request c7dce59d2a9d
2026-09-22 14:56:13.972 | INFO     | steering_lite.benchmark.cache:cached:37 - cache miss judge-request 51bac3cf3910
2026-09-22 14:56:14.003 | INFO     | steering_lite.benchmark.cache:cached:37 - cache miss judge-request a4edb35659fd
2026-09-22 14:56:14.004 | INFO     | steering_lite.benchmark.cache:cached:37 - cache miss judge-request 993ba1aaee2d
2026-09-22 14:56:14.032 | INFO     | steering_lite.benchmark.cache:cached:37 - cache miss judge-request cc2747515098
2026-09-22 14:56:14.061 | INFO     | steering_lite.benchmark.cache:cached:37 - cache miss judge-request ccd3277b1c9c
2026-09-22 14:56:14.281 | INFO     | steering_lite.benchmark.cache:cached:37 - cache miss judge-request 8eac1eaa28c2
2026-09-22 14:56:14.335 | INFO     | steering_lite.benchmark.cache:cached:37 - cache miss judge-request 7a266b6afd3f
2026-09-22 14:56:14.347 | INFO     | steering_lite.benchmark.cache:cached:37 - cache miss judge-request 84a28d796307
2026-09-22 14:56:14.366 | INFO     | steering_lite.benchmark.cache:cached:37 - cache miss judge-request 1a3b8c367537
2026-09-22 14:56:14.409 | INFO     | steering_lite.benchmark.cache:cached:37 - cache miss judge-request 0e2ea77223fd
2026-09-22 14:56:14.413 | INFO     | steering_lite.benchmark.cache:cached:37 - cache miss judge-request c081cf7e0123
2026-09-22 14:56:14.660 | INFO     | steering_lite.benchmark.cache:cached:37 - cache miss judge-request 33ba160d1fe5
2026-09-22 14:56:14.677 | INFO     | steering_lite.benchmark.cache:cached:37 - cache miss judge-request 9f2405050aa4
2026-09-22 14:56:14.703 | INFO     | steering_lite.benchmark.cache:cached:37 - cache miss judge-request 6c4427a5d43f
2026-09-22 14:56:14.728 | INFO     | steering_lite.benchmark.cache:cached:37 - cache miss judge-request 39c3fe1a8092
2026-09-22 14:56:14.728 | INFO     | steering_lite.benchmark.cache:cached:37 - cache miss judge-request 40a33580b6f7
2026-09-22 14:56:14.752 | INFO     | steering_lite.benchmark.cache:cached:37 - cache miss judge-request 00eab60de00a
2026-09-22 14:56:15.018 | INFO     | steering_lite.benchmark.cache:cached:37 - cache miss judge-request 65a23ec6d3c6
2026-09-22 14:56:15.048 | INFO     | steering_lite.benchmark.cache:cached:37 - cache miss judge-request 3e01c15e0042
2026-09-22 14:56:15.056 | INFO     | steering_lite.benchmark.cache:cached:37 - cache miss judge-request 8ef38199def8
2026-09-22 14:56:15.080 | INFO     | steering_lite.benchmark.cache:cached:37 - cache miss judge-request 37cbcb50f6d6
2026-09-22 14:56:15.082 | INFO     | steering_lite.benchmark.cache:cached:37 - cache miss judge-request 607ac88d0c37
2026-09-22 14:56:15.123 | INFO     | steering_lite.benchmark.cache:cached:37 - cache miss judge-request 791f6c7ce772
2026-09-22 14:56:15.414 | INFO     | steering_lite.benchmark.cache:cached:37 - cache miss judge-request 5b04ef69b37a
2026-09-22 14:56:15.416 | INFO     | steering_lite.benchmark.cache:cached:37 - cache miss judge-request b52a3857da63
2026-09-22 14:56:15.463 | INFO     | steering_lite.benchmark.cache:cached:37 - cache miss judge-request 107df2fdc4a0
2026-09-22 14:56:15.467 | INFO     | steering_lite.benchmark.cache:cached:37 - cache miss judge-request ce4e03cf18d2
2026-09-22 14:56:15.490 | INFO     | steering_lite.benchmark.cache:cached:37 - cache miss judge-request a1208f71b19c
2026-09-22 14:56:15.534 | INFO     | steering_lite.benchmark.cache:cached:37 - cache miss judge-request 2f75ff2a0a7e
2026-09-22 14:56:15.789 | INFO     | steering_lite.benchmark.cache:cached:37 - cache miss judge-request 86441e2d4600
2026-09-22 14:56:15.791 | INFO     | steering_lite.benchmark.cache:cached:37 - cache miss judge-request da5f2d1543cb
2026-09-22 14:56:15.816 | INFO     | steering_lite.benchmark.cache:cached:37 - cache miss judge-request 0b40d571e34d
2026-09-22 14:56:15.817 | INFO     | steering_lite.benchmark.cache:cached:37 - cache miss judge-request a97d7209ad21
2026-09-22 14:56:15.857 | INFO     | steering_lite.benchmark.cache:cached:37 - cache miss judge-request 451a92a900e6
2026-09-22 14:56:15.958 | INFO     | steering_lite.benchmark.cache:cached:37 - cache miss judge-request 562ddf3120d4
2026-09-22 14:56:16.176 | INFO     | steering_lite.benchmark.cache:cached:37 - cache miss judge-request 87265ce6a7e0
2026-09-22 14:56:16.185 | INFO     | steering_lite.benchmark.cache:cached:37 - cache miss judge-request 6aa3b1565bf1
2026-09-22 14:56:16.195 | INFO     | steering_lite.benchmark.cache:cached:37 - cache miss judge-request 0008348421eb
2026-09-22 14:56:16.214 | INFO     | steering_lite.benchmark.cache:cached:37 - cache miss judge-request 715ccc11b4d0
2026-09-22 14:56:16.214 | INFO     | steering_lite.benchmark.cache:cached:37 - cache miss judge-request c8585b190255
2026-09-22 14:56:16.319 | INFO     | steering_lite.benchmark.cache:cached:37 - cache miss judge-request fa52e7bebee5
2026-09-22 14:56:16.487 | INFO     | steering_lite.benchmark.cache:cached:37 - cache miss judge-request 5d2f619ac9c6
2026-09-22 14:56:16.556 | INFO     | steering_lite.benchmark.cache:cached:37 - cache miss judge-request 608e1f34954d
2026-09-22 14:56:16.582 | INFO     | steering_lite.benchmark.cache:cached:37 - cache miss judge-request 42a3600edcf6
2026-09-22 14:56:16.599 | INFO     | steering_lite.benchmark.cache:cached:37 - cache miss judge-request c7d572b97ca3
2026-09-22 14:56:16.617 | INFO     | steering_lite.benchmark.cache:cached:37 - cache miss judge-request 6cbcb28fe93f
2026-09-22 14:56:16.764 | INFO     | steering_lite.benchmark.cache:cached:37 - cache miss judge-request 8a1b9fc011ae
2026-09-22 14:56:16.909 | INFO     | steering_lite.benchmark.cache:cached:37 - cache miss judge-request 04fc4308de6e
2026-09-22 14:56:16.949 | INFO     | steering_lite.benchmark.cache:cached:37 - cache miss judge-request 05c306460fc4
2026-09-22 14:56:16.950 | INFO     | steering_lite.benchmark.cache:cached:37 - cache miss judge-request d78c97231e6e
2026-09-22 14:56:16.981 | INFO     | steering_lite.benchmark.cache:cached:37 - cache miss judge-request 338a96da0d5e
2026-09-22 14:56:16.983 | INFO     | steering_lite.benchmark.cache:cached:37 - cache miss judge-request f0e9b1c7d73e
2026-09-22 14:56:17.102 | INFO     | steering_lite.benchmark.cache:cached:37 - cache miss judge-request df63e542aa78
2026-09-22 14:56:17.301 | INFO     | steering_lite.benchmark.cache:cached:37 - cache miss judge-request 8ccf8ae3b155
2026-09-22 14:56:17.303 | INFO     | steering_lite.benchmark.cache:cached:37 - cache miss judge-request 4605fccea7e0
2026-09-22 14:56:17.327 | INFO     | steering_lite.benchmark.cache:cached:37 - cache miss judge-request 53f1280879c8
2026-09-22 14:56:17.329 | INFO     | steering_lite.benchmark.cache:cached:37 - cache miss judge-request 4bc0aed5ddf4
2026-09-22 14:56:17.359 | INFO     | steering_lite.benchmark.cache:cached:37 - cache miss judge-request 2152269b34e6
2026-09-22 14:56:17.452 | INFO     | steering_lite.benchmark.cache:cached:37 - cache miss judge-request 23187f041a21
2026-09-22 14:56:17.709 | INFO     | steering_lite.benchmark.cache:cached:37 - cache miss judge-request 0de911b2603c
2026-09-22 14:56:17.710 | INFO     | steering_lite.benchmark.cache:cached:37 - cache miss judge-request d338c8fee85b
2026-09-22 14:56:17.766 | INFO     | steering_lite.benchmark.cache:cached:37 - cache miss judge-request 365f8db88489
2026-09-22 14:56:17.780 | INFO     | steering_lite.benchmark.cache:cached:37 - cache miss judge-request 6d9502192c92
2026-09-22 14:56:17.806 | INFO     | steering_lite.benchmark.cache:cached:37 - cache miss judge-request 572340d85926
2026-09-22 14:56:18.013 | INFO     | steering_lite.benchmark.cache:cached:37 - cache miss judge-request 61d5b68a0aa5
2026-09-22 14:56:18.258 | INFO     | steering_lite.benchmark.cache:cached:37 - cache miss judge-request e3e4c8922861
2026-09-22 14:56:18.298 | INFO     | steering_lite.benchmark.cache:cached:37 - cache miss judge-request 8eece0fa34b6
2026-09-22 14:56:18.316 | INFO     | steering_lite.benchmark.cache:cached:37 - cache miss judge-request 696c7f0363e8
2026-09-22 14:56:18.319 | INFO     | steering_lite.benchmark.cache:cached:37 - cache miss judge-request e6fd4b121587
2026-09-22 14:56:18.359 | INFO     | steering_lite.benchmark.cache:cached:37 - cache miss judge-request e66567c9d3a0
2026-09-22 14:56:18.520 | INFO     | steering_lite.benchmark.cache:cached:37 - cache miss judge-request 75a63c70b226
2026-09-22 14:56:18.732 | INFO     | steering_lite.benchmark.cache:cached:37 - cache miss judge-request d1d5c45eb2e1
2026-09-22 14:56:18.780 | INFO     | steering_lite.benchmark.cache:cached:37 - cache miss judge-request 0541b86678e2
2026-09-22 14:56:18.782 | INFO     | steering_lite.benchmark.cache:cached:37 - cache miss judge-request 05e605912c4f
2026-09-22 14:56:18.811 | INFO     | steering_lite.benchmark.cache:cached:37 - cache miss judge-request 8b67f4997a58
2026-09-22 14:56:18.813 | INFO     | steering_lite.benchmark.cache:cached:37 - cache miss judge-request 211252d7ee28
2026-09-22 14:56:18.979 | INFO     | steering_lite.benchmark.cache:cached:37 - cache miss judge-request 82974ce747b5
2026-09-22 14:56:19.160 | INFO     | steering_lite.benchmark.cache:cached:37 - cache miss judge-request f0e659d3d81b
2026-09-22 14:56:19.161 | INFO     | steering_lite.benchmark.cache:cached:37 - cache miss judge-request 94978158f19a
2026-09-22 14:56:19.209 | INFO     | steering_lite.benchmark.cache:cached:37 - cache miss judge-request 9795feb6e98d
2026-09-22 14:56:19.221 | INFO     | steering_lite.benchmark.cache:cached:37 - cache miss judge-request b2a758475c39
2026-09-22 14:56:19.225 | INFO     | steering_lite.benchmark.cache:cached:37 - cache miss judge-request f5901787c550
2026-09-22 14:56:19.415 | INFO     | steering_lite.benchmark.cache:cached:37 - cache miss judge-request df9772754e06
2026-09-22 14:56:19.551 | INFO     | steering_lite.benchmark.cache:cached:37 - cache miss judge-request c7ecec457c4d
2026-09-22 14:56:19.552 | INFO     | steering_lite.benchmark.cache:cached:37 - cache miss judge-request 23b88da1a253
2026-09-22 14:56:19.589 | INFO     | steering_lite.benchmark.cache:cached:37 - cache miss judge-request 086cb669a597
2026-09-22 14:56:19.615 | INFO     | steering_lite.benchmark.cache:cached:37 - cache miss judge-request b0a3f4ee6608
2026-09-22 14:56:19.617 | INFO     | steering_lite.benchmark.cache:cached:37 - cache miss judge-request 87d97bd4f3bc
2026-09-22 14:56:19.759 | INFO     | steering_lite.benchmark.cache:cached:37 - cache miss judge-request db282bd1b51d
2026-09-22 14:56:19.915 | INFO     | steering_lite.benchmark.cache:cached:37 - cache miss judge-request 0a239cc762ce
2026-09-22 14:56:19.927 | INFO     | steering_lite.benchmark.cache:cached:37 - cache miss judge-request 03bf9a373f04
2026-09-22 14:56:19.938 | INFO     | steering_lite.benchmark.cache:cached:37 - cache miss judge-request 21b2fe2a5177
2026-09-22 14:56:19.962 | INFO     | steering_lite.benchmark.cache:cached:37 - cache miss judge-request e93861607de5
2026-09-22 14:56:19.994 | INFO     | steering_lite.benchmark.cache:cached:37 - cache miss judge-request 428eeaaa5216
2026-09-22 14:56:20.215 | INFO     | steering_lite.benchmark.cache:cached:37 - cache miss judge-request b4851b2e7d24
2026-09-22 14:56:20.363 | INFO     | steering_lite.benchmark.cache:cached:37 - cache miss judge-request 449c26be6af9
2026-09-22 14:56:20.382 | INFO     | steering_lite.benchmark.cache:cached:37 - cache miss judge-request cf50546ca90e
2026-09-22 14:56:20.404 | INFO     | steering_lite.benchmark.cache:cached:37 - cache miss judge-request 6b0c4277e1f2
2026-09-22 14:56:20.406 | INFO     | steering_lite.benchmark.cache:cached:37 - cache miss judge-request b1c07a956c6a
2026-09-22 14:56:20.461 | INFO     | steering_lite.benchmark.cache:cached:37 - cache miss judge-request 8ac0e60023ca
2026-09-22 14:56:20.631 | INFO     | steering_lite.benchmark.cache:cached:37 - cache miss judge-request 6d25db62704a
2026-09-22 14:56:20.741 | INFO     | steering_lite.benchmark.cache:cached:37 - cache miss judge-request d11a255e84f9
2026-09-22 14:56:20.801 | INFO     | steering_lite.benchmark.cache:cached:37 - cache miss judge-request 4b1f8b9aecd3
2026-09-22 14:56:20.802 | INFO     | steering_lite.benchmark.cache:cached:37 - cache miss judge-request f8f8389e8465
2026-09-22 14:56:20.860 | INFO     | steering_lite.benchmark.cache:cached:37 - cache miss judge-request 7f0ae1e77e72
2026-09-22 14:56:20.875 | INFO     | steering_lite.benchmark.cache:cached:37 - cache miss judge-request 3687dc0aca2c
2026-09-22 14:56:21.063 | INFO     | steering_lite.benchmark.cache:cached:37 - cache miss judge-request a2da2f820039
2026-09-22 14:56:21.149 | INFO     | steering_lite.benchmark.cache:cached:37 - cache miss judge-request 8fa8638d07ea
2026-09-22 14:56:21.218 | INFO     | steering_lite.benchmark.cache:cached:37 - cache miss judge-request b14d7704e32a
2026-09-22 14:56:21.220 | INFO     | steering_lite.benchmark.cache:cached:37 - cache miss judge-request 59864707d42b
2026-09-22 14:56:21.266 | INFO     | steering_lite.benchmark.cache:cached:37 - cache miss judge-request 620af9125e57
2026-09-22 14:56:21.347 | INFO     | steering_lite.benchmark.cache:cached:37 - cache miss judge-request 5de7833114e5
2026-09-22 14:56:21.511 | INFO     | steering_lite.benchmark.cache:cached:37 - cache miss judge-request 502246a3bb29
2026-09-22 14:56:21.569 | INFO     | steering_lite.benchmark.cache:cached:37 - cache miss judge-request 9583a194c561
2026-09-22 14:56:21.587 | INFO     | steering_lite.benchmark.cache:cached:37 - cache miss judge-request af7a42c2f368
2026-09-22 14:56:21.654 | INFO     | steering_lite.benchmark.cache:cached:37 - cache miss judge-request e02fa4fdab4a
2026-09-22 14:56:21.662 | INFO     | steering_lite.benchmark.cache:cached:37 - cache miss judge-request 379e23e17c76
2026-09-22 14:56:21.786 | INFO     | steering_lite.benchmark.cache:cached:37 - cache miss judge-request 3bc52fc9b4ad
2026-09-22 14:56:22.012 | INFO     | steering_lite.benchmark.cache:cached:37 - cache miss judge-request 195a5a81dfb6
2026-09-22 14:56:22.104 | INFO     | steering_lite.benchmark.cache:cached:37 - cache miss judge-request 6059273956e8
2026-09-22 14:56:22.152 | INFO     | steering_lite.benchmark.cache:cached:37 - cache miss judge-request 9defafe7ee9b
2026-09-22 14:56:22.169 | INFO     | steering_lite.benchmark.cache:cached:37 - cache miss judge-request 28a1c749934e
2026-09-22 14:56:22.229 | INFO     | steering_lite.benchmark.cache:cached:37 - cache miss judge-request a34fc052e634
2026-09-22 14:56:22.276 | INFO     | steering_lite.benchmark.cache:cached:37 - cache miss judge-request 62e7d4d8d049
2026-09-22 14:56:22.486 | INFO     | steering_lite.benchmark.cache:cached:37 - cache miss judge-request ba14c40a17aa
2026-09-22 14:56:22.556 | INFO     | steering_lite.benchmark.cache:cached:37 - cache miss judge-request 57b399aee54b
2026-09-22 14:56:22.572 | INFO     | steering_lite.benchmark.cache:cached:37 - cache miss judge-request 1950169cc837
2026-09-22 14:56:22.633 | INFO     | steering_lite.benchmark.cache:cached:37 - cache miss judge-request 7c85849bebdf
2026-09-22 14:56:22.636 | INFO     | steering_lite.benchmark.cache:cached:37 - cache miss judge-request b1b3510c019d
2026-09-22 14:56:22.751 | INFO     | steering_lite.benchmark.cache:cached:37 - cache miss judge-request 2c8b0f37cfe3
2026-09-22 14:56:23.055 | INFO     | steering_lite.benchmark.cache:cached:37 - cache miss judge-request e81c1592d5cf
2026-09-22 14:56:23.117 | INFO     | steering_lite.benchmark.cache:cached:37 - cache miss judge-request 46a458108205
2026-09-22 14:56:23.181 | INFO     | steering_lite.benchmark.cache:cached:37 - cache miss judge-request 2f1fd5f1dbbc
2026-09-22 14:56:23.224 | INFO     | steering_lite.benchmark.cache:cached:37 - cache miss judge-request a6e60e48591e
2026-09-22 14:56:23.288 | INFO     | steering_lite.benchmark.cache:cached:37 - cache miss judge-request 693ff26f9500
2026-09-22 14:56:23.376 | INFO     | steering_lite.benchmark.cache:cached:37 - cache miss judge-request 1d9251fca4e1
2026-09-22 14:56:24.000 | INFO     | steering_lite.benchmark.cache:cached:37 - cache miss judge-request 9d30a595d9ce
2026-09-22 14:56:24.053 | INFO     | steering_lite.benchmark.cache:cached:37 - cache miss judge-request 613a22d8dc92
2026-09-22 14:56:24.123 | INFO     | steering_lite.benchmark.cache:cached:37 - cache miss judge-request 2337668fa7a4
2026-09-22 14:56:24.189 | INFO     | steering_lite.benchmark.cache:cached:37 - cache miss judge-request 28f4b3dc16f5
2026-09-22 14:56:24.191 | INFO     | steering_lite.benchmark.cache:cached:37 - cache miss judge-request 257e4868cf20
2026-09-22 14:56:24.308 | INFO     | steering_lite.benchmark.cache:cached:37 - cache miss judge-request 28a2851f5853
2026-09-22 14:56:24.733 | INFO     | steering_lite.benchmark.cache:cached:37 - cache miss judge-request 217f38460770
2026-09-22 14:56:24.741 | INFO     | steering_lite.benchmark.cache:cached:37 - cache miss judge-request 1ca79f31f20e
2026-09-22 14:56:24.794 | INFO     | steering_lite.benchmark.cache:cached:37 - cache miss judge-request 4aa7e50395c1
2026-09-22 14:56:24.797 | INFO     | steering_lite.benchmark.cache:cached:37 - cache miss judge-request 492230e37dc1
2026-09-22 14:56:24.799 | INFO     | steering_lite.benchmark.cache:cached:37 - cache miss judge-request 0b65b0cce86e
2026-09-22 14:56:24.879 | INFO     | steering_lite.benchmark.cache:cached:37 - cache miss judge-request 06122ce89779
2026-09-22 14:56:25.248 | INFO     | steering_lite.benchmark.cache:cached:37 - cache miss judge-request 0771edc694e6
2026-09-22 14:56:25.281 | INFO     | steering_lite.benchmark.cache:cached:37 - cache miss judge-request fb7e6f56a59b
2026-09-22 14:56:25.316 | INFO     | steering_lite.benchmark.cache:cached:37 - cache miss judge-request e30f5663d977
2026-09-22 14:56:25.320 | INFO     | steering_lite.benchmark.cache:cached:37 - cache miss judge-request 0bde678ea82c
2026-09-22 14:56:25.346 | INFO     | steering_lite.benchmark.cache:cached:37 - cache miss judge-request 2bf23453503c
2026-09-22 14:56:25.472 | INFO     | steering_lite.benchmark.cache:cached:37 - cache miss judge-request ec91958a0bfd
2026-09-22 14:56:26.115 | INFO     | steering_lite.benchmark.cache:cached:37 - cache miss judge-request 1595fa59f673
2026-09-22 14:56:26.122 | INFO     | steering_lite.benchmark.cache:cached:37 - cache miss judge-request f178368d99ba
2026-09-22 14:56:26.231 | INFO     | steering_lite.benchmark.cache:cached:37 - cache miss judge-request bff4b3d39ac9
2026-09-22 14:56:26.259 | INFO     | steering_lite.benchmark.cache:cached:37 - cache miss judge-request 882e149adb38
2026-09-22 14:56:26.296 | INFO     | steering_lite.benchmark.cache:cached:37 - cache miss judge-request b1133a5a1820
2026-09-22 14:56:26.459 | INFO     | steering_lite.benchmark.cache:cached:37 - cache miss judge-request 974c9804ecb5
2026-09-22 14:56:26.912 | INFO     | steering_lite.benchmark.cache:cached:37 - cache miss judge-request fc2c81c0914f
2026-09-22 14:56:26.948 | INFO     | steering_lite.benchmark.cache:cached:37 - cache miss judge-request e6547213891e
2026-09-22 14:56:27.015 | INFO     | steering_lite.benchmark.cache:cached:37 - cache miss judge-request b8d707a6fffb
2026-09-22 14:56:27.060 | INFO     | steering_lite.benchmark.cache:cached:37 - cache miss judge-request 0868e277ace7
2026-09-22 14:56:27.096 | INFO     | steering_lite.benchmark.cache:cached:37 - cache miss judge-request e780e2037216
2026-09-22 14:56:27.168 | INFO     | steering_lite.benchmark.cache:cached:37 - cache miss judge-request d3389de933ec
2026-09-22 14:56:27.472 | INFO     | steering_lite.benchmark.cache:cached:37 - cache miss judge-request 24919c70744a
2026-09-22 14:56:27.528 | INFO     | steering_lite.benchmark.cache:cached:37 - cache miss judge-request 0c432cf31e81
2026-09-22 14:56:27.528 | INFO     | steering_lite.benchmark.cache:cached:37 - cache miss judge-request bed3f393473d
2026-09-22 14:56:27.609 | INFO     | steering_lite.benchmark.cache:cached:37 - cache miss judge-request 0701c8fabdda
2026-09-22 14:56:27.635 | INFO     | steering_lite.benchmark.cache:cached:37 - cache miss judge-request e9c7d93fcae7
2026-09-22 14:56:27.715 | INFO     | steering_lite.benchmark.cache:cached:37 - cache miss judge-request c6bbb2602838
2026-09-22 14:56:27.946 | INFO     | steering_lite.benchmark.cache:cached:37 - cache miss judge-request 98b18d10de5b
2026-09-22 14:56:28.019 | INFO     | steering_lite.benchmark.cache:cached:37 - cache miss judge-request 5b8f8006cadf
2026-09-22 14:56:28.024 | INFO     | steering_lite.benchmark.cache:cached:37 - cache miss judge-request cb9b0d0ce754
2026-09-22 14:56:28.086 | INFO     | steering_lite.benchmark.cache:cached:37 - cache miss judge-request a41c823fccfa
2026-09-22 14:56:28.107 | INFO     | steering_lite.benchmark.cache:cached:37 - cache miss judge-request 1d0cb295456e
2026-09-22 14:56:28.203 | INFO     | steering_lite.benchmark.cache:cached:37 - cache miss judge-request d35ce4a778b5
2026-09-22 14:56:28.466 | INFO     | steering_lite.benchmark.cache:cached:37 - cache miss judge-request 845733e360f3
2026-09-22 14:56:28.540 | INFO     | steering_lite.benchmark.cache:cached:37 - cache miss judge-request c53f6a6722d0
2026-09-22 14:56:28.544 | INFO     | steering_lite.benchmark.cache:cached:37 - cache miss judge-request df25a3fb7061
2026-09-22 14:56:28.603 | INFO     | steering_lite.benchmark.cache:cached:37 - cache miss judge-request dc1744a6e5bb
2026-09-22 14:56:28.634 | INFO     | steering_lite.benchmark.cache:cached:37 - cache miss judge-request 5997c228df86
2026-09-22 14:56:28.692 | INFO     | steering_lite.benchmark.cache:cached:37 - cache miss judge-request 1a0144f53669
2026-09-22 14:56:28.925 | INFO     | steering_lite.benchmark.cache:cached:37 - cache miss judge-request 57a65edb4f81
2026-09-22 14:56:28.977 | INFO     | steering_lite.benchmark.cache:cached:37 - cache miss judge-request 7b969b7b393f
2026-09-22 14:56:29.024 | INFO     | steering_lite.benchmark.cache:cached:37 - cache miss judge-request 7dc83df0b031
2026-09-22 14:56:29.068 | INFO     | steering_lite.benchmark.cache:cached:37 - cache miss judge-request 21903dd8429d
2026-09-22 14:56:29.101 | INFO     | steering_lite.benchmark.cache:cached:37 - cache miss judge-request 29ccef8da6ce
2026-09-22 14:56:29.123 | INFO     | steering_lite.benchmark.cache:cached:37 - cache miss judge-request 30c593e56e3a
2026-09-22 14:56:29.393 | INFO     | steering_lite.benchmark.cache:cached:37 - cache miss judge-request 9fc45ac4a815
2026-09-22 14:56:29.409 | INFO     | steering_lite.benchmark.cache:cached:37 - cache miss judge-request 2d90064e39fa
2026-09-22 14:56:29.473 | INFO     | steering_lite.benchmark.cache:cached:37 - cache miss judge-request 7d3bbd232e9f
2026-09-22 14:56:29.502 | INFO     | steering_lite.benchmark.cache:cached:37 - cache miss judge-request a6065de0ae7a
2026-09-22 14:56:29.564 | INFO     | steering_lite.benchmark.cache:cached:37 - cache miss judge-request 8ca669e5b8eb
2026-09-22 14:56:29.592 | INFO     | steering_lite.benchmark.cache:cached:37 - cache miss judge-request eed9ded8694b
2026-09-22 14:56:29.895 | INFO     | steering_lite.benchmark.cache:cached:37 - cache miss judge-request 887a9edf326b
2026-09-22 14:56:29.895 | INFO     | steering_lite.benchmark.cache:cached:37 - cache miss judge-request bf618eee9e33
2026-09-22 14:56:29.949 | INFO     | steering_lite.benchmark.cache:cached:37 - cache miss judge-request dcd65dfa1a4a
2026-09-22 14:56:29.997 | INFO     | steering_lite.benchmark.cache:cached:37 - cache miss judge-request 8d6f869f52be
2026-09-22 14:56:30.041 | INFO     | steering_lite.benchmark.cache:cached:37 - cache miss judge-request 5a2ff9b16656
2026-09-22 14:56:30.043 | INFO     | steering_lite.benchmark.cache:cached:37 - cache miss judge-request 6c73c53d118b
2026-09-22 14:56:30.318 | INFO     | steering_lite.benchmark.cache:cached:37 - cache miss judge-request 00d3a6e3e571
2026-09-22 14:56:30.331 | INFO     | steering_lite.benchmark.cache:cached:37 - cache miss judge-request c83faf708c91
2026-09-22 14:56:30.388 | INFO     | steering_lite.benchmark.cache:cached:37 - cache miss judge-request b25893b277f4
2026-09-22 14:56:30.404 | INFO     | steering_lite.benchmark.cache:cached:37 - cache miss judge-request 9f682783f3ce
2026-09-22 14:56:30.405 | INFO     | steering_lite.benchmark.cache:cached:37 - cache miss judge-request bd28d9b321a7
2026-09-22 14:56:30.491 | INFO     | steering_lite.benchmark.cache:cached:37 - cache miss judge-request 5a3ad46e1b70
2026-09-22 14:56:30.764 | INFO     | steering_lite.benchmark.cache:cached:37 - cache miss judge-request 7873240810bb
2026-09-22 14:56:30.782 | INFO     | steering_lite.benchmark.cache:cached:37 - cache miss judge-request 0c3306d9ccb6
2026-09-22 14:56:30.782 | INFO     | steering_lite.benchmark.cache:cached:37 - cache miss judge-request 952ef422c904
2026-09-22 14:56:30.816 | INFO     | steering_lite.benchmark.cache:cached:37 - cache miss judge-request 40f4b0370853
2026-09-22 14:56:30.859 | INFO     | steering_lite.benchmark.cache:cached:37 - cache miss judge-request 3ce8847642b4
2026-09-22 14:56:30.946 | INFO     | steering_lite.benchmark.cache:cached:37 - cache miss judge-request f4b1a1f54fa2
2026-09-22 14:56:31.269 | INFO     | steering_lite.benchmark.cache:cached:37 - cache miss judge-request 3a752c093458
2026-09-22 14:56:31.300 | INFO     | steering_lite.benchmark.cache:cached:37 - cache miss judge-request 8124ec40c005
2026-09-22 14:56:31.301 | INFO     | steering_lite.benchmark.cache:cached:37 - cache miss judge-request cb5778b23184
2026-09-22 14:56:31.342 | INFO     | steering_lite.benchmark.cache:cached:37 - cache miss judge-request e36f91f27a8a
2026-09-22 14:56:31.392 | INFO     | steering_lite.benchmark.cache:cached:37 - cache miss judge-request 83a6da85e8de
2026-09-22 14:56:31.465 | INFO     | steering_lite.benchmark.cache:cached:37 - cache miss judge-request 1d195512e39d
2026-09-22 14:56:31.736 | INFO     | steering_lite.benchmark.cache:cached:37 - cache miss judge-request 943b89c03cf3
2026-09-22 14:56:31.781 | INFO     | steering_lite.benchmark.cache:cached:37 - cache miss judge-request 1cc4e92c4e4f
2026-09-22 14:56:31.826 | INFO     | steering_lite.benchmark.cache:cached:37 - cache miss judge-request 9ec783300bbb
2026-09-22 14:56:31.827 | INFO     | steering_lite.benchmark.cache:cached:37 - cache miss judge-request 20e0cd03c336
2026-09-22 14:56:31.901 | INFO     | steering_lite.benchmark.cache:cached:37 - cache miss judge-request 3b42d21c6898
2026-09-22 14:56:32.011 | INFO     | steering_lite.benchmark.cache:cached:37 - cache miss judge-request af5f83bbb883
2026-09-22 14:56:32.244 | INFO     | steering_lite.benchmark.cache:cached:37 - cache miss judge-request 710cae093503
2026-09-22 14:56:32.264 | INFO     | steering_lite.benchmark.cache:cached:37 - cache miss judge-request 832131d76331
2026-09-22 14:56:32.266 | INFO     | steering_lite.benchmark.cache:cached:37 - cache miss judge-request cb5d41f2069e
2026-09-22 14:56:32.287 | INFO     | steering_lite.benchmark.cache:cached:37 - cache miss judge-request 3c634c9f5087
2026-09-22 14:56:32.359 | INFO     | steering_lite.benchmark.cache:cached:37 - cache miss judge-request 69bcae7b2889
2026-09-22 14:56:32.501 | INFO     | steering_lite.benchmark.cache:cached:37 - cache miss judge-request a45f911e0ec5
2026-09-22 14:56:32.720 | INFO     | steering_lite.benchmark.cache:cached:37 - cache miss judge-request 1085c08ed50a
2026-09-22 14:56:32.774 | INFO     | steering_lite.benchmark.cache:cached:37 - cache miss judge-request 46b1d78f19a8
2026-09-22 14:56:32.833 | INFO     | steering_lite.benchmark.cache:cached:37 - cache miss judge-request ec2efdc3a281
2026-09-22 14:56:32.834 | INFO     | steering_lite.benchmark.cache:cached:37 - cache miss judge-request c6736e46a17c
2026-09-22 14:56:32.904 | INFO     | steering_lite.benchmark.cache:cached:37 - cache miss judge-request 63ad04d0f8b6
2026-09-22 14:56:32.979 | INFO     | steering_lite.benchmark.cache:cached:37 - cache miss judge-request 2bfa5f8256c0
2026-09-22 14:56:33.244 | INFO     | steering_lite.benchmark.cache:cached:37 - cache miss judge-request d8b68afb83c6
2026-09-22 14:56:33.244 | INFO     | steering_lite.benchmark.cache:cached:37 - cache miss judge-request f60779d864f1
2026-09-22 14:56:33.300 | INFO     | steering_lite.benchmark.cache:cached:37 - cache miss judge-request 23c492f4ac2c
2026-09-22 14:56:33.306 | INFO     | steering_lite.benchmark.cache:cached:37 - cache miss judge-request 5f1695890823
2026-09-22 14:56:33.392 | INFO     | steering_lite.benchmark.cache:cached:37 - cache miss judge-request dc8aa371decc
2026-09-22 14:56:33.497 | INFO     | steering_lite.benchmark.cache:cached:37 - cache miss judge-request 348453430727
2026-09-22 14:56:33.686 | INFO     | steering_lite.benchmark.cache:cached:37 - cache miss judge-request 91ca283e1bb9
2026-09-22 14:56:33.687 | INFO     | steering_lite.benchmark.cache:cached:37 - cache miss judge-request 0be309f70afd
2026-09-22 14:56:33.769 | INFO     | steering_lite.benchmark.cache:cached:37 - cache miss judge-request 55c42831ce56
2026-09-22 14:56:33.772 | INFO     | steering_lite.benchmark.cache:cached:37 - cache miss judge-request 84181f029a66
2026-09-22 14:56:33.886 | INFO     | steering_lite.benchmark.cache:cached:37 - cache miss judge-request dab3bb331ca4
2026-09-22 14:56:34.004 | INFO     | steering_lite.benchmark.cache:cached:37 - cache miss judge-request 1a38fcbb3619
2026-09-22 14:56:34.263 | INFO     | steering_lite.benchmark.cache:cached:37 - cache miss judge-request 119598042ab7
2026-09-22 14:56:34.291 | INFO     | steering_lite.benchmark.cache:cached:37 - cache miss judge-request f8a8498b14d3
2026-09-22 14:56:34.296 | INFO     | steering_lite.benchmark.cache:cached:37 - cache miss judge-request 35ab3f304823
2026-09-22 14:56:34.411 | INFO     | steering_lite.benchmark.cache:cached:37 - cache miss judge-request 16294cde3a23
2026-09-22 14:56:34.532 | INFO     | steering_lite.benchmark.cache:cached:37 - cache miss judge-request 0c10d2c1be59
2026-09-22 14:56:34.650 | INFO     | steering_lite.benchmark.cache:cached:37 - cache miss judge-request 10666a478e44
2026-09-22 14:56:34.829 | INFO     | steering_lite.benchmark.cache:cached:37 - cache miss judge-request 60d8ef700243
2026-09-22 14:56:34.865 | INFO     | steering_lite.benchmark.cache:cached:37 - cache miss judge-request aa3fa3ea7143
2026-09-22 14:56:34.946 | INFO     | steering_lite.benchmark.cache:cached:37 - cache miss judge-request 1144c302b010
2026-09-22 14:56:35.083 | INFO     | steering_lite.benchmark.cache:cached:37 - cache miss judge-request 405e51b1853a
2026-09-22 14:56:35.149 | INFO     | steering_lite.benchmark.cache:cached:37 - cache miss judge-request 9a185f10511b
2026-09-22 14:56:35.185 | INFO     | steering_lite.benchmark.cache:cached:37 - cache miss judge-request baedcf16ea16
2026-09-22 14:56:35.395 | INFO     | steering_lite.benchmark.cache:cached:37 - cache miss judge-request c3e8504d7c3e
2026-09-22 14:56:35.400 | INFO     | steering_lite.benchmark.cache:cached:37 - cache miss judge-request c178e453a526
2026-09-22 14:56:35.498 | INFO     | steering_lite.benchmark.cache:cached:37 - cache miss judge-request d3a0affaf14b
2026-09-22 14:56:35.664 | INFO     | steering_lite.benchmark.cache:cached:37 - cache miss judge-request 281327106cfe
2026-09-22 14:56:35.701 | INFO     | steering_lite.benchmark.cache:cached:37 - cache miss judge-request 9c2eda9fc14b
2026-09-22 14:56:35.721 | INFO     | steering_lite.benchmark.cache:cached:37 - cache miss judge-request 4cd3b3cec604
2026-09-22 14:56:35.886 | INFO     | steering_lite.benchmark.cache:cached:37 - cache miss judge-request 817f61f19c5c
2026-09-22 14:56:35.911 | INFO     | steering_lite.benchmark.cache:cached:37 - cache miss judge-request b7114eaf2c62
2026-09-22 14:56:35.986 | INFO     | steering_lite.benchmark.cache:cached:37 - cache miss judge-request 2e673572ab7a
2026-09-22 14:56:36.138 | INFO     | steering_lite.benchmark.cache:cached:37 - cache miss judge-request 75a13a2c2de5
2026-09-22 14:56:36.178 | INFO     | steering_lite.benchmark.cache:cached:37 - cache miss judge-request 5896413d34c0
2026-09-22 14:56:36.215 | INFO     | steering_lite.benchmark.cache:cached:37 - cache miss judge-request a6b5f6577293
2026-09-22 14:56:36.398 | INFO     | steering_lite.benchmark.cache:cached:37 - cache miss judge-request 7d51fef27c63
2026-09-22 14:56:36.437 | INFO     | steering_lite.benchmark.cache:cached:37 - cache miss judge-request 75d1496e76a0
2026-09-22 14:56:36.505 | INFO     | steering_lite.benchmark.cache:cached:37 - cache miss judge-request f9b5c374c63b
2026-09-22 14:56:36.763 | INFO     | steering_lite.benchmark.cache:cached:37 - cache miss judge-request 5eaa14534337
2026-09-22 14:56:36.824 | INFO     | steering_lite.benchmark.cache:cached:37 - cache miss judge-request 10e15609d3c3
2026-09-22 14:56:36.837 | INFO     | steering_lite.benchmark.cache:cached:37 - cache miss judge-request 2c1ef160f2aa
2026-09-22 14:56:37.012 | INFO     | steering_lite.benchmark.cache:cached:37 - cache miss judge-request 600600e99126
2026-09-22 14:56:37.021 | INFO     | steering_lite.benchmark.cache:cached:37 - cache miss judge-request a902a482c14f
2026-09-22 14:56:37.079 | INFO     | steering_lite.benchmark.cache:cached:37 - cache miss judge-request e38b23e0cf32
2026-09-22 14:56:37.324 | INFO     | steering_lite.benchmark.cache:cached:37 - cache miss judge-request 5a4df8da0c3e
2026-09-22 14:56:37.327 | INFO     | steering_lite.benchmark.cache:cached:37 - cache miss judge-request 2af73bca02bc
2026-09-22 14:56:37.378 | INFO     | steering_lite.benchmark.cache:cached:37 - cache miss judge-request e34fec12718e
2026-09-22 14:56:37.509 | INFO     | steering_lite.benchmark.cache:cached:37 - cache miss judge-request f0432152ed44
2026-09-22 14:56:37.524 | INFO     | steering_lite.benchmark.cache:cached:37 - cache miss judge-request 6a0de1cf90ec
2026-09-22 14:56:37.575 | INFO     | steering_lite.benchmark.cache:cached:37 - cache miss judge-request b4380582b457
2026-09-22 14:56:37.790 | INFO     | steering_lite.benchmark.cache:cached:37 - cache miss judge-request 54d890e18923
2026-09-22 14:56:37.826 | INFO     | steering_lite.benchmark.cache:cached:37 - cache miss judge-request f3702e0c5b1d
2026-09-22 14:56:37.834 | INFO     | steering_lite.benchmark.cache:cached:37 - cache miss judge-request 80a596c3e490
2026-09-22 14:56:37.997 | INFO     | steering_lite.benchmark.cache:cached:37 - cache miss judge-request a1884c6bb90d
2026-09-22 14:56:38.037 | INFO     | steering_lite.benchmark.cache:cached:37 - cache miss judge-request 864fc59d54c9
2026-09-22 14:56:38.102 | INFO     | steering_lite.benchmark.cache:cached:37 - cache miss judge-request 24b722b3e1c7
2026-09-22 14:56:38.289 | INFO     | steering_lite.benchmark.cache:cached:37 - cache miss judge-request 72be3155ccce
2026-09-22 14:56:38.351 | INFO     | steering_lite.benchmark.cache:cached:37 - cache miss judge-request e14d11a31832
2026-09-22 14:56:38.412 | INFO     | steering_lite.benchmark.cache:cached:37 - cache miss judge-request b90a913114aa
2026-09-22 14:56:38.570 | INFO     | steering_lite.benchmark.cache:cached:37 - cache miss judge-request 343a27ef8079
2026-09-22 14:56:38.649 | INFO     | steering_lite.benchmark.cache:cached:37 - cache miss judge-request 11824d92692d
2026-09-22 14:56:38.697 | INFO     | steering_lite.benchmark.cache:cached:37 - cache miss judge-request 50047065fbc4
2026-09-22 14:56:38.932 | INFO     | steering_lite.benchmark.cache:cached:37 - cache miss judge-request d809e4bfe70d
2026-09-22 14:56:38.932 | INFO     | steering_lite.benchmark.cache:cached:37 - cache miss judge-request 455512fc7844
2026-09-22 14:56:39.031 | INFO     | steering_lite.benchmark.cache:cached:37 - cache miss judge-request ec8d52bcdadb
2026-09-22 14:56:39.193 | INFO     | steering_lite.benchmark.cache:cached:37 - cache miss judge-request 5438d7cb72cb
2026-09-22 14:56:39.336 | INFO     | steering_lite.benchmark.cache:cached:37 - cache miss judge-request edd099276e04
2026-09-22 14:56:39.337 | INFO     | steering_lite.benchmark.cache:cached:37 - cache miss judge-request 933033b51650
2026-09-22 14:56:39.654 | INFO     | steering_lite.benchmark.cache:cached:37 - cache miss judge-request b03a53f11b9d
2026-09-22 14:56:39.675 | INFO     | steering_lite.benchmark.cache:cached:37 - cache miss judge-request 33067dde15ea
2026-09-22 14:56:39.800 | INFO     | steering_lite.benchmark.cache:cached:37 - cache miss judge-request 4156bc3cddd9
2026-09-22 14:56:39.932 | INFO     | steering_lite.benchmark.cache:cached:37 - cache miss judge-request 4e3f912cf87f
2026-09-22 14:56:40.023 | INFO     | steering_lite.benchmark.cache:cached:37 - cache miss judge-request b19fd44908b5
2026-09-22 14:56:40.053 | INFO     | steering_lite.benchmark.cache:cached:37 - cache miss judge-request 62592babde62
2026-09-22 14:56:40.263 | INFO     | steering_lite.benchmark.cache:cached:37 - cache miss judge-request df816982a3a4
2026-09-22 14:56:40.329 | INFO     | steering_lite.benchmark.cache:cached:37 - cache miss judge-request 463479881f88
2026-09-22 14:56:40.404 | INFO     | steering_lite.benchmark.cache:cached:37 - cache miss judge-request 149c14e4a6cc
2026-09-22 14:56:40.540 | INFO     | steering_lite.benchmark.cache:cached:37 - cache miss judge-request 248db0e9d655
2026-09-22 14:56:40.598 | INFO     | steering_lite.benchmark.cache:cached:37 - cache miss judge-request b8fc95308f00
2026-09-22 14:56:40.676 | INFO     | steering_lite.benchmark.cache:cached:37 - cache miss judge-request f6ccdcf23844
2026-09-22 14:56:40.972 | INFO     | steering_lite.benchmark.cache:cached:37 - cache miss judge-request 643e604a5d25
2026-09-22 14:56:41.135 | INFO     | steering_lite.benchmark.cache:cached:37 - cache miss judge-request ceb8837ac7ee
2026-09-22 14:56:41.250 | INFO     | steering_lite.benchmark.cache:cached:37 - cache miss judge-request 0304f9a6deac
2026-09-22 14:56:41.408 | INFO     | steering_lite.benchmark.cache:cached:37 - cache miss judge-request 656dca890dd4
2026-09-22 14:56:41.409 | INFO     | steering_lite.benchmark.cache:cached:37 - cache miss judge-request 67c22031499b
2026-09-22 14:56:41.477 | INFO     | steering_lite.benchmark.cache:cached:37 - cache miss judge-request c7339760d842
2026-09-22 14:56:41.636 | INFO     | steering_lite.benchmark.cache:cached:37 - cache miss judge-request 69331dfa18c6
2026-09-22 14:56:41.687 | INFO     | steering_lite.benchmark.cache:cached:37 - cache miss judge-request 63822a745e55
2026-09-22 14:56:41.791 | INFO     | steering_lite.benchmark.cache:cached:37 - cache miss judge-request 3f08ed6c6d49
2026-09-22 14:56:41.824 | INFO     | steering_lite.benchmark.cache:cached:37 - cache miss judge-request d5ade7c29955
2026-09-22 14:56:41.881 | INFO     | steering_lite.benchmark.cache:cached:37 - cache miss judge-request 296ccd468911
2026-09-22 14:56:41.977 | INFO     | steering_lite.benchmark.cache:cached:37 - cache miss judge-request fd18d467da7b
2026-09-22 14:56:42.151 | INFO     | steering_lite.benchmark.cache:cached:37 - cache miss judge-request 8a272e04b757
2026-09-22 14:56:42.186 | INFO     | steering_lite.benchmark.cache:cached:37 - cache miss judge-request b1c5af4c38a0
2026-09-22 14:56:42.410 | INFO     | steering_lite.benchmark.cache:cached:37 - cache miss judge-request 96e9fa5455b8
2026-09-22 14:56:42.415 | INFO     | steering_lite.benchmark.cache:cached:37 - cache miss judge-request 676656ad89d7
2026-09-22 14:56:42.524 | INFO     | steering_lite.benchmark.cache:cached:37 - cache miss judge-request 90fc6354a59d
2026-09-22 14:56:42.535 | INFO     | steering_lite.benchmark.cache:cached:37 - cache miss judge-request 41815b93c68a
2026-09-22 14:56:42.693 | INFO     | steering_lite.benchmark.cache:cached:37 - cache miss judge-request 0358b8ab029b
2026-09-22 14:56:42.794 | INFO     | steering_lite.benchmark.cache:cached:37 - cache miss judge-request 966c1aac225f
2026-09-22 14:56:42.931 | INFO     | steering_lite.benchmark.cache:cached:37 - cache miss judge-request 255278d1ebc7
2026-09-22 14:56:43.016 | INFO     | steering_lite.benchmark.cache:cached:37 - cache miss judge-request b4f69f3df436
2026-09-22 14:56:43.070 | INFO     | steering_lite.benchmark.cache:cached:37 - cache miss judge-request 6857828b616f
2026-09-22 14:56:43.125 | INFO     | steering_lite.benchmark.cache:cached:37 - cache miss judge-request 5ea1bc81a1da
2026-09-22 14:56:43.265 | INFO     | steering_lite.benchmark.cache:cached:37 - cache miss judge-request 1f4c68ed85aa
2026-09-22 14:56:43.380 | INFO     | steering_lite.benchmark.cache:cached:37 - cache miss judge-request 4ce1dbda0e4c
2026-09-22 14:56:43.492 | INFO     | steering_lite.benchmark.cache:cached:37 - cache miss judge-request dbd9b6549364
2026-09-22 14:56:43.666 | INFO     | steering_lite.benchmark.cache:cached:37 - cache miss judge-request ab316ac3196e
2026-09-22 14:56:43.667 | INFO     | steering_lite.benchmark.cache:cached:37 - cache miss judge-request 56f85658fc1c
2026-09-22 14:56:43.756 | INFO     | steering_lite.benchmark.cache:cached:37 - cache miss judge-request a9443beada63
2026-09-22 14:56:44.031 | INFO     | steering_lite.benchmark.cache:cached:37 - cache miss judge-request 1a82645ccfeb
2026-09-22 14:56:44.230 | INFO     | steering_lite.benchmark.cache:cached:37 - cache miss judge-request b41b576ce8f2
2026-09-22 14:56:44.354 | INFO     | steering_lite.benchmark.cache:cached:37 - cache miss judge-request d203dac40fca
2026-09-22 14:56:44.481 | INFO     | steering_lite.benchmark.cache:cached:37 - cache miss judge-request 6372740a2580
2026-09-22 14:56:44.486 | INFO     | steering_lite.benchmark.cache:cached:37 - cache miss judge-request 3f0018c5893e
2026-09-22 14:56:44.514 | INFO     | steering_lite.benchmark.cache:cached:37 - cache miss judge-request 07af9ec6625d
2026-09-22 14:56:44.833 | INFO     | steering_lite.benchmark.cache:cached:37 - cache miss judge-request dcdb3d36549b
2026-09-22 14:56:44.931 | INFO     | steering_lite.benchmark.cache:cached:37 - cache miss judge-request f116dabc7d2a
2026-09-22 14:56:45.001 | INFO     | steering_lite.benchmark.cache:cached:37 - cache miss judge-request 2d97f22f93b7
2026-09-22 14:56:45.070 | INFO     | steering_lite.benchmark.cache:cached:37 - cache miss judge-request 0f3b65336235
2026-09-22 14:56:45.073 | INFO     | steering_lite.benchmark.cache:cached:37 - cache miss judge-request e0d77e0ece36
2026-09-22 14:56:45.147 | INFO     | steering_lite.benchmark.cache:cached:37 - cache miss judge-request c63d98d7c86b
2026-09-22 14:56:45.364 | INFO     | steering_lite.benchmark.cache:cached:37 - cache miss judge-request b46fda9552ae
2026-09-22 14:56:45.468 | INFO     | steering_lite.benchmark.cache:cached:37 - cache miss judge-request 79130ce4dfde
2026-09-22 14:56:45.720 | INFO     | steering_lite.benchmark.cache:cached:37 - cache miss judge-request 9e6aa8a18deb
2026-09-22 14:56:45.803 | INFO     | steering_lite.benchmark.cache:cached:37 - cache miss judge-request 2d61877fb151
2026-09-22 14:56:45.849 | INFO     | steering_lite.benchmark.cache:cached:37 - cache miss judge-request b34c4edee1c9
2026-09-22 14:56:45.964 | INFO     | steering_lite.benchmark.cache:cached:37 - cache miss judge-request 154706098169
2026-09-22 14:56:46.208 | INFO     | steering_lite.benchmark.cache:cached:37 - cache miss judge-request ff4a8885fe8c
2026-09-22 14:56:46.269 | INFO     | steering_lite.benchmark.cache:cached:37 - cache miss judge-request 4d0f44054032
2026-09-22 14:56:46.350 | INFO     | steering_lite.benchmark.cache:cached:37 - cache miss judge-request aeac8a6c8935
2026-09-22 14:56:46.420 | INFO     | steering_lite.benchmark.cache:cached:37 - cache miss judge-request 7ad3c20cb5b8
2026-09-22 14:56:46.437 | INFO     | steering_lite.benchmark.cache:cached:37 - cache miss judge-request bbacd6a7254a
2026-09-22 14:56:46.510 | INFO     | steering_lite.benchmark.cache:cached:37 - cache miss judge-request 6eb9d46e1284
2026-09-22 14:56:46.723 | INFO     | steering_lite.benchmark.cache:cached:37 - cache miss judge-request cdea41d994b8
2026-09-22 14:56:46.727 | INFO     | steering_lite.benchmark.cache:cached:37 - cache miss judge-request b1193bb6c116
2026-09-22 14:56:46.854 | INFO     | steering_lite.benchmark.cache:cached:37 - cache miss judge-request 9ded67fd1504
2026-09-22 14:56:46.922 | INFO     | steering_lite.benchmark.cache:cached:37 - cache miss judge-request c9301988325f
2026-09-22 14:56:46.924 | INFO     | steering_lite.benchmark.cache:cached:37 - cache miss judge-request 1bcd72393f64
2026-09-22 14:56:47.044 | INFO     | steering_lite.benchmark.cache:cached:37 - cache miss judge-request 6512912dc2a3
2026-09-22 14:56:47.194 | INFO     | steering_lite.benchmark.cache:cached:37 - cache miss judge-request bc72c201eb2d
2026-09-22 14:56:47.279 | INFO     | steering_lite.benchmark.cache:cached:37 - cache miss judge-request 50ecd6f875ca
2026-09-22 14:56:47.378 | INFO     | steering_lite.benchmark.cache:cached:37 - cache miss judge-request fc8648f7c5ed
2026-09-22 14:56:47.437 | INFO     | steering_lite.benchmark.cache:cached:37 - cache miss judge-request 1f03f43e931c
2026-09-22 14:56:47.528 | INFO     | steering_lite.benchmark.cache:cached:37 - cache miss judge-request e6536f5dd8a0
2026-09-22 14:56:47.587 | INFO     | steering_lite.benchmark.cache:cached:37 - cache miss judge-request 133e0b0de057
2026-09-22 14:56:47.746 | INFO     | steering_lite.benchmark.cache:cached:37 - cache miss judge-request 945c5a806198
2026-09-22 14:56:47.797 | INFO     | steering_lite.benchmark.cache:cached:37 - cache miss judge-request b3c51fb0277e
2026-09-22 14:56:47.845 | INFO     | steering_lite.benchmark.cache:cached:37 - cache miss judge-request f03866a13890
2026-09-22 14:56:47.879 | INFO     | steering_lite.benchmark.cache:cached:37 - cache miss judge-request bd8ef40b9d7c
2026-09-22 14:56:47.938 | INFO     | steering_lite.benchmark.cache:cached:37 - cache miss judge-request c9c7d8c04f25
2026-09-22 14:56:48.024 | INFO     | steering_lite.benchmark.cache:cached:37 - cache miss judge-request ca23e85141f8
2026-09-22 14:56:48.286 | INFO     | steering_lite.benchmark.cache:cached:37 - cache miss judge-request 78dec3970e67
2026-09-22 14:56:48.288 | INFO     | steering_lite.benchmark.cache:cached:37 - cache miss judge-request 5bbbb3d55b31
2026-09-22 14:56:48.343 | INFO     | steering_lite.benchmark.cache:cached:37 - cache miss judge-request 9eadd16c41ca
2026-09-22 14:56:48.371 | INFO     | steering_lite.benchmark.cache:cached:37 - cache miss judge-request f7a85152a8fa
2026-09-22 14:56:48.501 | INFO     | steering_lite.benchmark.cache:cached:37 - cache miss judge-request 709742b0beee
2026-09-22 14:56:48.580 | INFO     | steering_lite.benchmark.cache:cached:37 - cache miss judge-request 1b238f35602b
2026-09-22 14:56:48.726 | INFO     | steering_lite.benchmark.cache:cached:37 - cache miss judge-request e40dba16be3b
2026-09-22 14:56:48.790 | INFO     | steering_lite.benchmark.cache:cached:37 - cache miss judge-request 17f3662ecd98
2026-09-22 14:56:48.790 | INFO     | steering_lite.benchmark.cache:cached:37 - cache miss judge-request 2c4a0fc4321a
2026-09-22 14:56:48.843 | INFO     | steering_lite.benchmark.cache:cached:37 - cache miss judge-request ff086ec911de
2026-09-22 14:56:48.998 | INFO     | steering_lite.benchmark.cache:cached:37 - cache miss judge-request b303c8f6fd30
2026-09-22 14:56:49.041 | INFO     | steering_lite.benchmark.cache:cached:37 - cache miss judge-request b3960cb9d81f
2026-09-22 14:56:49.168 | INFO     | steering_lite.benchmark.cache:cached:37 - cache miss judge-request 273ea3e68a62
2026-09-22 14:56:49.222 | INFO     | steering_lite.benchmark.cache:cached:37 - cache miss judge-request 94b979d56c35
2026-09-22 14:56:49.267 | INFO     | steering_lite.benchmark.cache:cached:37 - cache miss judge-request 7e4f12c5f018
2026-09-22 14:56:49.300 | INFO     | steering_lite.benchmark.cache:cached:37 - cache miss judge-request f6e50c52e14d
2026-09-22 14:56:49.458 | INFO     | steering_lite.benchmark.cache:cached:37 - cache miss judge-request d45c0ecc845a
2026-09-22 14:56:49.509 | INFO     | steering_lite.benchmark.cache:cached:37 - cache miss judge-request 7dcbf03f70f1
2026-09-22 14:56:49.641 | INFO     | steering_lite.benchmark.cache:cached:37 - cache miss judge-request 308ccf4a827c
2026-09-22 14:56:49.704 | INFO     | steering_lite.benchmark.cache:cached:37 - cache miss judge-request 10bbe679e3b6
2026-09-22 14:56:49.721 | INFO     | steering_lite.benchmark.cache:cached:37 - cache miss judge-request cd29096843df
2026-09-22 14:56:49.790 | INFO     | steering_lite.benchmark.cache:cached:37 - cache miss judge-request 4fa069c2490e
2026-09-22 14:56:49.912 | INFO     | steering_lite.benchmark.cache:cached:37 - cache miss judge-request 822d41e846ff
2026-09-22 14:56:49.948 | INFO     | steering_lite.benchmark.cache:cached:37 - cache miss judge-request 2b5ba74cb05b
2026-09-22 14:56:50.133 | INFO     | steering_lite.benchmark.cache:cached:37 - cache miss judge-request 9d4fec4236d7
2026-09-22 14:56:50.208 | INFO     | steering_lite.benchmark.cache:cached:37 - cache miss judge-request 4d604e9a78c1
2026-09-22 14:56:50.209 | INFO     | steering_lite.benchmark.cache:cached:37 - cache miss judge-request 01dcfbbf5570
2026-09-22 14:56:50.264 | INFO     | steering_lite.benchmark.cache:cached:37 - cache miss judge-request 11dd8ab97083
2026-09-22 14:56:50.399 | INFO     | steering_lite.benchmark.cache:cached:37 - cache miss judge-request a87c3d76cc12
2026-09-22 14:56:50.405 | INFO     | steering_lite.benchmark.cache:cached:37 - cache miss judge-request e25189e0d04f
2026-09-22 14:56:50.609 | INFO     | steering_lite.benchmark.cache:cached:37 - cache miss judge-request 9bea41a45633
2026-09-22 14:56:50.703 | INFO     | steering_lite.benchmark.cache:cached:37 - cache miss judge-request af9c2b6328f7
2026-09-22 14:56:50.756 | INFO     | steering_lite.benchmark.cache:cached:37 - cache miss judge-request dac0d4d4bc58
2026-09-22 14:56:50.758 | INFO     | steering_lite.benchmark.cache:cached:37 - cache miss judge-request e601516d15cc
2026-09-22 14:56:51.040 | INFO     | steering_lite.benchmark.cache:cached:37 - cache miss judge-request 8225cd33335f
2026-09-22 14:56:51.044 | INFO     | steering_lite.benchmark.cache:cached:37 - cache miss judge-request b65d89dea074
2026-09-22 14:56:51.356 | INFO     | steering_lite.benchmark.cache:cached:37 - cache miss judge-request 04fa12c86497
2026-09-22 14:56:51.432 | INFO     | steering_lite.benchmark.cache:cached:37 - cache miss judge-request ff2352ee60c0
2026-09-22 14:56:51.443 | INFO     | steering_lite.benchmark.cache:cached:37 - cache miss judge-request 3330a283d0af
2026-09-22 14:56:51.460 | INFO     | steering_lite.benchmark.cache:cached:37 - cache miss judge-request 6825c3a3bebe
2026-09-22 14:56:51.678 | INFO     | steering_lite.benchmark.cache:cached:37 - cache miss judge-request f709d3ab7dde
2026-09-22 14:56:51.687 | INFO     | steering_lite.benchmark.cache:cached:37 - cache miss judge-request 87660c7110fd
2026-09-22 14:56:51.980 | INFO     | steering_lite.benchmark.cache:cached:37 - cache miss judge-request a76c49fb522e
2026-09-22 14:56:52.049 | INFO     | steering_lite.benchmark.cache:cached:37 - cache miss judge-request 559b883f0aa3
2026-09-22 14:56:52.061 | INFO     | steering_lite.benchmark.cache:cached:37 - cache miss judge-request 1721d55e3bcd
2026-09-22 14:56:52.100 | INFO     | steering_lite.benchmark.cache:cached:37 - cache miss judge-request 94bd335eb962
2026-09-22 14:56:52.221 | INFO     | steering_lite.benchmark.cache:cached:37 - cache miss judge-request 82c64d6d3459
2026-09-22 14:56:52.285 | INFO     | steering_lite.benchmark.cache:cached:37 - cache miss judge-request 9e257fabeb8a
2026-09-22 14:56:52.511 | INFO     | steering_lite.benchmark.cache:cached:37 - cache miss judge-request db17ae5f7f26
2026-09-22 14:56:52.531 | INFO     | steering_lite.benchmark.cache:cached:37 - cache miss judge-request 2adae2d85a88
2026-09-22 14:56:52.565 | INFO     | steering_lite.benchmark.cache:cached:37 - cache miss judge-request f7788e96d19d
2026-09-22 14:56:52.566 | INFO     | steering_lite.benchmark.cache:cached:37 - cache miss judge-request aff3697b67a1
2026-09-22 14:56:52.748 | INFO     | steering_lite.benchmark.cache:cached:37 - cache miss judge-request 9b2d182180a9
2026-09-22 14:56:52.750 | INFO     | steering_lite.benchmark.cache:cached:37 - cache miss judge-request bcc87deefb12
2026-09-22 14:56:53.048 | INFO     | steering_lite.benchmark.cache:cached:37 - cache miss judge-request 84b9a832970e
2026-09-22 14:56:53.070 | INFO     | steering_lite.benchmark.cache:cached:37 - cache miss judge-request 60516a68ca6a
2026-09-22 14:56:53.087 | INFO     | steering_lite.benchmark.cache:cached:37 - cache miss judge-request 1c006d7b7ba2
2026-09-22 14:56:53.090 | INFO     | steering_lite.benchmark.cache:cached:37 - cache miss judge-request 3e1f25c4b329
2026-09-22 14:56:53.318 | INFO     | steering_lite.benchmark.cache:cached:37 - cache miss judge-request 4ffd65767c4a
2026-09-22 14:56:53.320 | INFO     | steering_lite.benchmark.cache:cached:37 - cache miss judge-request edd10de3efca
2026-09-22 14:56:53.705 | INFO     | steering_lite.benchmark.cache:cached:37 - cache miss judge-request 7a8fe8fd3b5b
2026-09-22 14:56:53.715 | INFO     | steering_lite.benchmark.cache:cached:37 - cache miss judge-request cdf27992a103
2026-09-22 14:56:53.729 | INFO     | steering_lite.benchmark.cache:cached:37 - cache miss judge-request cdcc745f0bac
2026-09-22 14:56:53.758 | INFO     | steering_lite.benchmark.cache:cached:37 - cache miss judge-request ef0cee9408bc
2026-09-22 14:56:53.914 | INFO     | steering_lite.benchmark.cache:cached:37 - cache miss judge-request 3fdcdb69b714
2026-09-22 14:56:54.007 | INFO     | steering_lite.benchmark.cache:cached:37 - cache miss judge-request ac03cd2321fb
2026-09-22 14:56:54.331 | INFO     | steering_lite.benchmark.cache:cached:37 - cache miss judge-request ec2bbacec5e4
2026-09-22 14:56:54.364 | INFO     | steering_lite.benchmark.cache:cached:37 - cache miss judge-request 4bb39ffe3749
2026-09-22 14:56:54.393 | INFO     | steering_lite.benchmark.cache:cached:37 - cache miss judge-request 231002746f25
2026-09-22 14:56:54.472 | INFO     | steering_lite.benchmark.cache:cached:37 - cache miss judge-request a78fe44b0329
2026-09-22 14:56:54.629 | INFO     | steering_lite.benchmark.cache:cached:37 - cache miss judge-request 06b2ecc6ee45
2026-09-22 14:56:54.634 | INFO     | steering_lite.benchmark.cache:cached:37 - cache miss judge-request b85e38cd2bee
2026-09-22 14:56:54.916 | INFO     | steering_lite.benchmark.cache:cached:37 - cache miss judge-request 898d65108870
2026-09-22 14:56:55.045 | INFO     | steering_lite.benchmark.cache:cached:37 - cache miss judge-request 64e4d58377d0
2026-09-22 14:56:55.046 | INFO     | steering_lite.benchmark.cache:cached:37 - cache miss judge-request 539918a01623
2026-09-22 14:56:55.174 | INFO     | steering_lite.benchmark.cache:cached:37 - cache miss judge-request 57fe8f0d6c8e
2026-09-22 14:56:55.271 | INFO     | steering_lite.benchmark.cache:cached:37 - cache miss judge-request 647a0e7051df
2026-09-22 14:56:55.272 | INFO     | steering_lite.benchmark.cache:cached:37 - cache miss judge-request debb37bfcc94
2026-09-22 14:56:55.653 | INFO     | steering_lite.benchmark.cache:cached:37 - cache miss judge-request 70ab552ed5c3
2026-09-22 14:56:55.730 | INFO     | steering_lite.benchmark.cache:cached:37 - cache miss judge-request 83f65f21b41c
2026-09-22 14:56:55.787 | INFO     | steering_lite.benchmark.cache:cached:37 - cache miss judge-request 2116c71e8582
2026-09-22 14:56:55.966 | INFO     | steering_lite.benchmark.cache:cached:37 - cache miss judge-request e225c6751e54
2026-09-22 14:56:56.110 | INFO     | steering_lite.benchmark.cache:cached:37 - cache miss judge-request 99f7a28a4aa3
2026-09-22 14:56:56.116 | INFO     | steering_lite.benchmark.cache:cached:37 - cache miss judge-request 62d0aefd3012
2026-09-22 14:56:56.405 | INFO     | steering_lite.benchmark.cache:cached:37 - cache miss judge-request 2081209ef493
2026-09-22 14:56:56.517 | INFO     | steering_lite.benchmark.cache:cached:37 - cache miss judge-request 9f4bf61e7346
2026-09-22 14:56:56.602 | INFO     | steering_lite.benchmark.cache:cached:37 - cache miss judge-request c6ffde544063
2026-09-22 14:56:56.704 | INFO     | steering_lite.benchmark.cache:cached:37 - cache miss judge-request fb755d844ba9
2026-09-22 14:56:56.754 | INFO     | steering_lite.benchmark.cache:cached:37 - cache miss judge-request e80b28db3adb
2026-09-22 14:56:56.786 | INFO     | steering_lite.benchmark.cache:cached:37 - cache miss judge-request 9461340db126
2026-09-22 14:56:57.112 | INFO     | steering_lite.benchmark.cache:cached:37 - cache miss judge-request 16ee2b4ebbbf
2026-09-22 14:56:57.243 | INFO     | steering_lite.benchmark.cache:cached:37 - cache miss judge-request a9478f514c90
2026-09-22 14:56:57.347 | INFO     | steering_lite.benchmark.cache:cached:37 - cache miss judge-request 32d7abef61f0
2026-09-22 14:56:57.435 | INFO     | steering_lite.benchmark.cache:cached:37 - cache miss judge-request 8c6eb939e4be
2026-09-22 14:56:57.490 | INFO     | steering_lite.benchmark.cache:cached:37 - cache miss judge-request a2e7177b2af5
2026-09-22 14:56:57.557 | INFO     | steering_lite.benchmark.cache:cached:37 - cache miss judge-request 3d4ffd04e012
2026-09-22 14:56:57.751 | INFO     | steering_lite.benchmark.cache:cached:37 - cache miss judge-request 33a63d6a5dc4
2026-09-22 14:56:57.868 | INFO     | steering_lite.benchmark.cache:cached:37 - cache miss judge-request 2c803cff003d
2026-09-22 14:56:57.953 | INFO     | steering_lite.benchmark.cache:cached:37 - cache miss judge-request d596be700f97
2026-09-22 14:56:58.026 | INFO     | steering_lite.benchmark.cache:cached:37 - cache miss judge-request b1df6b0d3da6
2026-09-22 14:56:58.090 | INFO     | steering_lite.benchmark.cache:cached:37 - cache miss judge-request 5d2bb64dcb05
2026-09-22 14:56:58.124 | INFO     | steering_lite.benchmark.cache:cached:37 - cache miss judge-request 287749bf020a
2026-09-22 14:56:58.348 | INFO     | steering_lite.benchmark.cache:cached:37 - cache miss judge-request 3b4ba95642e3
2026-09-22 14:56:58.404 | INFO     | steering_lite.benchmark.cache:cached:37 - cache miss judge-request 234bbc4894b5
2026-09-22 14:56:58.481 | INFO     | steering_lite.benchmark.cache:cached:37 - cache miss judge-request 382cf0f876fe
2026-09-22 14:56:58.577 | INFO     | steering_lite.benchmark.cache:cached:37 - cache miss judge-request 4a9a1d654506
2026-09-22 14:56:58.657 | INFO     | steering_lite.benchmark.cache:cached:37 - cache miss judge-request 5528ecfd2fd0
2026-09-22 14:56:58.698 | INFO     | steering_lite.benchmark.cache:cached:37 - cache miss judge-request 74570332801e
2026-09-22 14:56:58.925 | INFO     | steering_lite.benchmark.cache:cached:37 - cache miss judge-request 0857bc53165d
2026-09-22 14:56:58.984 | INFO     | steering_lite.benchmark.cache:cached:37 - cache miss judge-request 8762fd528b37
2026-09-22 14:56:59.045 | INFO     | steering_lite.benchmark.cache:cached:37 - cache miss judge-request ac7ec9102a8e
2026-09-22 14:56:59.131 | INFO     | steering_lite.benchmark.cache:cached:37 - cache miss judge-request 98d448b5896d
2026-09-22 14:56:59.170 | INFO     | steering_lite.benchmark.cache:cached:37 - cache miss judge-request a977251405fc
2026-09-22 14:56:59.263 | INFO     | steering_lite.benchmark.cache:cached:37 - cache miss judge-request cd5317c5b34b
2026-09-22 14:56:59.527 | INFO     | steering_lite.benchmark.cache:cached:37 - cache miss judge-request 83deea7d871e
2026-09-22 14:56:59.598 | INFO     | steering_lite.benchmark.cache:cached:37 - cache miss judge-request e9b20c3bcd4e
2026-09-22 14:56:59.642 | INFO     | steering_lite.benchmark.cache:cached:37 - cache miss judge-request 83fd99584cc2
2026-09-22 14:56:59.669 | INFO     | steering_lite.benchmark.cache:cached:37 - cache miss judge-request dbba2571f6b4
2026-09-22 14:56:59.751 | INFO     | steering_lite.benchmark.cache:cached:37 - cache miss judge-request 2a8311cae83b
2026-09-22 14:56:59.871 | INFO     | steering_lite.benchmark.cache:cached:37 - cache miss judge-request 10f4a71900a9
2026-09-22 14:57:00.139 | INFO     | steering_lite.benchmark.cache:cached:37 - cache miss judge-request 2418405f089a
2026-09-22 14:57:00.182 | INFO     | steering_lite.benchmark.cache:cached:37 - cache miss judge-request ac8f7b16fa1a
2026-09-22 14:57:00.238 | INFO     | steering_lite.benchmark.cache:cached:37 - cache miss judge-request 0ce65615ff3c
2026-09-22 14:57:00.249 | INFO     | steering_lite.benchmark.cache:cached:37 - cache miss judge-request 8c877d6d0be2
2026-09-22 14:57:00.338 | INFO     | steering_lite.benchmark.cache:cached:37 - cache miss judge-request 2646cb0e8712
2026-09-22 14:57:00.436 | INFO     | steering_lite.benchmark.cache:cached:37 - cache miss judge-request 60f4e11699a2
2026-09-22 14:57:00.755 | INFO     | steering_lite.benchmark.cache:cached:37 - cache miss judge-request 15f684b6276c
2026-09-22 14:57:00.780 | INFO     | steering_lite.benchmark.cache:cached:37 - cache miss judge-request 6d7d5997ce8a
2026-09-22 14:57:00.823 | INFO     | steering_lite.benchmark.cache:cached:37 - cache miss judge-request 90fcadadfb99
2026-09-22 14:57:00.831 | INFO     | steering_lite.benchmark.cache:cached:37 - cache miss judge-request b2cfdf550425
2026-09-22 14:57:00.920 | INFO     | steering_lite.benchmark.cache:cached:37 - cache miss judge-request d496bcd0c524
2026-09-22 14:57:01.006 | INFO     | steering_lite.benchmark.cache:cached:37 - cache miss judge-request 6d7dd75a83de
2026-09-22 14:57:01.284 | INFO     | steering_lite.benchmark.cache:cached:37 - cache miss judge-request f1e272cd6a95
2026-09-22 14:57:01.367 | INFO     | steering_lite.benchmark.cache:cached:37 - cache miss judge-request ed3d012a2ab6
2026-09-22 14:57:01.387 | INFO     | steering_lite.benchmark.cache:cached:37 - cache miss judge-request a796673a09ba
2026-09-22 14:57:01.424 | INFO     | steering_lite.benchmark.cache:cached:37 - cache miss judge-request 172762ec81dc
2026-09-22 14:57:01.523 | INFO     | steering_lite.benchmark.cache:cached:37 - cache miss judge-request a4dcc8264304
2026-09-22 14:57:01.669 | INFO     | steering_lite.benchmark.cache:cached:37 - cache miss judge-request 3e9bf17b9c4b
2026-09-22 14:57:01.940 | INFO     | steering_lite.benchmark.cache:cached:37 - cache miss judge-request f8da2ad83b98
2026-09-22 14:57:02.054 | INFO     | steering_lite.benchmark.cache:cached:37 - cache miss judge-request 91395523a08c
2026-09-22 14:57:02.054 | INFO     | steering_lite.benchmark.cache:cached:37 - cache miss judge-request cce59b54b9f4
2026-09-22 14:57:02.083 | INFO     | steering_lite.benchmark.cache:cached:37 - cache miss judge-request 7d723045fa95
2026-09-22 14:57:02.146 | INFO     | steering_lite.benchmark.cache:cached:37 - cache miss judge-request 9b1d342e7a32
2026-09-22 14:57:02.476 | INFO     | steering_lite.benchmark.cache:cached:37 - cache miss judge-request b60aa07d8060
2026-09-22 14:57:02.817 | INFO     | steering_lite.benchmark.cache:cached:37 - cache miss judge-request 30aa79272880
2026-09-22 14:57:02.858 | INFO     | steering_lite.benchmark.cache:cached:37 - cache miss judge-request d67cc1016452
2026-09-22 14:57:02.950 | INFO     | steering_lite.benchmark.cache:cached:37 - cache miss judge-request 3cb89375042a
2026-09-22 14:57:03.004 | INFO     | steering_lite.benchmark.cache:cached:37 - cache miss judge-request 73d9130e41c3
2026-09-22 14:57:03.036 | INFO     | steering_lite.benchmark.cache:cached:37 - cache miss judge-request b047936e3a46
2026-09-22 14:57:03.279 | INFO     | steering_lite.benchmark.cache:cached:37 - cache miss judge-request 4b7eac772f5f
2026-09-22 14:57:03.467 | INFO     | steering_lite.benchmark.cache:cached:37 - cache miss judge-request 631de7670c5b
2026-09-22 14:57:03.542 | INFO     | steering_lite.benchmark.cache:cached:37 - cache miss judge-request 57cecdbee0da
2026-09-22 14:57:03.553 | INFO     | steering_lite.benchmark.cache:cached:37 - cache miss judge-request 72e314e4e9b5
2026-09-22 14:57:03.612 | INFO     | steering_lite.benchmark.cache:cached:37 - cache miss judge-request aa793624b03b
2026-09-22 14:57:03.631 | INFO     | steering_lite.benchmark.cache:cached:37 - cache miss judge-request 041ae871690d
2026-09-22 14:57:03.875 | INFO     | steering_lite.benchmark.cache:cached:37 - cache miss judge-request 48c537f6166f
2026-09-22 14:57:03.989 | INFO     | steering_lite.benchmark.cache:cached:37 - cache miss judge-request b3ea96e4d35b
2026-09-22 14:57:04.070 | INFO     | steering_lite.benchmark.cache:cached:37 - cache miss judge-request e35866daa4cb
2026-09-22 14:57:04.082 | INFO     | steering_lite.benchmark.cache:cached:37 - cache miss judge-request 442245ed9d26
2026-09-22 14:57:04.108 | INFO     | steering_lite.benchmark.cache:cached:37 - cache miss judge-request 78d0d438d831
2026-09-22 14:57:04.181 | INFO     | steering_lite.benchmark.cache:cached:37 - cache miss judge-request 64dc82a936ca
2026-09-22 14:57:04.389 | INFO     | steering_lite.benchmark.cache:cached:37 - cache miss judge-request 90a1e498b2ef
2026-09-22 14:57:04.506 | INFO     | steering_lite.benchmark.cache:cached:37 - cache miss judge-request 8f607c9412fa
2026-09-22 14:57:04.565 | INFO     | steering_lite.benchmark.cache:cached:37 - cache miss judge-request 6d4080eeefb9
2026-09-22 14:57:04.645 | INFO     | steering_lite.benchmark.cache:cached:37 - cache miss judge-request c92142af978a
2026-09-22 14:57:04.685 | INFO     | steering_lite.benchmark.cache:cached:37 - cache miss judge-request 9429c9ed86ef
2026-09-22 14:57:04.799 | INFO     | steering_lite.benchmark.cache:cached:37 - cache miss judge-request bb62105527bd
2026-09-22 14:57:05.027 | INFO     | steering_lite.benchmark.cache:cached:37 - cache miss judge-request f4a819f638b2
2026-09-22 14:57:05.101 | INFO     | steering_lite.benchmark.cache:cached:37 - cache miss judge-request df77eb89959f
2026-09-22 14:57:05.183 | INFO     | steering_lite.benchmark.cache:cached:37 - cache miss judge-request e3f3de4c6326
2026-09-22 14:57:05.189 | INFO     | steering_lite.benchmark.cache:cached:37 - cache miss judge-request 2a0cc2ed136a
2026-09-22 14:57:05.294 | INFO     | steering_lite.benchmark.cache:cached:37 - cache miss judge-request 1eb52e2db42d
2026-09-22 14:57:05.376 | INFO     | steering_lite.benchmark.cache:cached:37 - cache miss judge-request 2ef41f08676c
2026-09-22 14:57:05.614 | INFO     | steering_lite.benchmark.cache:cached:37 - cache miss judge-request 03beda5fd184
2026-09-22 14:57:05.746 | INFO     | steering_lite.benchmark.cache:cached:37 - cache miss judge-request 42b3a315c142
2026-09-22 14:57:05.808 | INFO     | steering_lite.benchmark.cache:cached:37 - cache miss judge-request 355ebb6f4e5c
2026-09-22 14:57:05.857 | INFO     | steering_lite.benchmark.cache:cached:37 - cache miss judge-request 621d82b98162
2026-09-22 14:57:05.878 | INFO     | steering_lite.benchmark.cache:cached:37 - cache miss judge-request 42435df5ded1
2026-09-22 14:57:05.992 | INFO     | steering_lite.benchmark.cache:cached:37 - cache miss judge-request 2edf99a715d5
2026-09-22 14:57:06.180 | INFO     | steering_lite.benchmark.cache:cached:37 - cache miss judge-request ff90c2df4228
2026-09-22 14:57:06.286 | INFO     | steering_lite.benchmark.cache:cached:37 - cache miss judge-request 21b3841c4e96
2026-09-22 14:57:06.371 | INFO     | steering_lite.benchmark.cache:cached:37 - cache miss judge-request 9a4fc343cc06
2026-09-22 14:57:06.372 | INFO     | steering_lite.benchmark.cache:cached:37 - cache miss judge-request 8319460ebc43
2026-09-22 14:57:06.438 | INFO     | steering_lite.benchmark.cache:cached:37 - cache miss judge-request c6c6271827b4
2026-09-22 14:57:06.615 | INFO     | steering_lite.benchmark.cache:cached:37 - cache miss judge-request fad28d4a6d70
2026-09-22 14:57:06.826 | INFO     | steering_lite.benchmark.cache:cached:37 - cache miss judge-request 60153fc79bb8
2026-09-22 14:57:06.988 | INFO     | steering_lite.benchmark.cache:cached:37 - cache miss judge-request 344a55b17f3a
2026-09-22 14:57:07.032 | INFO     | steering_lite.benchmark.cache:cached:37 - cache miss judge-request 5e48ee588636
2026-09-22 14:57:07.089 | INFO     | steering_lite.benchmark.cache:cached:37 - cache miss judge-request d9d27e43eb24
2026-09-22 14:57:07.103 | INFO     | steering_lite.benchmark.cache:cached:37 - cache miss judge-request b4df0028b637
2026-09-22 14:57:07.428 | INFO     | steering_lite.benchmark.cache:cached:37 - cache miss judge-request a28ebf82557c
2026-09-22 14:57:07.655 | INFO     | steering_lite.benchmark.cache:cached:37 - cache miss judge-request 4936da03d95b
2026-09-22 14:57:07.964 | INFO     | steering_lite.benchmark.cache:cached:37 - cache miss judge-request f4221248d5d6
2026-09-22 14:57:08.031 | INFO     | steering_lite.benchmark.cache:cached:37 - cache miss judge-request 055480a4ed84
2026-09-22 14:57:08.032 | INFO     | steering_lite.benchmark.cache:cached:37 - cache miss judge-request f32847f5bcd1
2026-09-22 14:57:08.051 | INFO     | steering_lite.benchmark.cache:cached:37 - cache miss judge-request 3c20719f4dd3
2026-09-22 14:57:08.317 | INFO     | steering_lite.benchmark.cache:cached:37 - cache miss judge-request a7a57dd5442d
2026-09-22 14:57:08.605 | INFO     | steering_lite.benchmark.cache:cached:37 - cache miss judge-request ef03eb880ed6
2026-09-22 14:57:08.870 | INFO     | steering_lite.benchmark.cache:cached:37 - cache miss judge-request c8499860f098
2026-09-22 14:57:08.890 | INFO     | steering_lite.benchmark.cache:cached:37 - cache miss judge-request 00d7107ca9a7
2026-09-22 14:57:08.944 | INFO     | steering_lite.benchmark.cache:cached:37 - cache miss judge-request 717f42698d90
2026-09-22 14:57:09.005 | INFO     | steering_lite.benchmark.cache:cached:37 - cache miss judge-request 2999a69cc803
2026-09-22 14:57:09.218 | INFO     | steering_lite.benchmark.cache:cached:37 - cache miss judge-request 759a953d1618
2026-09-22 14:57:09.672 | INFO     | steering_lite.benchmark.cache:cached:37 - cache miss judge-request 9b01621df0d5
2026-09-22 14:57:09.879 | INFO     | steering_lite.benchmark.cache:cached:37 - cache miss judge-request a41e3c5436ed
2026-09-22 14:57:09.931 | INFO     | steering_lite.benchmark.cache:cached:37 - cache miss judge-request 4333ab3b2100
2026-09-22 14:57:09.937 | INFO     | steering_lite.benchmark.cache:cached:37 - cache miss judge-request 4c983c4b5397
2026-09-22 14:57:10.022 | INFO     | steering_lite.benchmark.cache:cached:37 - cache miss judge-request e38558d97506
2026-09-22 14:57:10.185 | INFO     | steering_lite.benchmark.cache:cached:37 - cache miss judge-request 577a887d8a66
2026-09-22 14:57:10.384 | INFO     | steering_lite.benchmark.cache:cached:37 - cache miss judge-request 27343f4d4d23
2026-09-22 14:57:10.581 | INFO     | steering_lite.benchmark.cache:cached:37 - cache miss judge-request 99630fd2fcd0
2026-09-22 14:57:10.583 | INFO     | steering_lite.benchmark.cache:cached:37 - cache miss judge-request e319d9650f96
2026-09-22 14:57:10.631 | INFO     | steering_lite.benchmark.cache:cached:37 - cache miss judge-request 77d90c0f7536
2026-09-22 14:57:10.670 | INFO     | steering_lite.benchmark.cache:cached:37 - cache miss judge-request b88ed85c0c59
2026-09-22 14:57:10.791 | INFO     | steering_lite.benchmark.cache:cached:37 - cache miss judge-request 3df989200dd2
2026-09-22 14:57:11.063 | INFO     | steering_lite.benchmark.cache:cached:37 - cache miss judge-request ad284997046e
2026-09-22 14:57:11.280 | INFO     | steering_lite.benchmark.cache:cached:37 - cache miss judge-request 23aba03cf22d
2026-09-22 14:57:11.316 | INFO     | steering_lite.benchmark.cache:cached:37 - cache miss judge-request 89428362cdee
2026-09-22 14:57:11.338 | INFO     | steering_lite.benchmark.cache:cached:37 - cache miss judge-request 0cd20537a25e
2026-09-22 14:57:11.404 | INFO     | steering_lite.benchmark.cache:cached:37 - cache miss judge-request 05c2d68b0e2d
2026-09-22 14:57:11.550 | INFO     | steering_lite.benchmark.cache:cached:37 - cache miss judge-request 1969a96cfd5b
2026-09-22 14:57:11.807 | INFO     | steering_lite.benchmark.cache:cached:37 - cache miss judge-request dd7673522ae8
2026-09-22 14:57:12.007 | INFO     | steering_lite.benchmark.cache:cached:37 - cache miss judge-request c54af7f12248
2026-09-22 14:57:12.009 | INFO     | steering_lite.benchmark.cache:cached:37 - cache miss judge-request 48e1e309ce86
2026-09-22 14:57:12.074 | INFO     | steering_lite.benchmark.cache:cached:37 - cache miss judge-request 3bd61c0c631c
2026-09-22 14:57:12.098 | INFO     | steering_lite.benchmark.cache:cached:37 - cache miss judge-request 2aa4d2b8f209
2026-09-22 14:57:12.236 | INFO     | steering_lite.benchmark.cache:cached:37 - cache miss judge-request a6742aaf0109
2026-09-22 14:57:12.482 | INFO     | steering_lite.benchmark.cache:cached:37 - cache miss judge-request 70f730ec0183
2026-09-22 14:57:12.682 | INFO     | steering_lite.benchmark.cache:cached:37 - cache miss judge-request a3584e5a99a8
2026-09-22 14:57:12.719 | INFO     | steering_lite.benchmark.cache:cached:37 - cache miss judge-request 496a849a7ea8
2026-09-22 14:57:12.745 | INFO     | steering_lite.benchmark.cache:cached:37 - cache miss judge-request f6e1eb445f1d
2026-09-22 14:57:12.777 | INFO     | steering_lite.benchmark.cache:cached:37 - cache miss judge-request 62481aa72b76
2026-09-22 14:57:12.905 | INFO     | steering_lite.benchmark.cache:cached:37 - cache miss judge-request f700feac27ad
2026-09-22 14:57:13.056 | INFO     | steering_lite.benchmark.cache:cached:37 - cache miss judge-request 2f1401329af6
2026-09-22 14:57:13.270 | INFO     | steering_lite.benchmark.cache:cached:37 - cache miss judge-request c9c70dfde094
2026-09-22 14:57:13.270 | INFO     | steering_lite.benchmark.cache:cached:37 - cache miss judge-request 52b5318f66a0
2026-09-22 14:57:13.344 | INFO     | steering_lite.benchmark.cache:cached:37 - cache miss judge-request 66369131d898
2026-09-22 14:57:13.444 | INFO     | steering_lite.benchmark.cache:cached:37 - cache miss judge-request a6ecc6cf7f4b
2026-09-22 14:57:13.533 | INFO     | steering_lite.benchmark.cache:cached:37 - cache miss judge-request ffeb5585f1c0
2026-09-22 14:57:13.739 | INFO     | steering_lite.benchmark.cache:cached:37 - cache miss judge-request 9ac1724643a7
2026-09-22 14:57:13.896 | INFO     | steering_lite.benchmark.cache:cached:37 - cache miss judge-request 9c31485624ee
2026-09-22 14:57:13.975 | INFO     | steering_lite.benchmark.cache:cached:37 - cache miss judge-request 902cab80b335
2026-09-22 14:57:13.976 | INFO     | steering_lite.benchmark.cache:cached:37 - cache miss judge-request db5682bea18b
2026-09-22 14:57:14.060 | INFO     | steering_lite.benchmark.cache:cached:37 - cache miss judge-request c582dcca42cf
2026-09-22 14:57:14.163 | INFO     | steering_lite.benchmark.cache:cached:37 - cache miss judge-request f5b511b431c3
2026-09-22 14:57:14.459 | INFO     | steering_lite.benchmark.cache:cached:37 - cache miss judge-request 10a84230283e
2026-09-22 14:57:14.768 | INFO     | steering_lite.benchmark.cache:cached:37 - cache miss judge-request 118adb853922
2026-09-22 14:57:14.832 | INFO     | steering_lite.benchmark.cache:cached:37 - cache miss judge-request 997f6204c780
2026-09-22 14:57:14.878 | INFO     | steering_lite.benchmark.cache:cached:37 - cache miss judge-request aceee7787a91
2026-09-22 14:57:15.068 | INFO     | steering_lite.benchmark.cache:cached:37 - cache miss judge-request 5f34a8162c39
2026-09-22 14:57:15.188 | INFO     | steering_lite.benchmark.cache:cached:37 - cache miss judge-request de6be2f80ab5
2026-09-22 14:57:15.390 | INFO     | steering_lite.benchmark.cache:cached:37 - cache miss judge-request fe706d83c9bf
2026-09-22 14:57:15.635 | INFO     | steering_lite.benchmark.cache:cached:37 - cache miss judge-request 0cfebfa125e2
2026-09-22 14:57:15.720 | INFO     | steering_lite.benchmark.cache:cached:37 - cache miss judge-request 8bdd020e37ee
2026-09-22 14:57:15.747 | INFO     | steering_lite.benchmark.cache:cached:37 - cache miss judge-request 95aa52e41690
2026-09-22 14:57:15.845 | INFO     | steering_lite.benchmark.cache:cached:37 - cache miss judge-request 9196df5fbb39
2026-09-22 14:57:16.039 | INFO     | steering_lite.benchmark.cache:cached:37 - cache miss judge-request 41438e71f817
2026-09-22 14:57:16.165 | INFO     | steering_lite.benchmark.cache:cached:37 - cache miss judge-request 13ed12e5f94a
2026-09-22 14:57:16.518 | INFO     | steering_lite.benchmark.cache:cached:37 - cache miss judge-request bd9088022678
2026-09-22 14:57:16.529 | INFO     | steering_lite.benchmark.cache:cached:37 - cache miss judge-request cceef8deae84
2026-09-22 14:57:16.631 | INFO     | steering_lite.benchmark.cache:cached:37 - cache miss judge-request f75c2b77f8d5
2026-09-22 14:57:16.669 | INFO     | steering_lite.benchmark.cache:cached:37 - cache miss judge-request d63707a5363f
2026-09-22 14:57:16.846 | INFO     | steering_lite.benchmark.cache:cached:37 - cache miss judge-request bc270f8fd441
2026-09-22 14:57:16.968 | INFO     | steering_lite.benchmark.cache:cached:37 - cache miss judge-request 58dc5b0cea15
2026-09-22 14:57:17.237 | INFO     | steering_lite.benchmark.cache:cached:37 - cache miss judge-request 00aaaaa1f3d9
2026-09-22 14:57:17.302 | INFO     | steering_lite.benchmark.cache:cached:37 - cache miss judge-request 664622d82499
2026-09-22 14:57:17.378 | INFO     | steering_lite.benchmark.cache:cached:37 - cache miss judge-request f7b49e95bffc
2026-09-22 14:57:17.393 | INFO     | steering_lite.benchmark.cache:cached:37 - cache miss judge-request 3ba0f56db0eb
2026-09-22 14:57:17.574 | INFO     | steering_lite.benchmark.cache:cached:37 - cache miss judge-request 49d446139ceb
2026-09-22 14:57:17.725 | INFO     | steering_lite.benchmark.cache:cached:37 - cache miss judge-request 7747f11d55aa
2026-09-22 14:57:18.063 | INFO     | steering_lite.benchmark.cache:cached:37 - cache miss judge-request 00a909a092ac
2026-09-22 14:57:18.078 | INFO     | steering_lite.benchmark.cache:cached:37 - cache miss judge-request ace5fd73079c
2026-09-22 14:57:18.164 | INFO     | steering_lite.benchmark.cache:cached:37 - cache miss judge-request a8b92db8cad3
2026-09-22 14:57:18.222 | INFO     | steering_lite.benchmark.cache:cached:37 - cache miss judge-request ec901d729724
2026-09-22 14:57:18.363 | INFO     | steering_lite.benchmark.cache:cached:37 - cache miss judge-request cfd2dae2ad18
2026-09-22 14:57:18.479 | INFO     | steering_lite.benchmark.cache:cached:37 - cache miss judge-request 05b0299b3c70
2026-09-22 14:57:18.908 | INFO     | steering_lite.benchmark.cache:cached:37 - cache miss judge-request 461864ca4754
2026-09-22 14:57:18.949 | INFO     | steering_lite.benchmark.cache:cached:37 - cache miss judge-request b6214e22a770
2026-09-22 14:57:19.012 | INFO     | steering_lite.benchmark.cache:cached:37 - cache miss judge-request 4a014d56aad3
2026-09-22 14:57:19.086 | INFO     | steering_lite.benchmark.cache:cached:37 - cache miss judge-request 15c214b1eb53
2026-09-22 14:57:19.220 | INFO     | steering_lite.benchmark.cache:cached:37 - cache miss judge-request 9ff4f8ed7173
2026-09-22 14:57:19.318 | INFO     | steering_lite.benchmark.cache:cached:37 - cache miss judge-request 4d3e4feb269c
2026-09-22 14:57:19.580 | INFO     | steering_lite.benchmark.cache:cached:37 - cache miss judge-request 93b462baa866
2026-09-22 14:57:19.654 | INFO     | steering_lite.benchmark.cache:cached:37 - cache miss judge-request f0544744c5e9
2026-09-22 14:57:19.716 | INFO     | steering_lite.benchmark.cache:cached:37 - cache miss judge-request ab22c25aed1d
2026-09-22 14:57:19.830 | INFO     | steering_lite.benchmark.cache:cached:37 - cache miss judge-request 804222524dcd
2026-09-22 14:57:19.948 | INFO     | steering_lite.benchmark.cache:cached:37 - cache miss judge-request 33f99c3f4f6b
2026-09-22 14:57:20.088 | INFO     | steering_lite.benchmark.cache:cached:37 - cache miss judge-request 0f8a05a78d1c
2026-09-22 14:57:20.375 | INFO     | steering_lite.benchmark.cache:cached:37 - cache miss judge-request 216c56639beb
2026-09-22 14:57:20.431 | INFO     | steering_lite.benchmark.cache:cached:37 - cache miss judge-request 019daa195e7c
2026-09-22 14:57:20.488 | INFO     | steering_lite.benchmark.cache:cached:37 - cache miss judge-request ba536c933fbc
2026-09-22 14:57:20.654 | INFO     | steering_lite.benchmark.cache:cached:37 - cache miss judge-request 2e7a4125c4e5
2026-09-22 14:57:20.757 | INFO     | steering_lite.benchmark.cache:cached:37 - cache miss judge-request 679ee574efb3
2026-09-22 14:57:20.925 | INFO     | steering_lite.benchmark.cache:cached:37 - cache miss judge-request 1c07c8d7f97d
2026-09-22 14:57:21.174 | INFO     | steering_lite.benchmark.cache:cached:37 - cache miss judge-request 8789bb80dda7
2026-09-22 14:57:21.205 | INFO     | steering_lite.benchmark.cache:cached:37 - cache miss judge-request 0a5f8e57099e
2026-09-22 14:57:21.281 | INFO     | steering_lite.benchmark.cache:cached:37 - cache miss judge-request 20a4738d7127
2026-09-22 14:57:21.459 | INFO     | steering_lite.benchmark.cache:cached:37 - cache miss judge-request cda7853ce279
2026-09-22 14:57:21.555 | INFO     | steering_lite.benchmark.cache:cached:37 - cache miss judge-request 970a36c169f2
2026-09-22 14:57:21.692 | INFO     | steering_lite.benchmark.cache:cached:37 - cache miss judge-request 76927e00f8df
2026-09-22 14:57:22.002 | INFO     | steering_lite.benchmark.cache:cached:37 - cache miss judge-request 28d422327f91
2026-09-22 14:57:22.074 | INFO     | steering_lite.benchmark.cache:cached:37 - cache miss judge-request 1a243351f3a5
2026-09-22 14:57:22.083 | INFO     | steering_lite.benchmark.cache:cached:37 - cache miss judge-request 99ce75435b57
2026-09-22 14:57:22.284 | INFO     | steering_lite.benchmark.cache:cached:37 - cache miss judge-request a9c6d776dc8d
2026-09-22 14:57:22.378 | INFO     | steering_lite.benchmark.cache:cached:37 - cache miss judge-request 3a7019ffdf9b
2026-09-22 14:57:22.491 | INFO     | steering_lite.benchmark.cache:cached:37 - cache miss judge-request e7012f745d54
2026-09-22 14:57:22.716 | INFO     | steering_lite.benchmark.cache:cached:37 - cache miss judge-request 1df3bdc3cba9
2026-09-22 14:57:22.758 | INFO     | steering_lite.benchmark.cache:cached:37 - cache miss judge-request 155645efee3a
2026-09-22 14:57:22.796 | INFO     | steering_lite.benchmark.cache:cached:37 - cache miss judge-request 1b27297d123b
2026-09-22 14:57:23.009 | INFO     | steering_lite.benchmark.cache:cached:37 - cache miss judge-request b56105c79018
2026-09-22 14:57:23.111 | INFO     | steering_lite.benchmark.cache:cached:37 - cache miss judge-request 991f6c60d36b
2026-09-22 14:57:23.309 | INFO     | steering_lite.benchmark.cache:cached:37 - cache miss judge-request 7513dc203ea1
2026-09-22 14:57:23.519 | INFO     | steering_lite.benchmark.cache:cached:37 - cache miss judge-request 75199add48fb
2026-09-22 14:57:23.525 | INFO     | steering_lite.benchmark.cache:cached:37 - cache miss judge-request ada720ca573a
2026-09-22 14:57:23.602 | INFO     | steering_lite.benchmark.cache:cached:37 - cache miss judge-request ce3a53d05601
2026-09-22 14:57:23.904 | INFO     | steering_lite.benchmark.cache:cached:37 - cache miss judge-request ae6478353e9f
2026-09-22 14:57:24.041 | INFO     | steering_lite.benchmark.cache:cached:37 - cache miss judge-request c0e7116d9dee
2026-09-22 14:57:24.082 | INFO     | steering_lite.benchmark.cache:cached:37 - cache miss judge-request fc1d1c54a02b
2026-09-22 14:57:24.361 | INFO     | steering_lite.benchmark.cache:cached:37 - cache miss judge-request 8e6a037444b9
2026-09-22 14:57:24.362 | INFO     | steering_lite.benchmark.cache:cached:37 - cache miss judge-request dee9deb5d6e4
2026-09-22 14:57:24.397 | INFO     | steering_lite.benchmark.cache:cached:37 - cache miss judge-request 31801d5798ee
2026-09-22 14:57:24.697 | INFO     | steering_lite.benchmark.cache:cached:37 - cache miss judge-request db936a4c5def
2026-09-22 14:57:24.815 | INFO     | steering_lite.benchmark.cache:cached:37 - cache miss judge-request e8b7f11a4656
2026-09-22 14:57:24.817 | INFO     | steering_lite.benchmark.cache:cached:37 - cache miss judge-request 06a178fb0a7e
2026-09-22 14:57:25.067 | INFO     | steering_lite.benchmark.cache:cached:37 - cache miss judge-request f6d64513d495
2026-09-22 14:57:25.137 | INFO     | steering_lite.benchmark.cache:cached:37 - cache miss judge-request 6610df4fb86a
2026-09-22 14:57:25.173 | INFO     | steering_lite.benchmark.cache:cached:37 - cache miss judge-request a64f4318c8af
2026-09-22 14:57:25.556 | INFO     | steering_lite.benchmark.cache:cached:37 - cache miss judge-request 3df8277be43b
2026-09-22 14:57:25.621 | INFO     | steering_lite.benchmark.cache:cached:37 - cache miss judge-request 8279b8e330ab
2026-09-22 14:57:25.736 | INFO     | steering_lite.benchmark.cache:cached:37 - cache miss judge-request b149e7f87602
2026-09-22 14:57:25.967 | INFO     | steering_lite.benchmark.cache:cached:37 - cache miss judge-request ffdd733283f8
2026-09-22 14:57:26.038 | INFO     | steering_lite.benchmark.cache:cached:37 - cache miss judge-request 0e3381cc8197
2026-09-22 14:57:26.090 | INFO     | steering_lite.benchmark.cache:cached:37 - cache miss judge-request 0d6e9bfa89fa
2026-09-22 14:57:26.421 | INFO     | steering_lite.benchmark.cache:cached:37 - cache miss judge-request 2214c0ebae35
2026-09-22 14:57:26.537 | INFO     | steering_lite.benchmark.cache:cached:37 - cache miss judge-request 444ab2a3b8c2
2026-09-22 14:57:26.608 | INFO     | steering_lite.benchmark.cache:cached:37 - cache miss judge-request bf4dc3e6f19b
2026-09-22 14:57:26.731 | INFO     | steering_lite.benchmark.cache:cached:37 - cache miss judge-request 1ef6fc460ff3
2026-09-22 14:57:26.902 | INFO     | steering_lite.benchmark.cache:cached:37 - cache miss judge-request 9179ff811a68
2026-09-22 14:57:26.918 | INFO     | steering_lite.benchmark.cache:cached:37 - cache miss judge-request 7bb81fd9d1fb
2026-09-22 14:57:27.222 | INFO     | steering_lite.benchmark.cache:cached:37 - cache miss judge-request a303cb048f25
2026-09-22 14:57:27.323 | INFO     | steering_lite.benchmark.cache:cached:37 - cache miss judge-request 785449d4b7e3
2026-09-22 14:57:27.375 | INFO     | steering_lite.benchmark.cache:cached:37 - cache miss judge-request fa750e45eb1a
2026-09-22 14:57:27.512 | INFO     | steering_lite.benchmark.cache:cached:37 - cache miss judge-request ca60e436cf8f
2026-09-22 14:57:27.591 | INFO     | steering_lite.benchmark.cache:cached:37 - cache miss judge-request 9bad3d818c36
2026-09-22 14:57:27.663 | INFO     | steering_lite.benchmark.cache:cached:37 - cache miss judge-request a9026329236d
2026-09-22 14:57:28.010 | INFO     | steering_lite.benchmark.cache:cached:37 - cache miss judge-request e9a60287023a
2026-09-22 14:57:28.055 | INFO     | steering_lite.benchmark.cache:cached:37 - cache miss judge-request 76fb5321b6dc
2026-09-22 14:57:28.168 | INFO     | steering_lite.benchmark.cache:cached:37 - cache miss judge-request 5d0758066c31
2026-09-22 14:57:28.301 | INFO     | steering_lite.benchmark.cache:cached:37 - cache miss judge-request 21ecaddffc75
2026-09-22 14:57:28.451 | INFO     | steering_lite.benchmark.cache:cached:37 - cache miss judge-request c8e62dab004b
2026-09-22 14:57:28.547 | INFO     | steering_lite.benchmark.cache:cached:37 - cache miss judge-request ec10083e744b
2026-09-22 14:57:28.584 | INFO     | steering_lite.benchmark.cache:cached:37 - cache miss judge-request 9be83781aff2
2026-09-22 14:57:28.961 | INFO     | steering_lite.benchmark.cache:cached:37 - cache miss judge-request 50c095ca55d1
2026-09-22 14:57:28.999 | INFO     | steering_lite.benchmark.cache:cached:37 - cache miss judge-request b49efd9979cc
2026-09-22 14:57:29.099 | INFO     | steering_lite.benchmark.cache:cached:37 - cache miss judge-request 99fe81abec4c
2026-09-22 14:57:29.103 | INFO     | steering_lite.benchmark.cache:cached:37 - cache miss judge-request b908702aba38
2026-09-22 14:57:29.419 | INFO     | steering_lite.benchmark.cache:cached:37 - cache miss judge-request d807896e5002
2026-09-22 14:57:29.522 | INFO     | steering_lite.benchmark.cache:cached:37 - cache miss judge-request 94d1c00fab21
2026-09-22 14:57:29.643 | INFO     | steering_lite.benchmark.cache:cached:37 - cache miss judge-request 053307531e28
2026-09-22 14:57:29.954 | INFO     | steering_lite.benchmark.cache:cached:37 - cache miss judge-request cee679d7fa2f
2026-09-22 14:57:29.957 | INFO     | steering_lite.benchmark.cache:cached:37 - cache miss judge-request 5d054dbb4efc
2026-09-22 14:57:30.017 | INFO     | steering_lite.benchmark.cache:cached:37 - cache miss judge-request 58616c714333
2026-09-22 14:57:30.128 | INFO     | steering_lite.benchmark.cache:cached:37 - cache miss judge-request 85faed8da715
2026-09-22 14:57:30.312 | INFO     | steering_lite.benchmark.cache:cached:37 - cache miss judge-request 6691c41d3a40
2026-09-22 14:57:30.549 | INFO     | steering_lite.benchmark.cache:cached:37 - cache miss judge-request ac1399ca66ac
2026-09-22 14:57:30.932 | INFO     | steering_lite.benchmark.cache:cached:37 - cache miss judge-request a900e46419b3
2026-09-22 14:57:30.932 | INFO     | steering_lite.benchmark.cache:cached:37 - cache miss judge-request 17dc5bee98bc
2026-09-22 14:57:30.955 | INFO     | steering_lite.benchmark.cache:cached:37 - cache miss judge-request a27d25e1178e
2026-09-22 14:57:31.070 | INFO     | steering_lite.benchmark.cache:cached:37 - cache miss judge-request b2099a2bd64c
2026-09-22 14:57:31.292 | INFO     | steering_lite.benchmark.cache:cached:37 - cache miss judge-request cecc2036c932
2026-09-22 14:57:31.519 | INFO     | steering_lite.benchmark.cache:cached:37 - cache miss judge-request e0669a9b8be0
2026-09-22 14:57:31.879 | INFO     | steering_lite.benchmark.cache:cached:37 - cache miss judge-request 4ecf7a85c2de
2026-09-22 14:57:31.940 | INFO     | steering_lite.benchmark.cache:cached:37 - cache miss judge-request f1f1f63c8665
2026-09-22 14:57:31.942 | INFO     | steering_lite.benchmark.cache:cached:37 - cache miss judge-request 0584234632bf
2026-09-22 14:57:31.995 | INFO     | steering_lite.benchmark.cache:cached:37 - cache miss judge-request b146c6710f5c
2026-09-22 14:57:32.298 | INFO     | steering_lite.benchmark.cache:cached:37 - cache miss judge-request 15b83bd7478d
2026-09-22 14:57:32.493 | INFO     | steering_lite.benchmark.cache:cached:37 - cache miss judge-request 986c70b1e55c
2026-09-22 14:57:32.877 | INFO     | steering_lite.benchmark.cache:cached:37 - cache miss judge-request 07822152f324
2026-09-22 14:57:33.029 | INFO     | steering_lite.benchmark.cache:cached:37 - cache miss judge-request 323dd94db7d6
2026-09-22 14:57:33.070 | INFO     | steering_lite.benchmark.cache:cached:37 - cache miss judge-request 5ade7a67bb9d
2026-09-22 14:57:33.180 | INFO     | steering_lite.benchmark.cache:cached:37 - cache miss judge-request b36a87595388
2026-09-22 14:57:33.661 | INFO     | steering_lite.benchmark.cache:cached:37 - cache miss judge-request d7e95b1817c8
2026-09-22 14:57:33.898 | INFO     | steering_lite.benchmark.cache:cached:37 - cache miss judge-request 00f4c688255a
2026-09-22 14:57:34.084 | INFO     | steering_lite.benchmark.cache:cached:37 - cache miss judge-request e6323b81f4b2
2026-09-22 14:57:34.254 | INFO     | steering_lite.benchmark.cache:cached:37 - cache miss judge-request e6962f0f883d
2026-09-22 14:57:34.255 | INFO     | steering_lite.benchmark.cache:cached:37 - cache miss judge-request 1f343a7e8abb
2026-09-22 14:57:34.414 | INFO     | steering_lite.benchmark.cache:cached:37 - cache miss judge-request 35c69548ad16
2026-09-22 14:57:34.593 | INFO     | steering_lite.benchmark.cache:cached:37 - cache miss judge-request 07241f31a327
2026-09-22 14:57:34.826 | INFO     | steering_lite.benchmark.cache:cached:37 - cache miss judge-request 116c9e3b2907
2026-09-22 14:57:35.233 | INFO     | steering_lite.benchmark.cache:cached:37 - cache miss judge-request 7fd48b4a0361
2026-09-22 14:57:35.655 | INFO     | steering_lite.benchmark.cache:cached:37 - cache miss judge-request ff9b8ecf8313
2026-09-22 14:57:35.719 | INFO     | steering_lite.benchmark.cache:cached:37 - cache miss judge-request ae0be76b398f
2026-09-22 14:57:36.087 | INFO     | steering_lite.benchmark.cache:cached:37 - cache miss judge-request 6af713a7c1ee
2026-09-22 14:57:36.533 | INFO     | steering_lite.benchmark.cache:cached:37 - cache miss judge-request bf31a5d58b99
2026-09-22 14:57:36.793 | INFO     | steering_lite.benchmark.cache:cached:37 - cache miss judge-request 114d1a9eb8b9
2026-09-22 14:57:37.050 | INFO     | steering_lite.benchmark.cache:cached:37 - cache miss judge-request 6fe7109541c4
2026-09-22 14:57:37.052 | INFO     | steering_lite.benchmark.cache:cached:37 - cache miss judge-request 128f97e45451
2026-09-22 14:57:37.294 | INFO     | steering_lite.benchmark.cache:cached:37 - cache miss judge-request a6d947681ed5
2026-09-22 14:57:37.419 | INFO     | steering_lite.benchmark.cache:cached:37 - cache miss judge-request 4b45392fd4aa
2026-09-22 14:57:37.602 | INFO     | steering_lite.benchmark.cache:cached:37 - cache miss judge-request 967b7b7404c2
2026-09-22 14:57:37.758 | INFO     | steering_lite.benchmark.cache:cached:37 - cache miss judge-request 43bc0ee7206c
2026-09-22 14:57:37.879 | INFO     | steering_lite.benchmark.cache:cached:37 - cache miss judge-request f725ed3b60b6
2026-09-22 14:57:37.887 | INFO     | steering_lite.benchmark.cache:cached:37 - cache miss judge-request 76b1e5ea7f27
2026-09-22 14:57:38.050 | INFO     | steering_lite.benchmark.cache:cached:37 - cache miss judge-request d5d01f99107d
2026-09-22 14:57:38.191 | INFO     | steering_lite.benchmark.cache:cached:37 - cache miss judge-request 75da71c3185f
2026-09-22 14:57:38.397 | INFO     | steering_lite.benchmark.cache:cached:37 - cache miss judge-request 0d985fad4764
2026-09-22 14:57:38.500 | INFO     | steering_lite.benchmark.cache:cached:37 - cache miss judge-request f345cf6b33e2
2026-09-22 14:57:38.634 | INFO     | steering_lite.benchmark.cache:cached:37 - cache miss judge-request 476326cafac9
2026-09-22 14:57:38.702 | INFO     | steering_lite.benchmark.cache:cached:37 - cache miss judge-request 82368de9e441
2026-09-22 14:57:38.829 | INFO     | steering_lite.benchmark.cache:cached:37 - cache miss judge-request 7b4961018174
2026-09-22 14:57:38.975 | INFO     | steering_lite.benchmark.cache:cached:37 - cache miss judge-request c854aa0f9a6d
2026-09-22 14:57:39.209 | INFO     | steering_lite.benchmark.cache:cached:37 - cache miss judge-request 7731775e2ab3
2026-09-22 14:57:39.360 | INFO     | steering_lite.benchmark.cache:cached:37 - cache miss judge-request 1360e9e871ea
2026-09-22 14:57:39.482 | INFO     | steering_lite.benchmark.cache:cached:37 - cache miss judge-request 9cf823c01043
2026-09-22 14:57:39.560 | INFO     | steering_lite.benchmark.cache:cached:37 - cache miss judge-request c0a35e2a7e7e
2026-09-22 14:57:39.729 | INFO     | steering_lite.benchmark.cache:cached:37 - cache miss judge-request 869a7468e7c5
2026-09-22 14:57:39.890 | INFO     | steering_lite.benchmark.cache:cached:37 - cache miss judge-request 1423f9fc486c
2026-09-22 14:57:40.072 | INFO     | steering_lite.benchmark.cache:cached:37 - cache miss judge-request bcfb112091f0
2026-09-22 14:57:40.215 | INFO     | steering_lite.benchmark.cache:cached:37 - cache miss judge-request 44deb6e17db7
2026-09-22 14:57:40.289 | INFO     | steering_lite.benchmark.cache:cached:37 - cache miss judge-request 792a1872f72f
2026-09-22 14:57:40.389 | INFO     | steering_lite.benchmark.cache:cached:37 - cache miss judge-request 47e30987876f
2026-09-22 14:57:40.545 | INFO     | steering_lite.benchmark.cache:cached:37 - cache miss judge-request b18209264168
2026-09-22 14:57:40.617 | INFO     | steering_lite.benchmark.cache:cached:37 - cache miss judge-request e112c40ca6e0
2026-09-22 14:57:40.833 | INFO     | steering_lite.benchmark.cache:cached:37 - cache miss judge-request b8da1a6753ae
2026-09-22 14:57:41.077 | INFO     | steering_lite.benchmark.cache:cached:37 - cache miss judge-request 5ff9d6c25068
2026-09-22 14:57:41.209 | INFO     | steering_lite.benchmark.cache:cached:37 - cache miss judge-request 8cc949b40229
2026-09-22 14:57:41.276 | INFO     | steering_lite.benchmark.cache:cached:37 - cache miss judge-request e506e6666e75
2026-09-22 14:57:41.438 | INFO     | steering_lite.benchmark.cache:cached:37 - cache miss judge-request bffd84b5168c
2026-09-22 14:57:41.609 | INFO     | steering_lite.benchmark.cache:cached:37 - cache miss judge-request 4bca0d31fb49
2026-09-22 14:57:41.799 | INFO     | steering_lite.benchmark.cache:cached:37 - cache miss judge-request 9faf09ed17c9
2026-09-22 14:57:41.932 | INFO     | steering_lite.benchmark.cache:cached:37 - cache miss judge-request 6337d1a2ad1a
2026-09-22 14:57:42.077 | INFO     | steering_lite.benchmark.cache:cached:37 - cache miss judge-request d009bf1917ac
2026-09-22 14:57:42.182 | INFO     | steering_lite.benchmark.cache:cached:37 - cache miss judge-request b1fe600a8237
2026-09-22 14:57:42.285 | INFO     | steering_lite.benchmark.cache:cached:37 - cache miss judge-request a478098ce0fa
2026-09-22 14:57:42.450 | INFO     | steering_lite.benchmark.cache:cached:37 - cache miss judge-request 7ad238fbdcfa
2026-09-22 14:57:42.779 | INFO     | steering_lite.benchmark.cache:cached:37 - cache miss judge-request 226f573b760f
2026-09-22 14:57:42.874 | INFO     | steering_lite.benchmark.cache:cached:37 - cache miss judge-request 9db22be5efb7
2026-09-22 14:57:43.068 | INFO     | steering_lite.benchmark.cache:cached:37 - cache miss judge-request b69a61578ed5
2026-09-22 14:57:43.142 | INFO     | steering_lite.benchmark.cache:cached:37 - cache miss judge-request 16dcf17d41b0
2026-09-22 14:57:43.244 | INFO     | steering_lite.benchmark.cache:cached:37 - cache miss judge-request d60cc3098408
2026-09-22 14:57:43.416 | INFO     | steering_lite.benchmark.cache:cached:37 - cache miss judge-request dd944c92d2d7
2026-09-22 14:57:43.681 | INFO     | steering_lite.benchmark.cache:cached:37 - cache miss judge-request 7d97ff09b91c
2026-09-22 14:57:43.804 | INFO     | steering_lite.benchmark.cache:cached:37 - cache miss judge-request 4fec06ab5ae1
2026-09-22 14:57:44.057 | INFO     | steering_lite.benchmark.cache:cached:37 - cache miss judge-request 4908c0fc5759
2026-09-22 14:57:44.105 | INFO     | steering_lite.benchmark.cache:cached:37 - cache miss judge-request ce5376a8bbcc
2026-09-22 14:57:44.267 | INFO     | steering_lite.benchmark.cache:cached:37 - cache miss judge-request cd386b296262
2026-09-22 14:57:44.446 | INFO     | steering_lite.benchmark.cache:cached:37 - cache miss judge-request 71a3f0d2918d
2026-09-22 14:57:44.715 | INFO     | steering_lite.benchmark.cache:cached:37 - cache miss judge-request 1a6267a65008
2026-09-22 14:57:44.800 | INFO     | steering_lite.benchmark.cache:cached:37 - cache miss judge-request d8d305a3b0df
2026-09-22 14:57:45.072 | INFO     | steering_lite.benchmark.cache:cached:37 - cache miss judge-request 6d8f7d9f8c35
2026-09-22 14:57:45.124 | INFO     | steering_lite.benchmark.cache:cached:37 - cache miss judge-request 809316a9d51d
2026-09-22 14:57:45.174 | INFO     | steering_lite.benchmark.cache:cached:37 - cache miss judge-request 473b51df17c9
2026-09-22 14:57:45.309 | INFO     | steering_lite.benchmark.cache:cached:37 - cache miss judge-request 22a14ec31d87
2026-09-22 14:57:45.534 | INFO     | steering_lite.benchmark.cache:cached:37 - cache miss judge-request 6793fcb3b157
2026-09-22 14:57:45.601 | INFO     | steering_lite.benchmark.cache:cached:37 - cache miss judge-request 0acbae1a36a9
2026-09-22 14:57:45.827 | INFO     | steering_lite.benchmark.cache:cached:37 - cache miss judge-request 3d3fffaed5ac
2026-09-22 14:57:45.884 | INFO     | steering_lite.benchmark.cache:cached:37 - cache miss judge-request 24c9aaef0d56
2026-09-22 14:57:46.004 | INFO     | steering_lite.benchmark.cache:cached:37 - cache miss judge-request d6679f034bd7
2026-09-22 14:57:46.202 | INFO     | steering_lite.benchmark.cache:cached:37 - cache miss judge-request 79b38c6b9f25
2026-09-22 14:57:46.350 | INFO     | steering_lite.benchmark.cache:cached:37 - cache miss judge-request bf3142f6899b
2026-09-22 14:57:46.364 | INFO     | steering_lite.benchmark.cache:cached:37 - cache miss judge-request 26f33fe6e78b
2026-09-22 14:57:46.721 | INFO     | steering_lite.benchmark.cache:cached:37 - cache miss judge-request 8254211140db
2026-09-22 14:57:46.752 | INFO     | steering_lite.benchmark.cache:cached:37 - cache miss judge-request 2083d212fe40
2026-09-22 14:57:46.846 | INFO     | steering_lite.benchmark.cache:cached:37 - cache miss judge-request 6f3f3cd77390
2026-09-22 14:57:47.090 | INFO     | steering_lite.benchmark.cache:cached:37 - cache miss judge-request 09cc04f8ff13
2026-09-22 14:57:47.238 | INFO     | steering_lite.benchmark.cache:cached:37 - cache miss judge-request b88369461c92
2026-09-22 14:57:47.299 | INFO     | steering_lite.benchmark.cache:cached:37 - cache miss judge-request a2062a54a58e
2026-09-22 14:57:47.693 | INFO     | steering_lite.benchmark.cache:cached:37 - cache miss judge-request 30eeb8207384
2026-09-22 14:57:47.843 | INFO     | steering_lite.benchmark.cache:cached:37 - cache miss judge-request ae84e20c731f
2026-09-22 14:57:47.973 | INFO     | steering_lite.benchmark.cache:cached:37 - cache miss judge-request 753cd438bf5a
2026-09-22 14:57:48.065 | INFO     | steering_lite.benchmark.cache:cached:37 - cache miss judge-request 61a9333f2759
2026-09-22 14:57:48.348 | INFO     | steering_lite.benchmark.cache:cached:37 - cache miss judge-request 99468e37a955
2026-09-22 14:57:48.530 | INFO     | steering_lite.benchmark.cache:cached:37 - cache miss judge-request 6f013debf552
2026-09-22 14:57:48.918 | INFO     | steering_lite.benchmark.cache:cached:37 - cache miss judge-request c0d8e2f25d48
2026-09-22 14:57:49.058 | INFO     | steering_lite.benchmark.cache:cached:37 - cache miss judge-request 189825221eae
2026-09-22 14:57:49.100 | INFO     | steering_lite.benchmark.cache:cached:37 - cache miss judge-request 500752c7c272
2026-09-22 14:57:49.321 | INFO     | steering_lite.benchmark.cache:cached:37 - cache miss judge-request f6cb43b4043a
2026-09-22 14:57:49.528 | INFO     | steering_lite.benchmark.cache:cached:37 - cache miss judge-request 0817bf8af293
2026-09-22 14:57:49.528 | INFO     | steering_lite.benchmark.cache:cached:37 - cache miss judge-request 20c481d4f260
2026-09-22 14:57:49.943 | INFO     | steering_lite.benchmark.cache:cached:37 - cache miss judge-request ecf287a11c95
2026-09-22 14:57:50.035 | INFO     | steering_lite.benchmark.cache:cached:37 - cache miss judge-request 2dac010a2a23
2026-09-22 14:57:50.099 | INFO     | steering_lite.benchmark.cache:cached:37 - cache miss judge-request a6f5c31787ec
2026-09-22 14:57:50.253 | INFO     | steering_lite.benchmark.cache:cached:37 - cache miss judge-request 53506cafec52
2026-09-22 14:57:50.393 | INFO     | steering_lite.benchmark.cache:cached:37 - cache miss judge-request a0420a6d1e04
2026-09-22 14:57:50.512 | INFO     | steering_lite.benchmark.cache:cached:37 - cache miss judge-request 1527199a2f3b
2026-09-22 14:57:50.919 | INFO     | steering_lite.benchmark.cache:cached:37 - cache miss judge-request cb162078aa3e
2026-09-22 14:57:51.023 | INFO     | steering_lite.benchmark.cache:cached:37 - cache miss judge-request 7c1ecb1c9c22
2026-09-22 14:57:51.091 | INFO     | steering_lite.benchmark.cache:cached:37 - cache miss judge-request ee8f3b0639a4
2026-09-22 14:57:51.217 | INFO     | steering_lite.benchmark.cache:cached:37 - cache miss judge-request 85f2cf5cebb3
2026-09-22 14:57:51.407 | INFO     | steering_lite.benchmark.cache:cached:37 - cache miss judge-request 4cf4cf78f192
2026-09-22 14:57:51.523 | INFO     | steering_lite.benchmark.cache:cached:37 - cache miss judge-request ba7ffd14afea
2026-09-22 14:57:51.849 | INFO     | steering_lite.benchmark.cache:cached:37 - cache miss judge-request 60a6df7cb28e
2026-09-22 14:57:52.005 | INFO     | steering_lite.benchmark.cache:cached:37 - cache miss judge-request 6ab261ca141a
2026-09-22 14:57:52.056 | INFO     | steering_lite.benchmark.cache:cached:37 - cache miss judge-request 86cc53c1da7c
2026-09-22 14:57:52.186 | INFO     | steering_lite.benchmark.cache:cached:37 - cache miss judge-request 8404e49601e4
2026-09-22 14:57:52.310 | INFO     | steering_lite.benchmark.cache:cached:37 - cache miss judge-request 8b00c278deb2
2026-09-22 14:57:52.373 | INFO     | steering_lite.benchmark.cache:cached:37 - cache miss judge-request 196b507b83fd
2026-09-22 14:57:52.709 | INFO     | steering_lite.benchmark.cache:cached:37 - cache miss judge-request 57078f979e8b
2026-09-22 14:57:52.812 | INFO     | steering_lite.benchmark.cache:cached:37 - cache miss judge-request 4ba99a5e97fd
2026-09-22 14:57:52.812 | INFO     | steering_lite.benchmark.cache:cached:37 - cache miss judge-request 37e1ac7766c7
2026-09-22 14:57:52.880 | INFO     | steering_lite.benchmark.cache:cached:37 - cache miss judge-request 60d579144278
2026-09-22 14:57:53.147 | INFO     | steering_lite.benchmark.cache:cached:37 - cache miss judge-request 1c1eef8cff8d
2026-09-22 14:57:53.269 | INFO     | steering_lite.benchmark.cache:cached:37 - cache miss judge-request a43d6a4eff51
2026-09-22 14:57:53.758 | INFO     | steering_lite.benchmark.cache:cached:37 - cache miss judge-request ecb646890563
2026-09-22 14:57:53.760 | INFO     | steering_lite.benchmark.cache:cached:37 - cache miss judge-request f8d9347eee7a
2026-09-22 14:57:53.900 | INFO     | steering_lite.benchmark.cache:cached:37 - cache miss judge-request 17b8f7f85153
2026-09-22 14:57:53.945 | INFO     | steering_lite.benchmark.cache:cached:37 - cache miss judge-request 28a974dfc0aa
2026-09-22 14:57:54.070 | INFO     | steering_lite.benchmark.cache:cached:37 - cache miss judge-request 6eb7fc2aaf2b
2026-09-22 14:57:54.255 | INFO     | steering_lite.benchmark.cache:cached:37 - cache miss judge-request 67a423f64da4
2026-09-22 14:57:54.575 | INFO     | steering_lite.benchmark.cache:cached:37 - cache miss judge-request 826f98bb81fd
2026-09-22 14:57:54.578 | INFO     | steering_lite.benchmark.cache:cached:37 - cache miss judge-request 6eec5b891694
2026-09-22 14:57:54.748 | INFO     | steering_lite.benchmark.cache:cached:37 - cache miss judge-request 738d005b798a
2026-09-22 14:57:54.757 | INFO     | steering_lite.benchmark.cache:cached:37 - cache miss judge-request 478c23453082
2026-09-22 14:57:54.897 | INFO     | steering_lite.benchmark.cache:cached:37 - cache miss judge-request c1d9947eec30
2026-09-22 14:57:55.228 | INFO     | steering_lite.benchmark.cache:cached:37 - cache miss judge-request 8ff7278985b4
2026-09-22 14:57:55.540 | INFO     | steering_lite.benchmark.cache:cached:37 - cache miss judge-request ecf5545fdd02
2026-09-22 14:57:55.541 | INFO     | steering_lite.benchmark.cache:cached:37 - cache miss judge-request 8c6917e63472
2026-09-22 14:57:55.680 | INFO     | steering_lite.benchmark.cache:cached:37 - cache miss judge-request be1878a0212d
2026-09-22 14:57:55.713 | INFO     | steering_lite.benchmark.cache:cached:37 - cache miss judge-request f3495f062cc1
2026-09-22 14:57:55.834 | INFO     | steering_lite.benchmark.cache:cached:37 - cache miss judge-request 970cc34c91b1
2026-09-22 14:57:56.091 | INFO     | steering_lite.benchmark.cache:cached:37 - cache miss judge-request e6995feb8173
2026-09-22 14:57:56.439 | INFO     | steering_lite.benchmark.cache:cached:37 - cache miss judge-request 5c3f0794e34e
2026-09-22 14:57:56.493 | INFO     | steering_lite.benchmark.cache:cached:37 - cache miss judge-request e29afeeebbef
2026-09-22 14:57:56.628 | INFO     | steering_lite.benchmark.cache:cached:37 - cache miss judge-request 91cde337f3a4
2026-09-22 14:57:56.630 | INFO     | steering_lite.benchmark.cache:cached:37 - cache miss judge-request a4afce50f151
2026-09-22 14:57:56.821 | INFO     | steering_lite.benchmark.cache:cached:37 - cache miss judge-request 7944c04fca15
2026-09-22 14:57:57.079 | INFO     | steering_lite.benchmark.cache:cached:37 - cache miss judge-request 655633a44a78
2026-09-22 14:57:57.408 | INFO     | steering_lite.benchmark.cache:cached:37 - cache miss judge-request 135e38d906f4
2026-09-22 14:57:57.433 | INFO     | steering_lite.benchmark.cache:cached:37 - cache miss judge-request 3cb674a28df7
2026-09-22 14:57:57.513 | INFO     | steering_lite.benchmark.cache:cached:37 - cache miss judge-request ca31f02c626e
2026-09-22 14:57:57.584 | INFO     | steering_lite.benchmark.cache:cached:37 - cache miss judge-request 745dabb29d1c
2026-09-22 14:57:57.682 | INFO     | steering_lite.benchmark.cache:cached:37 - cache miss judge-request 1246480e50fa
2026-09-22 14:57:57.857 | INFO     | steering_lite.benchmark.cache:cached:37 - cache miss judge-request b21a78885822
2026-09-22 14:57:58.091 | INFO     | steering_lite.benchmark.cache:cached:37 - cache miss judge-request d27c9ac1db20
2026-09-22 14:57:58.196 | INFO     | steering_lite.benchmark.cache:cached:37 - cache miss judge-request a1163878218b
2026-09-22 14:57:58.246 | INFO     | steering_lite.benchmark.cache:cached:37 - cache miss judge-request deea404b3c55
2026-09-22 14:57:58.320 | INFO     | steering_lite.benchmark.cache:cached:37 - cache miss judge-request f5acd80af4fe
2026-09-22 14:57:58.426 | INFO     | steering_lite.benchmark.cache:cached:37 - cache miss judge-request 3df64724ccc9
2026-09-22 14:57:58.534 | INFO     | steering_lite.benchmark.cache:cached:37 - cache miss judge-request 35d19b942575
2026-09-22 14:57:58.781 | INFO     | steering_lite.benchmark.cache:cached:37 - cache miss judge-request 676167345b75
2026-09-22 14:57:58.927 | INFO     | steering_lite.benchmark.cache:cached:37 - cache miss judge-request 3948f92610dd
2026-09-22 14:57:59.000 | INFO     | steering_lite.benchmark.cache:cached:37 - cache miss judge-request 2c3ac98c060c
2026-09-22 14:57:59.072 | INFO     | steering_lite.benchmark.cache:cached:37 - cache miss judge-request 8cb932103e43
2026-09-22 14:57:59.102 | INFO     | steering_lite.benchmark.cache:cached:37 - cache miss judge-request 8f4530d56598
2026-09-22 14:57:59.294 | INFO     | steering_lite.benchmark.cache:cached:37 - cache miss judge-request 5bca25961800
2026-09-22 14:57:59.736 | INFO     | steering_lite.benchmark.cache:cached:37 - cache miss judge-request 8a5e8379ad86
2026-09-22 14:57:59.957 | INFO     | steering_lite.benchmark.cache:cached:37 - cache miss judge-request 0373548dbfe5
2026-09-22 14:58:00.064 | INFO     | steering_lite.benchmark.cache:cached:37 - cache miss judge-request 77b72e0e9aad
2026-09-22 14:58:00.121 | INFO     | steering_lite.benchmark.cache:cached:37 - cache miss judge-request bd240c4d1e6b
2026-09-22 14:58:00.171 | INFO     | steering_lite.benchmark.cache:cached:37 - cache miss judge-request 00ec412b7f8e
2026-09-22 14:58:00.300 | INFO     | steering_lite.benchmark.cache:cached:37 - cache miss judge-request 2ce6a8fab24a
2026-09-22 14:58:00.708 | INFO     | steering_lite.benchmark.cache:cached:37 - cache miss judge-request 2c2f3b4f5717
2026-09-22 14:58:00.826 | INFO     | steering_lite.benchmark.cache:cached:37 - cache miss judge-request d43cb0f385a3
2026-09-22 14:58:00.972 | INFO     | steering_lite.benchmark.cache:cached:37 - cache miss judge-request 80ef76587408
2026-09-22 14:58:00.973 | INFO     | steering_lite.benchmark.cache:cached:37 - cache miss judge-request ba0222852c67
2026-09-22 14:58:01.033 | INFO     | steering_lite.benchmark.cache:cached:37 - cache miss judge-request 473cd5a41aff
2026-09-22 14:58:01.107 | INFO     | steering_lite.benchmark.cache:cached:37 - cache miss judge-request 11ddf17d58d5
2026-09-22 14:58:01.524 | INFO     | steering_lite.benchmark.cache:cached:37 - cache miss judge-request 15bb37513752
2026-09-22 14:58:01.691 | INFO     | steering_lite.benchmark.cache:cached:37 - cache miss judge-request 1b1f5a04b99d
2026-09-22 14:58:01.824 | INFO     | steering_lite.benchmark.cache:cached:37 - cache miss judge-request 38c0b9dc7426
2026-09-22 14:58:01.826 | INFO     | steering_lite.benchmark.cache:cached:37 - cache miss judge-request bb9d1e616a8f
2026-09-22 14:58:01.902 | INFO     | steering_lite.benchmark.cache:cached:37 - cache miss judge-request f01f10151663
2026-09-22 14:58:01.962 | INFO     | steering_lite.benchmark.cache:cached:37 - cache miss judge-request f73cf2092de4
2026-09-22 14:58:02.366 | INFO     | steering_lite.benchmark.cache:cached:37 - cache miss judge-request 8d0132c84cc5
2026-09-22 14:58:02.469 | INFO     | steering_lite.benchmark.cache:cached:37 - cache miss judge-request bc71bd41ae7c
2026-09-22 14:58:02.598 | INFO     | steering_lite.benchmark.cache:cached:37 - cache miss judge-request 18457f80b003
2026-09-22 14:58:02.599 | INFO     | steering_lite.benchmark.cache:cached:37 - cache miss judge-request 9d4c7633be8f
2026-09-22 14:58:02.668 | INFO     | steering_lite.benchmark.cache:cached:37 - cache miss judge-request c858370d5496
2026-09-22 14:58:02.748 | INFO     | steering_lite.benchmark.cache:cached:37 - cache miss judge-request f28b228c3790
2026-09-22 14:58:03.143 | INFO     | steering_lite.benchmark.cache:cached:37 - cache miss judge-request d283c36008e9
2026-09-22 14:58:03.256 | INFO     | steering_lite.benchmark.cache:cached:37 - cache miss judge-request 4ac2dc5730dd
2026-09-22 14:58:03.392 | INFO     | steering_lite.benchmark.cache:cached:37 - cache miss judge-request 7cc597b4affc
2026-09-22 14:58:03.456 | INFO     | steering_lite.benchmark.cache:cached:37 - cache miss judge-request 88978d7bd248
2026-09-22 14:58:03.515 | INFO     | steering_lite.benchmark.cache:cached:37 - cache miss judge-request 79320c47a48a
2026-09-22 14:58:03.538 | INFO     | steering_lite.benchmark.cache:cached:37 - cache miss judge-request b786430bcb4e
2026-09-22 14:58:04.043 | INFO     | steering_lite.benchmark.cache:cached:37 - cache miss judge-request cfb74d99c0d9
2026-09-22 14:58:04.183 | INFO     | steering_lite.benchmark.cache:cached:37 - cache miss judge-request aa8f279e9408
2026-09-22 14:58:04.311 | INFO     | steering_lite.benchmark.cache:cached:37 - cache miss judge-request 0af2cbcc4714
2026-09-22 14:58:04.379 | INFO     | steering_lite.benchmark.cache:cached:37 - cache miss judge-request 4a9d8cacaaef
2026-09-22 14:58:04.482 | INFO     | steering_lite.benchmark.cache:cached:37 - cache miss judge-request f4d24398e0f3
2026-09-22 14:58:05.306 | INFO     | steering_lite.benchmark.cache:cached:37 - cache miss final-health c4ed5d9c3471
2026-09-22 14:58:05.309 | INFO     | steering_lite.benchmark.cache:cached:37 - cache miss final-aware a42e6af2161d
2026-09-22 14:58:05.318 | INFO     | steering_lite.benchmark.cache:cached:37 - cache miss final-blind c20a6ac04fd7
=========================== short test summary info ============================
FAILED tests/test_full_sweep_entrypoint.py::test_judge_endpoint_change_reuses_gpu_and_preserves_vector_sidecar
1 failed, 2 passed in 233.42s (0:03:53)
