2026-10-07 00:43:38.514 | INFO     | data:manifest:104 - manifest walks=85 rows=395300
2026-10-07 00:45:01.279 | INFO     | __main__:refresh:254 - JUDGE_CACHE_CHECK bsb required=687666 cached=205161 missing=482505
2026-10-07 00:45:13.785 | INFO     | __main__:_refresh:248 - jev progress=400/482505 cost=$0.0270
2026-10-07 00:45:20.277 | INFO     | __main__:_refresh:248 - jev progress=800/482505 cost=$0.0540
2026-10-07 00:45:26.888 | INFO     | __main__:_refresh:248 - jev progress=1200/482505 cost=$0.0812
2026-10-07 00:45:33.566 | INFO     | __main__:_refresh:248 - jev progress=1600/482505 cost=$0.1079
2026-10-07 00:45:40.010 | INFO     | __main__:_refresh:248 - jev progress=2000/482505 cost=$0.1350
2026-10-07 00:45:46.484 | INFO     | __main__:_refresh:248 - jev progress=2400/482505 cost=$0.1619
2026-10-07 00:45:52.839 | INFO     | __main__:_refresh:248 - jev progress=2800/482505 cost=$0.1888
2026-10-07 00:45:59.554 | INFO     | __main__:_refresh:248 - jev progress=3200/482505 cost=$0.2154
2026-10-07 00:46:05.923 | INFO     | __main__:_refresh:248 - jev progress=3600/482505 cost=$0.2422
2026-10-07 00:46:12.639 | INFO     | __main__:_refresh:248 - jev progress=4000/482505 cost=$0.2690
2026-10-07 00:46:19.274 | INFO     | __main__:_refresh:248 - jev progress=4400/482505 cost=$0.2957
2026-10-07 00:46:26.042 | INFO     | __main__:_refresh:248 - jev progress=4800/482505 cost=$0.3221
2026-10-07 00:46:32.764 | INFO     | __main__:_refresh:248 - jev progress=5200/482505 cost=$0.3481
2026-10-07 00:46:38.944 | INFO     | __main__:_refresh:248 - jev progress=5600/482505 cost=$0.3739
2026-10-07 00:46:45.315 | INFO     | __main__:_refresh:248 - jev progress=6000/482505 cost=$0.3998
2026-10-07 00:46:53.226 | INFO     | __main__:_refresh:248 - jev progress=6400/482505 cost=$0.4262
2026-10-07 00:46:59.422 | INFO     | __main__:_refresh:248 - jev progress=6800/482505 cost=$0.4522
2026-10-07 00:47:05.855 | INFO     | __main__:_refresh:248 - jev progress=7200/482505 cost=$0.4787
2026-10-07 00:47:12.646 | INFO     | __main__:_refresh:248 - jev progress=7600/482505 cost=$0.5052
2026-10-07 00:47:18.822 | INFO     | __main__:_refresh:248 - jev progress=8000/482505 cost=$0.5320
2026-10-07 00:47:25.324 | INFO     | __main__:_refresh:248 - jev progress=8400/482505 cost=$0.5591
2026-10-07 00:47:31.765 | INFO     | __main__:_refresh:248 - jev progress=8800/482505 cost=$0.5863
2026-10-07 00:47:38.052 | INFO     | __main__:_refresh:248 - jev progress=9200/482505 cost=$0.6123
2026-10-07 00:47:44.413 | INFO     | __main__:_refresh:248 - jev progress=9600/482505 cost=$0.6379
2026-10-07 00:47:50.793 | INFO     | __main__:_refresh:248 - jev progress=10000/482505 cost=$0.6637
2026-10-07 00:47:56.927 | INFO     | __main__:_refresh:248 - jev progress=10400/482505 cost=$0.6894
2026-10-07 00:48:03.178 | INFO     | __main__:_refresh:248 - jev progress=10800/482505 cost=$0.7150
2026-10-07 00:48:09.329 | INFO     | __main__:_refresh:248 - jev progress=11200/482505 cost=$0.7405
2026-10-07 00:48:16.165 | INFO     | __main__:_refresh:248 - jev progress=11600/482505 cost=$0.7661
2026-10-07 00:48:22.372 | INFO     | __main__:_refresh:248 - jev progress=12000/482505 cost=$0.7918
2026-10-07 00:48:28.559 | INFO     | __main__:_refresh:248 - jev progress=12400/482505 cost=$0.8175
2026-10-07 00:48:34.720 | INFO     | __main__:_refresh:248 - jev progress=12800/482505 cost=$0.8435
2026-10-07 00:48:40.852 | INFO     | __main__:_refresh:248 - jev progress=13200/482505 cost=$0.8698
2026-10-07 00:48:47.094 | INFO     | __main__:_refresh:248 - jev progress=13600/482505 cost=$0.8962
2026-10-07 00:48:53.218 | INFO     | __main__:_refresh:248 - jev progress=14000/482505 cost=$0.9223
2026-10-07 00:48:59.493 | INFO     | __main__:_refresh:248 - jev progress=14400/482505 cost=$0.9481
2026-10-07 00:49:05.808 | INFO     | __main__:_refresh:248 - jev progress=14800/482505 cost=$0.9736
2026-10-07 00:49:12.430 | INFO     | __main__:_refresh:248 - jev progress=15200/482505 cost=$0.9990
2026-10-07 00:49:18.590 | INFO     | __main__:_refresh:248 - jev progress=15600/482505 cost=$1.0245
2026-10-07 00:49:24.720 | INFO     | __main__:_refresh:248 - jev progress=16000/482505 cost=$1.0499
2026-10-07 00:49:30.744 | INFO     | __main__:_refresh:248 - jev progress=16400/482505 cost=$1.0759
2026-10-07 00:49:37.037 | INFO     | __main__:_refresh:248 - jev progress=16800/482505 cost=$1.1030
2026-10-07 00:49:43.358 | INFO     | __main__:_refresh:248 - jev progress=17200/482505 cost=$1.1308
2026-10-07 00:49:49.446 | INFO     | __main__:_refresh:248 - jev progress=17600/482505 cost=$1.1570
2026-10-07 00:49:55.811 | INFO     | __main__:_refresh:248 - jev progress=18000/482505 cost=$1.1821
2026-10-07 00:50:02.843 | INFO     | __main__:_refresh:248 - jev progress=18400/482505 cost=$1.2076
2026-10-07 00:50:09.410 | INFO     | __main__:_refresh:248 - jev progress=18800/482505 cost=$1.2332
2026-10-07 00:50:16.119 | INFO     | __main__:_refresh:248 - jev progress=19200/482505 cost=$1.2584
2026-10-07 00:50:22.450 | INFO     | __main__:_refresh:248 - jev progress=19600/482505 cost=$1.2838
2026-10-07 00:50:28.793 | INFO     | __main__:_refresh:248 - jev progress=20000/482505 cost=$1.3091
2026-10-07 00:50:35.131 | INFO     | __main__:_refresh:248 - jev progress=20400/482505 cost=$1.3346
2026-10-07 00:50:41.804 | INFO     | __main__:_refresh:248 - jev progress=20800/482505 cost=$1.3599
2026-10-07 00:50:48.025 | INFO     | __main__:_refresh:248 - jev progress=21200/482505 cost=$1.3853
2026-10-07 00:50:54.282 | INFO     | __main__:_refresh:248 - jev progress=21600/482505 cost=$1.4107
2026-10-07 00:51:00.822 | INFO     | __main__:_refresh:248 - jev progress=22000/482505 cost=$1.4371
2026-10-07 00:51:07.014 | INFO     | __main__:_refresh:248 - jev progress=22400/482505 cost=$1.4645
2026-10-07 00:51:13.446 | INFO     | __main__:_refresh:248 - jev progress=22800/482505 cost=$1.4920
2026-10-07 00:51:19.722 | INFO     | __main__:_refresh:248 - jev progress=23200/482505 cost=$1.5179
2026-10-07 00:51:25.767 | INFO     | __main__:_refresh:248 - jev progress=23600/482505 cost=$1.5434
2026-10-07 00:51:31.979 | INFO     | __main__:_refresh:248 - jev progress=24000/482505 cost=$1.5685
2026-10-07 00:51:38.522 | INFO     | __main__:_refresh:248 - jev progress=24400/482505 cost=$1.5941
2026-10-07 00:51:44.719 | INFO     | __main__:_refresh:248 - jev progress=24800/482505 cost=$1.6191
2026-10-07 00:51:51.199 | INFO     | __main__:_refresh:248 - jev progress=25200/482505 cost=$1.6443
2026-10-07 00:51:57.556 | INFO     | __main__:_refresh:248 - jev progress=25600/482505 cost=$1.6695
2026-10-07 00:52:03.828 | INFO     | __main__:_refresh:248 - jev progress=26000/482505 cost=$1.6949
2026-10-07 00:52:09.919 | INFO     | __main__:_refresh:248 - jev progress=26400/482505 cost=$1.7202
2026-10-07 00:52:16.232 | INFO     | __main__:_refresh:248 - jev progress=26800/482505 cost=$1.7455
2026-10-07 00:52:22.542 | INFO     | __main__:_refresh:248 - jev progress=27200/482505 cost=$1.7710
2026-10-07 00:52:29.056 | INFO     | __main__:_refresh:248 - jev progress=27600/482505 cost=$1.7978
2026-10-07 00:52:35.372 | INFO     | __main__:_refresh:248 - jev progress=28000/482505 cost=$1.8252
2026-10-07 00:52:42.486 | INFO     | __main__:_refresh:248 - jev progress=28400/482505 cost=$1.8532
2026-10-07 00:52:48.735 | INFO     | __main__:_refresh:248 - jev progress=28800/482505 cost=$1.8787
2026-10-07 00:52:55.387 | INFO     | __main__:_refresh:248 - jev progress=29200/482505 cost=$1.9039
2026-10-07 00:53:02.340 | INFO     | __main__:_refresh:248 - jev progress=29600/482505 cost=$1.9288
2026-10-07 00:53:08.674 | INFO     | __main__:_refresh:248 - jev progress=30000/482505 cost=$1.9542
2026-10-07 00:53:15.043 | INFO     | __main__:_refresh:248 - jev progress=30400/482505 cost=$1.9800
2026-10-07 00:53:21.356 | INFO     | __main__:_refresh:248 - jev progress=30800/482505 cost=$2.0056
2026-10-07 00:53:27.802 | INFO     | __main__:_refresh:248 - jev progress=31200/482505 cost=$2.0307
2026-10-07 00:53:34.275 | INFO     | __main__:_refresh:248 - jev progress=31600/482505 cost=$2.0560
2026-10-07 00:53:40.720 | INFO     | __main__:_refresh:248 - jev progress=32000/482505 cost=$2.0813
2026-10-07 00:53:47.405 | INFO     | __main__:_refresh:248 - jev progress=32400/482505 cost=$2.1067
2026-10-07 00:53:53.806 | INFO     | __main__:_refresh:248 - jev progress=32800/482505 cost=$2.1326
2026-10-07 00:54:00.350 | INFO     | __main__:_refresh:248 - jev progress=33200/482505 cost=$2.1597
2026-10-07 00:54:06.908 | INFO     | __main__:_refresh:248 - jev progress=33600/482505 cost=$2.1872
2026-10-07 00:54:13.184 | INFO     | __main__:_refresh:248 - jev progress=34000/482505 cost=$2.2160
2026-10-07 00:54:19.653 | INFO     | __main__:_refresh:248 - jev progress=34400/482505 cost=$2.2415
2026-10-07 00:54:26.385 | INFO     | __main__:_refresh:248 - jev progress=34800/482505 cost=$2.2668
2026-10-07 00:54:32.748 | INFO     | __main__:_refresh:248 - jev progress=35200/482505 cost=$2.2921
2026-10-07 00:54:39.131 | INFO     | __main__:_refresh:248 - jev progress=35600/482505 cost=$2.3168
2026-10-07 00:54:45.480 | INFO     | __main__:_refresh:248 - jev progress=36000/482505 cost=$2.3419
2026-10-07 00:54:51.809 | INFO     | __main__:_refresh:248 - jev progress=36400/482505 cost=$2.3673
2026-10-07 00:54:58.225 | INFO     | __main__:_refresh:248 - jev progress=36800/482505 cost=$2.3927
2026-10-07 00:55:05.607 | INFO     | __main__:_refresh:248 - jev progress=37200/482505 cost=$2.4180
2026-10-07 00:55:12.358 | INFO     | __main__:_refresh:248 - jev progress=37600/482505 cost=$2.4434
2026-10-07 00:55:19.024 | INFO     | __main__:_refresh:248 - jev progress=38000/482505 cost=$2.4694
2026-10-07 00:55:25.313 | INFO     | __main__:_refresh:248 - jev progress=38400/482505 cost=$2.4966
2026-10-07 00:55:31.973 | INFO     | __main__:_refresh:248 - jev progress=38800/482505 cost=$2.5240
2026-10-07 00:55:38.363 | INFO     | __main__:_refresh:248 - jev progress=39200/482505 cost=$2.5507
2026-10-07 00:55:45.073 | INFO     | __main__:_refresh:248 - jev progress=39600/482505 cost=$2.5758
2026-10-07 00:55:51.649 | INFO     | __main__:_refresh:248 - jev progress=40000/482505 cost=$2.6013
2026-10-07 00:55:57.970 | INFO     | __main__:_refresh:248 - jev progress=40400/482505 cost=$2.6268
2026-10-07 00:56:04.939 | INFO     | __main__:_refresh:248 - jev progress=40800/482505 cost=$2.6524
2026-10-07 00:56:11.848 | INFO     | __main__:_refresh:248 - jev progress=41200/482505 cost=$2.6778
2026-10-07 00:56:18.279 | INFO     | __main__:_refresh:248 - jev progress=41600/482505 cost=$2.7030
2026-10-07 00:56:24.499 | INFO     | __main__:_refresh:248 - jev progress=42000/482505 cost=$2.7282
2026-10-07 00:56:30.980 | INFO     | __main__:_refresh:248 - jev progress=42400/482505 cost=$2.7536
2026-10-07 00:56:37.676 | INFO     | __main__:_refresh:248 - jev progress=42800/482505 cost=$2.7791
2026-10-07 00:56:44.124 | INFO     | __main__:_refresh:248 - jev progress=43200/482505 cost=$2.8053
2026-10-07 00:56:50.608 | INFO     | __main__:_refresh:248 - jev progress=43600/482505 cost=$2.8327
2026-10-07 00:56:57.115 | INFO     | __main__:_refresh:248 - jev progress=44000/482505 cost=$2.8604
2026-10-07 00:57:03.776 | INFO     | __main__:_refresh:248 - jev progress=44400/482505 cost=$2.8861
2026-10-07 00:57:10.501 | INFO     | __main__:_refresh:248 - jev progress=44800/482505 cost=$2.9106
2026-10-07 00:57:17.523 | INFO     | __main__:_refresh:248 - jev progress=45200/482505 cost=$2.9357
2026-10-07 00:57:23.907 | INFO     | __main__:_refresh:248 - jev progress=45600/482505 cost=$2.9611
2026-10-07 00:57:30.304 | INFO     | __main__:_refresh:248 - jev progress=46000/482505 cost=$2.9866
2026-10-07 00:57:36.621 | INFO     | __main__:_refresh:248 - jev progress=46400/482505 cost=$3.0118
2026-10-07 00:57:43.083 | INFO     | __main__:_refresh:248 - jev progress=46800/482505 cost=$3.0371
2026-10-07 00:57:49.480 | INFO     | __main__:_refresh:248 - jev progress=47200/482505 cost=$3.0624
2026-10-07 00:57:55.851 | INFO     | __main__:_refresh:248 - jev progress=47600/482505 cost=$3.0877
2026-10-07 00:58:02.565 | INFO     | __main__:_refresh:248 - jev progress=48000/482505 cost=$3.1132
2026-10-07 00:58:08.907 | INFO     | __main__:_refresh:248 - jev progress=48400/482505 cost=$3.1404
2026-10-07 00:58:15.577 | INFO     | __main__:_refresh:248 - jev progress=48800/482505 cost=$3.1678
2026-10-07 00:58:21.735 | INFO     | __main__:_refresh:248 - jev progress=49200/482505 cost=$3.1950
2026-10-07 00:58:28.026 | INFO     | __main__:_refresh:248 - jev progress=49600/482505 cost=$3.2194
2026-10-07 00:58:34.369 | INFO     | __main__:_refresh:248 - jev progress=50000/482505 cost=$3.2448
2026-10-07 00:58:40.741 | INFO     | __main__:_refresh:248 - jev progress=50400/482505 cost=$3.2699
2026-10-07 00:58:46.880 | INFO     | __main__:_refresh:248 - jev progress=50800/482505 cost=$3.2950
2026-10-07 00:58:52.898 | INFO     | __main__:_refresh:248 - jev progress=51200/482505 cost=$3.3201
2026-10-07 00:58:59.192 | INFO     | __main__:_refresh:248 - jev progress=51600/482505 cost=$3.3450
2026-10-07 00:59:05.945 | INFO     | __main__:_refresh:248 - jev progress=52000/482505 cost=$3.3698
2026-10-07 00:59:12.122 | INFO     | __main__:_refresh:248 - jev progress=52400/482505 cost=$3.3947
2026-10-07 00:59:18.716 | INFO     | __main__:_refresh:248 - jev progress=52800/482505 cost=$3.4194
2026-10-07 00:59:25.131 | INFO     | __main__:_refresh:248 - jev progress=53200/482505 cost=$3.4449
2026-10-07 00:59:31.595 | INFO     | __main__:_refresh:248 - jev progress=53600/482505 cost=$3.4718
2026-10-07 00:59:37.711 | INFO     | __main__:_refresh:248 - jev progress=54000/482505 cost=$3.4992
2026-10-07 00:59:43.810 | INFO     | __main__:_refresh:248 - jev progress=54400/482505 cost=$3.5251
2026-10-07 00:59:50.142 | INFO     | __main__:_refresh:248 - jev progress=54800/482505 cost=$3.5503
2026-10-07 00:59:56.293 | INFO     | __main__:_refresh:248 - jev progress=55200/482505 cost=$3.5758
2026-10-07 01:00:02.849 | INFO     | __main__:_refresh:248 - jev progress=55600/482505 cost=$3.6013
2026-10-07 01:00:09.521 | INFO     | __main__:_refresh:248 - jev progress=56000/482505 cost=$3.6269
2026-10-07 01:00:15.919 | INFO     | __main__:_refresh:248 - jev progress=56400/482505 cost=$3.6526
2026-10-07 01:00:22.499 | INFO     | __main__:_refresh:248 - jev progress=56800/482505 cost=$3.6780
2026-10-07 01:00:28.773 | INFO     | __main__:_refresh:248 - jev progress=57200/482505 cost=$3.7035
2026-10-07 01:00:35.313 | INFO     | __main__:_refresh:248 - jev progress=57600/482505 cost=$3.7290
2026-10-07 01:00:42.307 | INFO     | __main__:_refresh:248 - jev progress=58000/482505 cost=$3.7548
2026-10-07 01:00:48.604 | INFO     | __main__:_refresh:248 - jev progress=58400/482505 cost=$3.7816
2026-10-07 01:00:54.956 | INFO     | __main__:_refresh:248 - jev progress=58800/482505 cost=$3.8088
2026-10-07 01:01:01.673 | INFO     | __main__:_refresh:248 - jev progress=59200/482505 cost=$3.8362
2026-10-07 01:01:08.036 | INFO     | __main__:_refresh:248 - jev progress=59600/482505 cost=$3.8614
2026-10-07 01:01:14.426 | INFO     | __main__:_refresh:248 - jev progress=60000/482505 cost=$3.8858
2026-10-07 01:01:20.925 | INFO     | __main__:_refresh:248 - jev progress=60400/482505 cost=$3.9105
2026-10-07 01:01:27.787 | INFO     | __main__:_refresh:248 - jev progress=60800/482505 cost=$3.9355
2026-10-07 01:01:32.486 | WARNING  | __main__:run:232 - jev 429 attempt=1/6
2026-10-07 01:01:32.744 | WARNING  | __main__:run:232 - jev 429 attempt=1/6
2026-10-07 01:01:32.760 | WARNING  | __main__:run:232 - jev 429 attempt=1/6
2026-10-07 01:01:33.398 | WARNING  | __main__:run:232 - jev 429 attempt=1/6
2026-10-07 01:01:33.713 | WARNING  | __main__:run:232 - jev 429 attempt=1/6
2026-10-07 01:01:34.419 | WARNING  | __main__:run:232 - jev 429 attempt=1/6
2026-10-07 01:01:39.717 | INFO     | __main__:_refresh:248 - jev progress=61200/482505 cost=$3.9609
2026-10-07 01:01:41.251 | WARNING  | __main__:run:232 - jev 429 attempt=1/6
2026-10-07 01:01:43.022 | WARNING  | __main__:run:232 - jev 429 attempt=1/6
2026-10-07 01:01:48.294 | INFO     | __main__:_refresh:248 - jev progress=61600/482505 cost=$3.9865
2026-10-07 01:01:54.751 | INFO     | __main__:_refresh:248 - jev progress=62000/482505 cost=$4.0117
2026-10-07 01:02:00.069 | WARNING  | __main__:run:232 - jev 429 attempt=1/6
2026-10-07 01:02:00.742 | WARNING  | __main__:run:232 - jev 429 attempt=1/6
2026-10-07 01:02:06.032 | INFO     | __main__:_refresh:248 - jev progress=62400/482505 cost=$4.0368
2026-10-07 01:02:12.692 | INFO     | __main__:_refresh:248 - jev progress=62800/482505 cost=$4.0621
2026-10-07 01:02:19.052 | INFO     | __main__:_refresh:248 - jev progress=63200/482505 cost=$4.0891
2026-10-07 01:02:25.518 | INFO     | __main__:_refresh:248 - jev progress=63600/482505 cost=$4.1164
2026-10-07 01:02:31.724 | INFO     | __main__:_refresh:248 - jev progress=64000/482505 cost=$4.1440
2026-10-07 01:02:38.105 | INFO     | __main__:_refresh:248 - jev progress=64400/482505 cost=$4.1693
2026-10-07 01:02:44.371 | INFO     | __main__:_refresh:248 - jev progress=64800/482505 cost=$4.1942
2026-10-07 01:02:50.724 | INFO     | __main__:_refresh:248 - jev progress=65200/482505 cost=$4.2188
2026-10-07 01:02:56.850 | INFO     | __main__:_refresh:248 - jev progress=65600/482505 cost=$4.2435
2026-10-07 01:03:02.958 | INFO     | __main__:_refresh:248 - jev progress=66000/482505 cost=$4.2688
2026-10-07 01:03:09.303 | INFO     | __main__:_refresh:248 - jev progress=66400/482505 cost=$4.2941
2026-10-07 01:03:15.672 | INFO     | __main__:_refresh:248 - jev progress=66800/482505 cost=$4.3194
2026-10-07 01:03:21.762 | INFO     | __main__:_refresh:248 - jev progress=67200/482505 cost=$4.3448
2026-10-07 01:03:28.068 | INFO     | __main__:_refresh:248 - jev progress=67600/482505 cost=$4.3703
2026-10-07 01:03:34.187 | INFO     | __main__:_refresh:248 - jev progress=68000/482505 cost=$4.3957
2026-10-07 01:03:40.589 | INFO     | __main__:_refresh:248 - jev progress=68400/482505 cost=$4.4219
2026-10-07 01:03:46.650 | INFO     | __main__:_refresh:248 - jev progress=68800/482505 cost=$4.4476
2026-10-07 01:03:52.885 | INFO     | __main__:_refresh:248 - jev progress=69200/482505 cost=$4.4742
2026-10-07 01:03:59.470 | INFO     | __main__:_refresh:248 - jev progress=69600/482505 cost=$4.4982
2026-10-07 01:04:06.049 | INFO     | __main__:_refresh:248 - jev progress=70000/482505 cost=$4.5227
2026-10-07 01:04:12.515 | INFO     | __main__:_refresh:248 - jev progress=70400/482505 cost=$4.5474
2026-10-07 01:04:18.708 | INFO     | __main__:_refresh:248 - jev progress=70800/482505 cost=$4.5724
2026-10-07 01:04:25.135 | INFO     | __main__:_refresh:248 - jev progress=71200/482505 cost=$4.5977
2026-10-07 01:04:31.495 | INFO     | __main__:_refresh:248 - jev progress=71600/482505 cost=$4.6231
2026-10-07 01:04:37.924 | INFO     | __main__:_refresh:248 - jev progress=72000/482505 cost=$4.6490
2026-10-07 01:04:44.141 | INFO     | __main__:_refresh:248 - jev progress=72400/482505 cost=$4.6765
2026-10-07 01:04:50.902 | INFO     | __main__:_refresh:248 - jev progress=72800/482505 cost=$4.7039
2026-10-07 01:04:57.288 | INFO     | __main__:_refresh:248 - jev progress=73200/482505 cost=$4.7302
2026-10-07 01:05:03.925 | INFO     | __main__:_refresh:248 - jev progress=73600/482505 cost=$4.7539
2026-10-07 01:05:10.330 | INFO     | __main__:_refresh:248 - jev progress=74000/482505 cost=$4.7787
2026-10-07 01:05:16.501 | INFO     | __main__:_refresh:248 - jev progress=74400/482505 cost=$4.8040
2026-10-07 01:05:22.849 | INFO     | __main__:_refresh:248 - jev progress=74800/482505 cost=$4.8296
2026-10-07 01:05:29.216 | INFO     | __main__:_refresh:248 - jev progress=75200/482505 cost=$4.8550
2026-10-07 01:05:35.673 | INFO     | __main__:_refresh:248 - jev progress=75600/482505 cost=$4.8821
2026-10-07 01:05:41.768 | INFO     | __main__:_refresh:248 - jev progress=76000/482505 cost=$4.9089
2026-10-07 01:05:47.952 | INFO     | __main__:_refresh:248 - jev progress=76400/482505 cost=$4.9341
2026-10-07 01:05:54.081 | INFO     | __main__:_refresh:248 - jev progress=76800/482505 cost=$4.9584
2026-10-07 01:06:00.313 | INFO     | __main__:_refresh:248 - jev progress=77200/482505 cost=$4.9835
2026-10-07 01:06:06.739 | INFO     | __main__:_refresh:248 - jev progress=77600/482505 cost=$5.0094
2026-10-07 01:06:12.852 | INFO     | __main__:_refresh:248 - jev progress=78000/482505 cost=$5.0344
2026-10-07 01:06:19.070 | INFO     | __main__:_refresh:248 - jev progress=78400/482505 cost=$5.0598
2026-10-07 01:06:25.678 | INFO     | __main__:_refresh:248 - jev progress=78800/482505 cost=$5.0857
2026-10-07 01:06:31.793 | INFO     | __main__:_refresh:248 - jev progress=79200/482505 cost=$5.1132
2026-10-07 01:06:37.972 | INFO     | __main__:_refresh:248 - jev progress=79600/482505 cost=$5.1406
2026-10-07 01:06:44.262 | INFO     | __main__:_refresh:248 - jev progress=80000/482505 cost=$5.1667
2026-10-07 01:06:50.525 | INFO     | __main__:_refresh:248 - jev progress=80400/482505 cost=$5.1917
2026-10-07 01:06:56.619 | INFO     | __main__:_refresh:248 - jev progress=80800/482505 cost=$5.2165
2026-10-07 01:07:02.857 | INFO     | __main__:_refresh:248 - jev progress=81200/482505 cost=$5.2418
2026-10-07 01:07:09.133 | INFO     | __main__:_refresh:248 - jev progress=81600/482505 cost=$5.2673
2026-10-07 01:07:15.417 | INFO     | __main__:_refresh:248 - jev progress=82000/482505 cost=$5.2945
2026-10-07 01:07:21.728 | INFO     | __main__:_refresh:248 - jev progress=82400/482505 cost=$5.3217
2026-10-07 01:07:27.932 | INFO     | __main__:_refresh:248 - jev progress=82800/482505 cost=$5.3474
2026-10-07 01:07:34.232 | INFO     | __main__:_refresh:248 - jev progress=83200/482505 cost=$5.3722
2026-10-07 01:07:40.461 | INFO     | __main__:_refresh:248 - jev progress=83600/482505 cost=$5.3969
2026-10-07 01:07:46.670 | INFO     | __main__:_refresh:248 - jev progress=84000/482505 cost=$5.4222
2026-10-07 01:07:52.768 | INFO     | __main__:_refresh:248 - jev progress=84400/482505 cost=$5.4475
2026-10-07 01:07:58.903 | INFO     | __main__:_refresh:248 - jev progress=84800/482505 cost=$5.4736
2026-10-07 01:08:05.207 | INFO     | __main__:_refresh:248 - jev progress=85200/482505 cost=$5.5007
2026-10-07 01:08:11.497 | INFO     | __main__:_refresh:248 - jev progress=85600/482505 cost=$5.5281
2026-10-07 01:08:17.887 | INFO     | __main__:_refresh:248 - jev progress=86000/482505 cost=$5.5559
2026-10-07 01:08:24.235 | INFO     | __main__:_refresh:248 - jev progress=86400/482505 cost=$5.5804
2026-10-07 01:08:30.429 | INFO     | __main__:_refresh:248 - jev progress=86800/482505 cost=$5.6054
2026-10-07 01:08:36.866 | INFO     | __main__:_refresh:248 - jev progress=87200/482505 cost=$5.6310
2026-10-07 01:08:42.996 | INFO     | __main__:_refresh:248 - jev progress=87600/482505 cost=$5.6565
2026-10-07 01:08:49.380 | INFO     | __main__:_refresh:248 - jev progress=88000/482505 cost=$5.6838
2026-10-07 01:08:55.588 | INFO     | __main__:_refresh:248 - jev progress=88400/482505 cost=$5.7106
2026-10-07 01:09:01.875 | INFO     | __main__:_refresh:248 - jev progress=88800/482505 cost=$5.7359
2026-10-07 01:09:08.264 | INFO     | __main__:_refresh:248 - jev progress=89200/482505 cost=$5.7613
2026-10-07 01:09:14.550 | INFO     | __main__:_refresh:248 - jev progress=89600/482505 cost=$5.7866
2026-10-07 01:09:20.691 | INFO     | __main__:_refresh:248 - jev progress=90000/482505 cost=$5.8119
2026-10-07 01:09:27.211 | INFO     | __main__:_refresh:248 - jev progress=90400/482505 cost=$5.8370
2026-10-07 01:09:33.403 | INFO     | __main__:_refresh:248 - jev progress=90800/482505 cost=$5.8623
2026-10-07 01:09:39.623 | INFO     | __main__:_refresh:248 - jev progress=91200/482505 cost=$5.8877
2026-10-07 01:09:45.892 | INFO     | __main__:_refresh:248 - jev progress=91600/482505 cost=$5.9132
2026-10-07 01:09:52.049 | INFO     | __main__:_refresh:248 - jev progress=92000/482505 cost=$5.9393
2026-10-07 01:09:58.660 | INFO     | __main__:_refresh:248 - jev progress=92400/482505 cost=$5.9661
2026-10-07 01:10:05.095 | INFO     | __main__:_refresh:248 - jev progress=92800/482505 cost=$5.9934
2026-10-07 01:10:11.328 | INFO     | __main__:_refresh:248 - jev progress=93200/482505 cost=$6.0206
2026-10-07 01:10:17.700 | INFO     | __main__:_refresh:248 - jev progress=93600/482505 cost=$6.0467
2026-10-07 01:10:23.910 | INFO     | __main__:_refresh:248 - jev progress=94000/482505 cost=$6.0721
2026-10-07 01:10:30.323 | INFO     | __main__:_refresh:248 - jev progress=94400/482505 cost=$6.0973
2026-10-07 01:10:36.643 | INFO     | __main__:_refresh:248 - jev progress=94800/482505 cost=$6.1219
2026-10-07 01:10:43.059 | INFO     | __main__:_refresh:248 - jev progress=95200/482505 cost=$6.1469
2026-10-07 01:10:49.222 | INFO     | __main__:_refresh:248 - jev progress=95600/482505 cost=$6.1722
2026-10-07 01:10:55.501 | INFO     | __main__:_refresh:248 - jev progress=96000/482505 cost=$6.1973
2026-10-07 01:11:01.672 | INFO     | __main__:_refresh:248 - jev progress=96400/482505 cost=$6.2225
2026-10-07 01:11:08.018 | INFO     | __main__:_refresh:248 - jev progress=96800/482505 cost=$6.2477
2026-10-07 01:11:14.461 | INFO     | __main__:_refresh:248 - jev progress=97200/482505 cost=$6.2728
2026-10-07 01:11:20.908 | INFO     | __main__:_refresh:248 - jev progress=97600/482505 cost=$6.2987
2026-10-07 01:11:27.105 | INFO     | __main__:_refresh:248 - jev progress=98000/482505 cost=$6.3262
2026-10-07 01:11:33.313 | INFO     | __main__:_refresh:248 - jev progress=98400/482505 cost=$6.3538
2026-10-07 01:11:39.651 | INFO     | __main__:_refresh:248 - jev progress=98800/482505 cost=$6.3811
2026-10-07 01:11:46.022 | INFO     | __main__:_refresh:248 - jev progress=99200/482505 cost=$6.4063
2026-10-07 01:11:52.611 | INFO     | __main__:_refresh:248 - jev progress=99600/482505 cost=$6.4313
2026-10-07 01:11:58.925 | INFO     | __main__:_refresh:248 - jev progress=100000/482505 cost=$6.4562
2026-10-07 01:12:05.380 | INFO     | __main__:_refresh:248 - jev progress=100400/482505 cost=$6.4812
2026-10-07 01:12:11.612 | INFO     | __main__:_refresh:248 - jev progress=100800/482505 cost=$6.5064
2026-10-07 01:12:17.921 | INFO     | __main__:_refresh:248 - jev progress=101200/482505 cost=$6.5320
2026-10-07 01:12:24.299 | INFO     | __main__:_refresh:248 - jev progress=101600/482505 cost=$6.5574
2026-10-07 01:12:30.569 | INFO     | __main__:_refresh:248 - jev progress=102000/482505 cost=$6.5830
2026-10-07 01:12:36.861 | INFO     | __main__:_refresh:248 - jev progress=102400/482505 cost=$6.6096
2026-10-07 01:12:42.908 | INFO     | __main__:_refresh:248 - jev progress=102800/482505 cost=$6.6370
2026-10-07 01:12:49.210 | INFO     | __main__:_refresh:248 - jev progress=103200/482505 cost=$6.6644
2026-10-07 01:12:55.274 | INFO     | __main__:_refresh:248 - jev progress=103600/482505 cost=$6.6914
2026-10-07 01:13:01.260 | INFO     | __main__:_refresh:248 - jev progress=104000/482505 cost=$6.7158
2026-10-07 01:13:07.386 | INFO     | __main__:_refresh:248 - jev progress=104400/482505 cost=$6.7408
2026-10-07 01:13:13.642 | INFO     | __main__:_refresh:248 - jev progress=104800/482505 cost=$6.7654
2026-10-07 01:13:20.027 | INFO     | __main__:_refresh:248 - jev progress=105200/482505 cost=$6.7907
2026-10-07 01:13:26.085 | INFO     | __main__:_refresh:248 - jev progress=105600/482505 cost=$6.8159
2026-10-07 01:13:32.087 | INFO     | __main__:_refresh:248 - jev progress=106000/482505 cost=$6.8411
2026-10-07 01:13:38.144 | INFO     | __main__:_refresh:248 - jev progress=106400/482505 cost=$6.8664
2026-10-07 01:13:44.116 | INFO     | __main__:_refresh:248 - jev progress=106800/482505 cost=$6.8917
2026-10-07 01:13:50.082 | INFO     | __main__:_refresh:248 - jev progress=107200/482505 cost=$6.9171
2026-10-07 01:13:55.977 | INFO     | __main__:_refresh:248 - jev progress=107600/482505 cost=$6.9434
2026-10-07 01:14:02.006 | INFO     | __main__:_refresh:248 - jev progress=108000/482505 cost=$6.9710
2026-10-07 01:14:08.381 | INFO     | __main__:_refresh:248 - jev progress=108400/482505 cost=$6.9981
2026-10-07 01:14:14.694 | INFO     | __main__:_refresh:248 - jev progress=108800/482505 cost=$7.0232
2026-10-07 01:14:21.118 | INFO     | __main__:_refresh:248 - jev progress=109200/482505 cost=$7.0485
2026-10-07 01:14:27.021 | INFO     | __main__:_refresh:248 - jev progress=109600/482505 cost=$7.0739
2026-10-07 01:14:33.271 | INFO     | __main__:_refresh:248 - jev progress=110000/482505 cost=$7.0993
2026-10-07 01:14:39.365 | INFO     | __main__:_refresh:248 - jev progress=110400/482505 cost=$7.1247
2026-10-07 01:14:45.347 | INFO     | __main__:_refresh:248 - jev progress=110800/482505 cost=$7.1503
2026-10-07 01:14:51.404 | INFO     | __main__:_refresh:248 - jev progress=111200/482505 cost=$7.1759
2026-10-07 01:14:57.640 | INFO     | __main__:_refresh:248 - jev progress=111600/482505 cost=$7.2017
2026-10-07 01:15:03.911 | INFO     | __main__:_refresh:248 - jev progress=112000/482505 cost=$7.2286
2026-10-07 01:15:10.194 | INFO     | __main__:_refresh:248 - jev progress=112400/482505 cost=$7.2559
2026-10-07 01:15:16.403 | INFO     | __main__:_refresh:248 - jev progress=112800/482505 cost=$7.2828
2026-10-07 01:15:22.588 | INFO     | __main__:_refresh:248 - jev progress=113200/482505 cost=$7.3077
2026-10-07 01:15:28.767 | INFO     | __main__:_refresh:248 - jev progress=113600/482505 cost=$7.3321
2026-10-07 01:15:35.051 | INFO     | __main__:_refresh:248 - jev progress=114000/482505 cost=$7.3567
2026-10-07 01:15:41.216 | INFO     | __main__:_refresh:248 - jev progress=114400/482505 cost=$7.3817
2026-10-07 01:15:47.603 | INFO     | __main__:_refresh:248 - jev progress=114800/482505 cost=$7.4065
2026-10-07 01:15:53.885 | INFO     | __main__:_refresh:248 - jev progress=115200/482505 cost=$7.4314
2026-10-07 01:16:00.002 | INFO     | __main__:_refresh:248 - jev progress=115600/482505 cost=$7.4567
2026-10-07 01:16:06.122 | INFO     | __main__:_refresh:248 - jev progress=116000/482505 cost=$7.4819
2026-10-07 01:16:12.483 | INFO     | __main__:_refresh:248 - jev progress=116400/482505 cost=$7.5070
2026-10-07 01:16:18.705 | INFO     | __main__:_refresh:248 - jev progress=116800/482505 cost=$7.5332
2026-10-07 01:16:24.649 | INFO     | __main__:_refresh:248 - jev progress=117200/482505 cost=$7.5610
2026-10-07 01:16:30.747 | INFO     | __main__:_refresh:248 - jev progress=117600/482505 cost=$7.5884
2026-10-07 01:16:36.904 | INFO     | __main__:_refresh:248 - jev progress=118000/482505 cost=$7.6140
2026-10-07 01:16:42.913 | INFO     | __main__:_refresh:248 - jev progress=118400/482505 cost=$7.6401
2026-10-07 01:16:48.889 | INFO     | __main__:_refresh:248 - jev progress=118800/482505 cost=$7.6655
2026-10-07 01:16:54.886 | INFO     | __main__:_refresh:248 - jev progress=119200/482505 cost=$7.6912
2026-10-07 01:17:01.096 | INFO     | __main__:_refresh:248 - jev progress=119600/482505 cost=$7.7167
2026-10-07 01:17:07.322 | INFO     | __main__:_refresh:248 - jev progress=120000/482505 cost=$7.7421
2026-10-07 01:17:13.365 | INFO     | __main__:_refresh:248 - jev progress=120400/482505 cost=$7.7674
2026-10-07 01:17:19.599 | INFO     | __main__:_refresh:248 - jev progress=120800/482505 cost=$7.7929
2026-10-07 01:17:25.944 | INFO     | __main__:_refresh:248 - jev progress=121200/482505 cost=$7.8188
2026-10-07 01:17:32.175 | INFO     | __main__:_refresh:248 - jev progress=121600/482505 cost=$7.8460
2026-10-07 01:17:38.381 | INFO     | __main__:_refresh:248 - jev progress=122000/482505 cost=$7.8734
2026-10-07 01:17:44.633 | INFO     | __main__:_refresh:248 - jev progress=122400/482505 cost=$7.8997
2026-10-07 01:17:50.719 | INFO     | __main__:_refresh:248 - jev progress=122800/482505 cost=$7.9246
2026-10-07 01:17:56.705 | INFO     | __main__:_refresh:248 - jev progress=123200/482505 cost=$7.9496
2026-10-07 01:18:02.664 | INFO     | __main__:_refresh:248 - jev progress=123600/482505 cost=$7.9749
2026-10-07 01:18:08.772 | INFO     | __main__:_refresh:248 - jev progress=124000/482505 cost=$7.9999
2026-10-07 01:18:14.923 | INFO     | __main__:_refresh:248 - jev progress=124400/482505 cost=$8.0253
2026-10-07 01:18:21.063 | INFO     | __main__:_refresh:248 - jev progress=124800/482505 cost=$8.0508
2026-10-07 01:18:27.099 | INFO     | __main__:_refresh:248 - jev progress=125200/482505 cost=$8.0762
2026-10-07 01:18:33.181 | INFO     | __main__:_refresh:248 - jev progress=125600/482505 cost=$8.1021
2026-10-07 01:18:39.292 | INFO     | __main__:_refresh:248 - jev progress=126000/482505 cost=$8.1292
2026-10-07 01:18:45.984 | INFO     | __main__:_refresh:248 - jev progress=126400/482505 cost=$8.1566
2026-10-07 01:18:52.116 | INFO     | __main__:_refresh:248 - jev progress=126800/482505 cost=$8.1827
2026-10-07 01:18:58.372 | INFO     | __main__:_refresh:248 - jev progress=127200/482505 cost=$8.2080
2026-10-07 01:19:04.664 | INFO     | __main__:_refresh:248 - jev progress=127600/482505 cost=$8.2334
2026-10-07 01:19:11.036 | INFO     | __main__:_refresh:248 - jev progress=128000/482505 cost=$8.2592
2026-10-07 01:19:17.078 | INFO     | __main__:_refresh:248 - jev progress=128400/482505 cost=$8.2843
2026-10-07 01:19:23.380 | INFO     | __main__:_refresh:248 - jev progress=128800/482505 cost=$8.3095
2026-10-07 01:19:29.815 | INFO     | __main__:_refresh:248 - jev progress=129200/482505 cost=$8.3350
2026-10-07 01:19:36.029 | INFO     | __main__:_refresh:248 - jev progress=129600/482505 cost=$8.3606
2026-10-07 01:19:42.289 | INFO     | __main__:_refresh:248 - jev progress=130000/482505 cost=$8.3875
2026-10-07 01:19:48.457 | INFO     | __main__:_refresh:248 - jev progress=130400/482505 cost=$8.4152
2026-10-07 01:19:54.701 | INFO     | __main__:_refresh:248 - jev progress=130800/482505 cost=$8.4427
2026-10-07 01:20:01.057 | INFO     | __main__:_refresh:248 - jev progress=131200/482505 cost=$8.4678
2026-10-07 01:20:07.507 | INFO     | __main__:_refresh:248 - jev progress=131600/482505 cost=$8.4926
2026-10-07 01:20:13.579 | INFO     | __main__:_refresh:248 - jev progress=132000/482505 cost=$8.5180
2026-10-07 01:20:19.669 | INFO     | __main__:_refresh:248 - jev progress=132400/482505 cost=$8.5434
2026-10-07 01:20:25.783 | INFO     | __main__:_refresh:248 - jev progress=132800/482505 cost=$8.5685
2026-10-07 01:20:31.997 | INFO     | __main__:_refresh:248 - jev progress=133200/482505 cost=$8.5940
2026-10-07 01:20:38.117 | INFO     | __main__:_refresh:248 - jev progress=133600/482505 cost=$8.6197
2026-10-07 01:20:44.409 | INFO     | __main__:_refresh:248 - jev progress=134000/482505 cost=$8.6467
2026-10-07 01:20:50.641 | INFO     | __main__:_refresh:248 - jev progress=134400/482505 cost=$8.6743
2026-10-07 01:20:56.723 | INFO     | __main__:_refresh:248 - jev progress=134800/482505 cost=$8.7008
2026-10-07 01:21:03.218 | INFO     | __main__:_refresh:248 - jev progress=135200/482505 cost=$8.7261
2026-10-07 01:21:10.027 | INFO     | __main__:_refresh:248 - jev progress=135600/482505 cost=$8.7517
2026-10-07 01:21:16.255 | INFO     | __main__:_refresh:248 - jev progress=136000/482505 cost=$8.7770
2026-10-07 01:21:22.716 | INFO     | __main__:_refresh:248 - jev progress=136400/482505 cost=$8.8022
2026-10-07 01:21:29.359 | INFO     | __main__:_refresh:248 - jev progress=136800/482505 cost=$8.8276
2026-10-07 01:21:35.619 | INFO     | __main__:_refresh:248 - jev progress=137200/482505 cost=$8.8529
2026-10-07 01:21:41.799 | INFO     | __main__:_refresh:248 - jev progress=137600/482505 cost=$8.8785
2026-10-07 01:21:48.063 | INFO     | __main__:_refresh:248 - jev progress=138000/482505 cost=$8.9053
2026-10-07 01:21:54.282 | INFO     | __main__:_refresh:248 - jev progress=138400/482505 cost=$8.9326
2026-10-07 01:22:00.527 | INFO     | __main__:_refresh:248 - jev progress=138800/482505 cost=$8.9602
2026-10-07 01:22:06.822 | INFO     | __main__:_refresh:248 - jev progress=139200/482505 cost=$8.9850
2026-10-07 01:22:13.033 | INFO     | __main__:_refresh:248 - jev progress=139600/482505 cost=$9.0099
2026-10-07 01:22:19.201 | INFO     | __main__:_refresh:248 - jev progress=140000/482505 cost=$9.0354
2026-10-07 01:22:25.254 | INFO     | __main__:_refresh:248 - jev progress=140400/482505 cost=$9.0603
2026-10-07 01:22:31.569 | INFO     | __main__:_refresh:248 - jev progress=140800/482505 cost=$9.0856
2026-10-07 01:22:37.769 | INFO     | __main__:_refresh:248 - jev progress=141200/482505 cost=$9.1110
2026-10-07 01:22:43.974 | INFO     | __main__:_refresh:248 - jev progress=141600/482505 cost=$9.1365
2026-10-07 01:22:50.321 | INFO     | __main__:_refresh:248 - jev progress=142000/482505 cost=$9.1630
2026-10-07 01:22:56.499 | INFO     | __main__:_refresh:248 - jev progress=142400/482505 cost=$9.1904
2026-10-07 01:23:02.707 | INFO     | __main__:_refresh:248 - jev progress=142800/482505 cost=$9.2178
2026-10-07 01:23:08.827 | INFO     | __main__:_refresh:248 - jev progress=143200/482505 cost=$9.2441
2026-10-07 01:23:14.969 | INFO     | __main__:_refresh:248 - jev progress=143600/482505 cost=$9.2691
2026-10-07 01:23:21.218 | INFO     | __main__:_refresh:248 - jev progress=144000/482505 cost=$9.2941
2026-10-07 01:23:27.493 | INFO     | __main__:_refresh:248 - jev progress=144400/482505 cost=$9.3192
2026-10-07 01:23:33.574 | INFO     | __main__:_refresh:248 - jev progress=144800/482505 cost=$9.3445
2026-10-07 01:23:39.710 | INFO     | __main__:_refresh:248 - jev progress=145200/482505 cost=$9.3697
2026-10-07 01:23:45.804 | INFO     | __main__:_refresh:248 - jev progress=145600/482505 cost=$9.3949
2026-10-07 01:23:51.912 | INFO     | __main__:_refresh:248 - jev progress=146000/482505 cost=$9.4202
2026-10-07 01:23:58.138 | INFO     | __main__:_refresh:248 - jev progress=146400/482505 cost=$9.4455
2026-10-07 01:24:04.625 | INFO     | __main__:_refresh:248 - jev progress=146800/482505 cost=$9.4709
2026-10-07 01:24:10.984 | INFO     | __main__:_refresh:248 - jev progress=147200/482505 cost=$9.4972
2026-10-07 01:24:17.235 | INFO     | __main__:_refresh:248 - jev progress=147600/482505 cost=$9.5246
2026-10-07 01:24:23.336 | INFO     | __main__:_refresh:248 - jev progress=148000/482505 cost=$9.5521
2026-10-07 01:24:29.468 | INFO     | __main__:_refresh:248 - jev progress=148400/482505 cost=$9.5796
2026-10-07 01:24:35.744 | INFO     | __main__:_refresh:248 - jev progress=148800/482505 cost=$9.6049
2026-10-07 01:24:42.097 | INFO     | __main__:_refresh:248 - jev progress=149200/482505 cost=$9.6294
2026-10-07 01:24:48.164 | INFO     | __main__:_refresh:248 - jev progress=149600/482505 cost=$9.6545
2026-10-07 01:24:54.273 | INFO     | __main__:_refresh:248 - jev progress=150000/482505 cost=$9.6799
2026-10-07 01:25:00.873 | INFO     | __main__:_refresh:248 - jev progress=150400/482505 cost=$9.7050
2026-10-07 01:25:06.947 | INFO     | __main__:_refresh:248 - jev progress=150800/482505 cost=$9.7304
2026-10-07 01:25:13.060 | INFO     | __main__:_refresh:248 - jev progress=151200/482505 cost=$9.7557
2026-10-07 01:25:19.089 | INFO     | __main__:_refresh:248 - jev progress=151600/482505 cost=$9.7810
2026-10-07 01:25:25.277 | INFO     | __main__:_refresh:248 - jev progress=152000/482505 cost=$9.8063
2026-10-07 01:25:31.650 | INFO     | __main__:_refresh:248 - jev progress=152400/482505 cost=$9.8316
2026-10-07 01:25:37.834 | INFO     | __main__:_refresh:248 - jev progress=152800/482505 cost=$9.8572
2026-10-07 01:25:43.985 | INFO     | __main__:_refresh:248 - jev progress=153200/482505 cost=$9.8831
2026-10-07 01:25:50.253 | INFO     | __main__:_refresh:248 - jev progress=153600/482505 cost=$9.9096
2026-10-07 01:25:56.798 | INFO     | __main__:_refresh:248 - jev progress=154000/482505 cost=$9.9369
2026-10-07 01:26:03.024 | INFO     | __main__:_refresh:248 - jev progress=154400/482505 cost=$9.9631
2026-10-07 01:26:09.170 | INFO     | __main__:_refresh:248 - jev progress=154800/482505 cost=$9.9882
2026-10-07 01:26:15.539 | INFO     | __main__:_refresh:248 - jev progress=155200/482505 cost=$10.0133
2026-10-07 01:26:21.867 | INFO     | __main__:_refresh:248 - jev progress=155600/482505 cost=$10.0389
2026-10-07 01:26:28.031 | INFO     | __main__:_refresh:248 - jev progress=156000/482505 cost=$10.0640
2026-10-07 01:26:34.109 | INFO     | __main__:_refresh:248 - jev progress=156400/482505 cost=$10.0893
2026-10-07 01:26:40.392 | INFO     | __main__:_refresh:248 - jev progress=156800/482505 cost=$10.1144
2026-10-07 01:26:46.482 | INFO     | __main__:_refresh:248 - jev progress=157200/482505 cost=$10.1396
2026-10-07 01:26:52.590 | INFO     | __main__:_refresh:248 - jev progress=157600/482505 cost=$10.1649
2026-10-07 01:26:58.890 | INFO     | __main__:_refresh:248 - jev progress=158000/482505 cost=$10.1907
2026-10-07 01:27:05.149 | INFO     | __main__:_refresh:248 - jev progress=158400/482505 cost=$10.2178
2026-10-07 01:27:11.508 | INFO     | __main__:_refresh:248 - jev progress=158800/482505 cost=$10.2453
2026-10-07 01:27:17.569 | INFO     | __main__:_refresh:248 - jev progress=159200/482505 cost=$10.2723
2026-10-07 01:27:23.623 | INFO     | __main__:_refresh:248 - jev progress=159600/482505 cost=$10.2976
2026-10-07 01:27:29.515 | INFO     | __main__:_refresh:248 - jev progress=160000/482505 cost=$10.3232
2026-10-07 01:27:35.532 | INFO     | __main__:_refresh:248 - jev progress=160400/482505 cost=$10.3485
2026-10-07 01:27:41.598 | INFO     | __main__:_refresh:248 - jev progress=160800/482505 cost=$10.3741
2026-10-07 01:27:47.864 | INFO     | __main__:_refresh:248 - jev progress=161200/482505 cost=$10.3992
2026-10-07 01:27:54.358 | INFO     | __main__:_refresh:248 - jev progress=161600/482505 cost=$10.4245
2026-10-07 01:28:00.671 | INFO     | __main__:_refresh:248 - jev progress=162000/482505 cost=$10.4498
2026-10-07 01:28:07.043 | INFO     | __main__:_refresh:248 - jev progress=162400/482505 cost=$10.4751
2026-10-07 01:28:13.306 | INFO     | __main__:_refresh:248 - jev progress=162800/482505 cost=$10.5004
2026-10-07 01:28:19.498 | INFO     | __main__:_refresh:248 - jev progress=163200/482505 cost=$10.5262
2026-10-07 01:28:25.605 | INFO     | __main__:_refresh:248 - jev progress=163600/482505 cost=$10.5523
2026-10-07 01:28:31.858 | INFO     | __main__:_refresh:248 - jev progress=164000/482505 cost=$10.5795
2026-10-07 01:28:38.070 | INFO     | __main__:_refresh:248 - jev progress=164400/482505 cost=$10.6050
2026-10-07 01:28:44.123 | INFO     | __main__:_refresh:248 - jev progress=164800/482505 cost=$10.6306
2026-10-07 01:28:50.343 | INFO     | __main__:_refresh:248 - jev progress=165200/482505 cost=$10.6564
2026-10-07 01:28:56.379 | INFO     | __main__:_refresh:248 - jev progress=165600/482505 cost=$10.6820
2026-10-07 01:29:02.574 | INFO     | __main__:_refresh:248 - jev progress=166000/482505 cost=$10.7073
2026-10-07 01:29:08.825 | INFO     | __main__:_refresh:248 - jev progress=166400/482505 cost=$10.7327
2026-10-07 01:29:15.325 | INFO     | __main__:_refresh:248 - jev progress=166800/482505 cost=$10.7579
2026-10-07 01:29:21.394 | INFO     | __main__:_refresh:248 - jev progress=167200/482505 cost=$10.7831
2026-10-07 01:29:27.822 | INFO     | __main__:_refresh:248 - jev progress=167600/482505 cost=$10.8083
2026-10-07 01:29:34.104 | INFO     | __main__:_refresh:248 - jev progress=168000/482505 cost=$10.8336
2026-10-07 01:29:40.272 | INFO     | __main__:_refresh:248 - jev progress=168400/482505 cost=$10.8602
2026-10-07 01:29:46.583 | INFO     | __main__:_refresh:248 - jev progress=168800/482505 cost=$10.8877
2026-10-07 01:29:52.726 | INFO     | __main__:_refresh:248 - jev progress=169200/482505 cost=$10.9151
2026-10-07 01:29:58.903 | INFO     | __main__:_refresh:248 - jev progress=169600/482505 cost=$10.9424
2026-10-07 01:30:05.248 | INFO     | __main__:_refresh:248 - jev progress=170000/482505 cost=$10.9682
2026-10-07 01:30:11.631 | INFO     | __main__:_refresh:248 - jev progress=170400/482505 cost=$10.9934
2026-10-07 01:30:18.337 | INFO     | __main__:_refresh:248 - jev progress=170800/482505 cost=$11.0188
2026-10-07 01:30:25.068 | INFO     | __main__:_refresh:248 - jev progress=171200/482505 cost=$11.0440
2026-10-07 01:30:31.344 | INFO     | __main__:_refresh:248 - jev progress=171600/482505 cost=$11.0691
2026-10-07 01:30:37.786 | INFO     | __main__:_refresh:248 - jev progress=172000/482505 cost=$11.0942
2026-10-07 01:30:44.114 | INFO     | __main__:_refresh:248 - jev progress=172400/482505 cost=$11.1195
2026-10-07 01:30:50.590 | INFO     | __main__:_refresh:248 - jev progress=172800/482505 cost=$11.1447
2026-10-07 01:30:57.143 | INFO     | __main__:_refresh:248 - jev progress=173200/482505 cost=$11.1700
2026-10-07 01:31:04.216 | INFO     | __main__:_refresh:248 - jev progress=173600/482505 cost=$11.1957
2026-10-07 01:31:10.657 | INFO     | __main__:_refresh:248 - jev progress=174000/482505 cost=$11.2229
2026-10-07 01:31:17.145 | INFO     | __main__:_refresh:248 - jev progress=174400/482505 cost=$11.2502
2026-10-07 01:31:23.523 | INFO     | __main__:_refresh:248 - jev progress=174800/482505 cost=$11.2775
2026-10-07 01:31:29.790 | INFO     | __main__:_refresh:248 - jev progress=175200/482505 cost=$11.3027
2026-10-07 01:31:35.989 | INFO     | __main__:_refresh:248 - jev progress=175600/482505 cost=$11.3279
2026-10-07 01:31:42.251 | INFO     | __main__:_refresh:248 - jev progress=176000/482505 cost=$11.3531
2026-10-07 01:31:48.809 | INFO     | __main__:_refresh:248 - jev progress=176400/482505 cost=$11.3781
2026-10-07 01:31:55.141 | INFO     | __main__:_refresh:248 - jev progress=176800/482505 cost=$11.4030
2026-10-07 01:32:01.724 | INFO     | __main__:_refresh:248 - jev progress=177200/482505 cost=$11.4278
2026-10-07 01:32:08.244 | INFO     | __main__:_refresh:248 - jev progress=177600/482505 cost=$11.4528
2026-10-07 01:32:14.560 | INFO     | __main__:_refresh:248 - jev progress=178000/482505 cost=$11.4776
2026-10-07 01:32:21.323 | INFO     | __main__:_refresh:248 - jev progress=178400/482505 cost=$11.5025
2026-10-07 01:32:27.931 | INFO     | __main__:_refresh:248 - jev progress=178800/482505 cost=$11.5275
2026-10-07 01:32:34.266 | INFO     | __main__:_refresh:248 - jev progress=179200/482505 cost=$11.5528
2026-10-07 01:32:40.573 | INFO     | __main__:_refresh:248 - jev progress=179600/482505 cost=$11.5785
2026-10-07 01:32:47.100 | INFO     | __main__:_refresh:248 - jev progress=180000/482505 cost=$11.6046
2026-10-07 01:32:53.410 | INFO     | __main__:_refresh:248 - jev progress=180400/482505 cost=$11.6307
2026-10-07 01:32:59.808 | INFO     | __main__:_refresh:248 - jev progress=180800/482505 cost=$11.6571
2026-10-07 01:33:05.922 | INFO     | __main__:_refresh:248 - jev progress=181200/482505 cost=$11.6835
2026-10-07 01:33:12.094 | INFO     | __main__:_refresh:248 - jev progress=181600/482505 cost=$11.7101
2026-10-07 01:33:18.364 | INFO     | __main__:_refresh:248 - jev progress=182000/482505 cost=$11.7354
2026-10-07 01:33:24.666 | INFO     | __main__:_refresh:248 - jev progress=182400/482505 cost=$11.7601
2026-10-07 01:33:30.923 | INFO     | __main__:_refresh:248 - jev progress=182800/482505 cost=$11.7853
2026-10-07 01:33:37.137 | INFO     | __main__:_refresh:248 - jev progress=183200/482505 cost=$11.8106
2026-10-07 01:33:43.233 | INFO     | __main__:_refresh:248 - jev progress=183600/482505 cost=$11.8360
2026-10-07 01:33:49.330 | INFO     | __main__:_refresh:248 - jev progress=184000/482505 cost=$11.8614
2026-10-07 01:33:55.600 | INFO     | __main__:_refresh:248 - jev progress=184400/482505 cost=$11.8870
2026-10-07 01:34:01.708 | INFO     | __main__:_refresh:248 - jev progress=184800/482505 cost=$11.9127
2026-10-07 01:34:08.062 | INFO     | __main__:_refresh:248 - jev progress=185200/482505 cost=$11.9387
2026-10-07 01:34:14.149 | INFO     | __main__:_refresh:248 - jev progress=185600/482505 cost=$11.9644
2026-10-07 01:34:20.404 | INFO     | __main__:_refresh:248 - jev progress=186000/482505 cost=$11.9899
2026-10-07 01:34:26.900 | INFO     | __main__:_refresh:248 - jev progress=186400/482505 cost=$12.0155
2026-10-07 01:34:32.991 | INFO     | __main__:_refresh:248 - jev progress=186800/482505 cost=$12.0413
2026-10-07 01:34:39.115 | INFO     | __main__:_refresh:248 - jev progress=187200/482505 cost=$12.0672
2026-10-07 01:34:45.440 | INFO     | __main__:_refresh:248 - jev progress=187600/482505 cost=$12.0929
2026-10-07 01:34:51.851 | INFO     | __main__:_refresh:248 - jev progress=188000/482505 cost=$12.1184
2026-10-07 01:34:57.989 | INFO     | __main__:_refresh:248 - jev progress=188400/482505 cost=$12.1438
2026-10-07 01:35:04.147 | INFO     | __main__:_refresh:248 - jev progress=188800/482505 cost=$12.1687
2026-10-07 01:35:10.227 | INFO     | __main__:_refresh:248 - jev progress=189200/482505 cost=$12.1936
2026-10-07 01:35:16.429 | INFO     | __main__:_refresh:248 - jev progress=189600/482505 cost=$12.2187
2026-10-07 01:35:22.580 | INFO     | __main__:_refresh:248 - jev progress=190000/482505 cost=$12.2435
2026-10-07 01:35:28.916 | INFO     | __main__:_refresh:248 - jev progress=190400/482505 cost=$12.2680
2026-10-07 01:35:34.961 | INFO     | __main__:_refresh:248 - jev progress=190800/482505 cost=$12.2927
2026-10-07 01:35:41.132 | INFO     | __main__:_refresh:248 - jev progress=191200/482505 cost=$12.3176
2026-10-07 01:35:47.218 | INFO     | __main__:_refresh:248 - jev progress=191600/482505 cost=$12.3425
2026-10-07 01:35:53.234 | INFO     | __main__:_refresh:248 - jev progress=192000/482505 cost=$12.3680
2026-10-07 01:35:59.604 | INFO     | __main__:_refresh:248 - jev progress=192400/482505 cost=$12.3940
2026-10-07 01:36:05.855 | INFO     | __main__:_refresh:248 - jev progress=192800/482505 cost=$12.4204
2026-10-07 01:36:11.996 | INFO     | __main__:_refresh:248 - jev progress=193200/482505 cost=$12.4467
2026-10-07 01:36:18.129 | INFO     | __main__:_refresh:248 - jev progress=193600/482505 cost=$12.4731
2026-10-07 01:36:24.354 | INFO     | __main__:_refresh:248 - jev progress=194000/482505 cost=$12.4997
2026-10-07 01:36:30.445 | INFO     | __main__:_refresh:248 - jev progress=194400/482505 cost=$12.5264
2026-10-07 01:36:36.466 | INFO     | __main__:_refresh:248 - jev progress=194800/482505 cost=$12.5515
2026-10-07 01:36:42.494 | INFO     | __main__:_refresh:248 - jev progress=195200/482505 cost=$12.5761
2026-10-07 01:36:48.820 | INFO     | __main__:_refresh:248 - jev progress=195600/482505 cost=$12.6011
2026-10-07 01:36:54.895 | INFO     | __main__:_refresh:248 - jev progress=196000/482505 cost=$12.6269
2026-10-07 01:37:00.893 | INFO     | __main__:_refresh:248 - jev progress=196400/482505 cost=$12.6528
2026-10-07 01:37:07.055 | INFO     | __main__:_refresh:248 - jev progress=196800/482505 cost=$12.6786
2026-10-07 01:37:13.085 | INFO     | __main__:_refresh:248 - jev progress=197200/482505 cost=$12.7045
2026-10-07 01:37:19.303 | INFO     | __main__:_refresh:248 - jev progress=197600/482505 cost=$12.7302
2026-10-07 01:37:25.368 | INFO     | __main__:_refresh:248 - jev progress=198000/482505 cost=$12.7560
2026-10-07 01:37:31.490 | INFO     | __main__:_refresh:248 - jev progress=198400/482505 cost=$12.7815
2026-10-07 01:37:37.646 | INFO     | __main__:_refresh:248 - jev progress=198800/482505 cost=$12.8072
2026-10-07 01:37:43.900 | INFO     | __main__:_refresh:248 - jev progress=199200/482505 cost=$12.8327
2026-10-07 01:37:49.964 | INFO     | __main__:_refresh:248 - jev progress=199600/482505 cost=$12.8579
2026-10-07 01:37:56.214 | INFO     | __main__:_refresh:248 - jev progress=200000/482505 cost=$12.8835
2026-10-07 01:38:02.397 | INFO     | __main__:_refresh:248 - jev progress=200400/482505 cost=$12.9084
2026-10-07 01:38:08.590 | INFO     | __main__:_refresh:248 - jev progress=200800/482505 cost=$12.9337
2026-10-07 01:38:15.063 | INFO     | __main__:_refresh:248 - jev progress=201200/482505 cost=$12.9587
2026-10-07 01:38:21.320 | INFO     | __main__:_refresh:248 - jev progress=201600/482505 cost=$12.9835
2026-10-07 01:38:27.953 | INFO     | __main__:_refresh:248 - jev progress=202000/482505 cost=$13.0082
2026-10-07 01:38:34.827 | INFO     | __main__:_refresh:248 - jev progress=202400/482505 cost=$13.0332
2026-10-07 01:38:41.346 | INFO     | __main__:_refresh:248 - jev progress=202800/482505 cost=$13.0586
2026-10-07 01:38:47.821 | INFO     | __main__:_refresh:248 - jev progress=203200/482505 cost=$13.0842
2026-10-07 01:38:54.085 | INFO     | __main__:_refresh:248 - jev progress=203600/482505 cost=$13.1103
2026-10-07 01:39:00.339 | INFO     | __main__:_refresh:248 - jev progress=204000/482505 cost=$13.1365
2026-10-07 01:39:06.715 | INFO     | __main__:_refresh:248 - jev progress=204400/482505 cost=$13.1629
2026-10-07 01:39:13.517 | INFO     | __main__:_refresh:248 - jev progress=204800/482505 cost=$13.1893
2026-10-07 01:39:20.006 | INFO     | __main__:_refresh:248 - jev progress=205200/482505 cost=$13.2159
2026-10-07 01:39:26.861 | INFO     | __main__:_refresh:248 - jev progress=205600/482505 cost=$13.2418
2026-10-07 01:39:34.115 | INFO     | __main__:_refresh:248 - jev progress=206000/482505 cost=$13.2672
2026-10-07 01:39:41.023 | INFO     | __main__:_refresh:248 - jev progress=206400/482505 cost=$13.2927
2026-10-07 01:39:47.337 | INFO     | __main__:_refresh:248 - jev progress=206800/482505 cost=$13.3181
2026-10-07 01:39:54.289 | INFO     | __main__:_refresh:248 - jev progress=207200/482505 cost=$13.3434
2026-10-07 01:40:00.737 | INFO     | __main__:_refresh:248 - jev progress=207600/482505 cost=$13.3692
2026-10-07 01:40:08.100 | INFO     | __main__:_refresh:248 - jev progress=208000/482505 cost=$13.3950
2026-10-07 01:40:15.715 | INFO     | __main__:_refresh:248 - jev progress=208400/482505 cost=$13.4208
2026-10-07 01:40:22.981 | INFO     | __main__:_refresh:248 - jev progress=208800/482505 cost=$13.4463
2026-10-07 01:40:29.415 | INFO     | __main__:_refresh:248 - jev progress=209200/482505 cost=$13.4719
2026-10-07 01:40:35.633 | INFO     | __main__:_refresh:248 - jev progress=209600/482505 cost=$13.4981
2026-10-07 01:40:41.922 | INFO     | __main__:_refresh:248 - jev progress=210000/482505 cost=$13.5241
2026-10-07 01:40:47.924 | INFO     | __main__:_refresh:248 - jev progress=210400/482505 cost=$13.5500
2026-10-07 01:40:54.090 | INFO     | __main__:_refresh:248 - jev progress=210800/482505 cost=$13.5747
2026-10-07 01:41:00.226 | INFO     | __main__:_refresh:248 - jev progress=211200/482505 cost=$13.6000
2026-10-07 01:41:06.310 | INFO     | __main__:_refresh:248 - jev progress=211600/482505 cost=$13.6254
2026-10-07 01:41:12.290 | INFO     | __main__:_refresh:248 - jev progress=212000/482505 cost=$13.6505
2026-10-07 01:41:18.333 | INFO     | __main__:_refresh:248 - jev progress=212400/482505 cost=$13.6759
2026-10-07 01:41:24.577 | INFO     | __main__:_refresh:248 - jev progress=212800/482505 cost=$13.7012
2026-10-07 01:41:30.737 | INFO     | __main__:_refresh:248 - jev progress=213200/482505 cost=$13.7267
2026-10-07 01:41:32.479 | WARNING  | __main__:run:232 - jev 529 attempt=1/6
2026-10-07 01:41:37.797 | INFO     | __main__:_refresh:248 - jev progress=213600/482505 cost=$13.7521
2026-10-07 01:41:43.901 | INFO     | __main__:_refresh:248 - jev progress=214000/482505 cost=$13.7775
2026-10-07 01:41:49.978 | INFO     | __main__:_refresh:248 - jev progress=214400/482505 cost=$13.8032
2026-10-07 01:41:55.928 | INFO     | __main__:_refresh:248 - jev progress=214800/482505 cost=$13.8301
2026-10-07 01:42:01.938 | INFO     | __main__:_refresh:248 - jev progress=215200/482505 cost=$13.8575
2026-10-07 01:42:08.007 | INFO     | __main__:_refresh:248 - jev progress=215600/482505 cost=$13.8849
2026-10-07 01:42:14.079 | INFO     | __main__:_refresh:248 - jev progress=216000/482505 cost=$13.9106
2026-10-07 01:42:20.244 | INFO     | __main__:_refresh:248 - jev progress=216400/482505 cost=$13.9348
2026-10-07 01:42:26.360 | INFO     | __main__:_refresh:248 - jev progress=216800/482505 cost=$13.9596
2026-10-07 01:42:32.427 | INFO     | __main__:_refresh:248 - jev progress=217200/482505 cost=$13.9849
2026-10-07 01:42:38.388 | INFO     | __main__:_refresh:248 - jev progress=217600/482505 cost=$14.0101
2026-10-07 01:42:44.643 | INFO     | __main__:_refresh:248 - jev progress=218000/482505 cost=$14.0353
2026-10-07 01:42:50.729 | INFO     | __main__:_refresh:248 - jev progress=218400/482505 cost=$14.0605
2026-10-07 01:42:56.724 | INFO     | __main__:_refresh:248 - jev progress=218800/482505 cost=$14.0856
2026-10-07 01:43:03.133 | INFO     | __main__:_refresh:248 - jev progress=219200/482505 cost=$14.1106
2026-10-07 01:43:09.067 | INFO     | __main__:_refresh:248 - jev progress=219600/482505 cost=$14.1360
2026-10-07 01:43:15.092 | INFO     | __main__:_refresh:248 - jev progress=220000/482505 cost=$14.1629
2026-10-07 01:43:21.086 | INFO     | __main__:_refresh:248 - jev progress=220400/482505 cost=$14.1903
2026-10-07 01:43:27.256 | INFO     | __main__:_refresh:248 - jev progress=220800/482505 cost=$14.2170
2026-10-07 01:43:33.321 | INFO     | __main__:_refresh:248 - jev progress=221200/482505 cost=$14.2414
2026-10-07 01:43:39.260 | INFO     | __main__:_refresh:248 - jev progress=221600/482505 cost=$14.2670
2026-10-07 01:43:45.135 | INFO     | __main__:_refresh:248 - jev progress=222000/482505 cost=$14.2923
2026-10-07 01:43:51.075 | INFO     | __main__:_refresh:248 - jev progress=222400/482505 cost=$14.3173
2026-10-07 01:43:57.122 | INFO     | __main__:_refresh:248 - jev progress=222800/482505 cost=$14.3425
2026-10-07 01:44:03.144 | INFO     | __main__:_refresh:248 - jev progress=223200/482505 cost=$14.3676
2026-10-07 01:44:09.306 | INFO     | __main__:_refresh:248 - jev progress=223600/482505 cost=$14.3931
2026-10-07 01:44:15.475 | INFO     | __main__:_refresh:248 - jev progress=224000/482505 cost=$14.4185
2026-10-07 01:44:21.510 | INFO     | __main__:_refresh:248 - jev progress=224400/482505 cost=$14.4440
2026-10-07 01:44:27.376 | INFO     | __main__:_refresh:248 - jev progress=224800/482505 cost=$14.4696
2026-10-07 01:44:33.476 | INFO     | __main__:_refresh:248 - jev progress=225200/482505 cost=$14.4962
2026-10-07 01:44:39.502 | INFO     | __main__:_refresh:248 - jev progress=225600/482505 cost=$14.5237
2026-10-07 01:44:45.503 | INFO     | __main__:_refresh:248 - jev progress=226000/482505 cost=$14.5509
2026-10-07 01:44:51.476 | INFO     | __main__:_refresh:248 - jev progress=226400/482505 cost=$14.5758
2026-10-07 01:44:57.512 | INFO     | __main__:_refresh:248 - jev progress=226800/482505 cost=$14.6013
2026-10-07 01:45:03.700 | INFO     | __main__:_refresh:248 - jev progress=227200/482505 cost=$14.6265
2026-10-07 01:45:09.731 | INFO     | __main__:_refresh:248 - jev progress=227600/482505 cost=$14.6522
2026-10-07 01:45:15.818 | INFO     | __main__:_refresh:248 - jev progress=228000/482505 cost=$14.6776
2026-10-07 01:45:22.026 | INFO     | __main__:_refresh:248 - jev progress=228400/482505 cost=$14.7029
2026-10-07 01:45:28.102 | INFO     | __main__:_refresh:248 - jev progress=228800/482505 cost=$14.7280
2026-10-07 01:45:34.215 | INFO     | __main__:_refresh:248 - jev progress=229200/482505 cost=$14.7531
2026-10-07 01:45:40.431 | INFO     | __main__:_refresh:248 - jev progress=229600/482505 cost=$14.7785
2026-10-07 01:45:46.365 | INFO     | __main__:_refresh:248 - jev progress=230000/482505 cost=$14.8052
2026-10-07 01:45:52.493 | INFO     | __main__:_refresh:248 - jev progress=230400/482505 cost=$14.8327
2026-10-07 01:45:58.621 | INFO     | __main__:_refresh:248 - jev progress=230800/482505 cost=$14.8578
2026-10-07 01:46:04.699 | INFO     | __main__:_refresh:248 - jev progress=231200/482505 cost=$14.8821
2026-10-07 01:46:10.794 | INFO     | __main__:_refresh:248 - jev progress=231600/482505 cost=$14.9069
2026-10-07 01:46:16.747 | INFO     | __main__:_refresh:248 - jev progress=232000/482505 cost=$14.9317
2026-10-07 01:46:22.884 | INFO     | __main__:_refresh:248 - jev progress=232400/482505 cost=$14.9572
2026-10-07 01:46:28.861 | INFO     | __main__:_refresh:248 - jev progress=232800/482505 cost=$14.9825
2026-10-07 01:46:34.889 | INFO     | __main__:_refresh:248 - jev progress=233200/482505 cost=$15.0082
2026-10-07 01:46:41.216 | INFO     | __main__:_refresh:248 - jev progress=233600/482505 cost=$15.0335
2026-10-07 01:46:47.224 | INFO     | __main__:_refresh:248 - jev progress=234000/482505 cost=$15.0590
2026-10-07 01:46:53.137 | INFO     | __main__:_refresh:248 - jev progress=234400/482505 cost=$15.0846
2026-10-07 01:46:59.206 | INFO     | __main__:_refresh:248 - jev progress=234800/482505 cost=$15.1114
2026-10-07 01:47:05.323 | INFO     | __main__:_refresh:248 - jev progress=235200/482505 cost=$15.1389
2026-10-07 01:47:11.421 | INFO     | __main__:_refresh:248 - jev progress=235600/482505 cost=$15.1663
2026-10-07 01:47:17.476 | INFO     | __main__:_refresh:248 - jev progress=236000/482505 cost=$15.1917
2026-10-07 01:47:23.494 | INFO     | __main__:_refresh:248 - jev progress=236400/482505 cost=$15.2163
2026-10-07 01:47:29.698 | INFO     | __main__:_refresh:248 - jev progress=236800/482505 cost=$15.2409
2026-10-07 01:47:35.604 | INFO     | __main__:_refresh:248 - jev progress=237200/482505 cost=$15.2661
2026-10-07 01:47:41.505 | INFO     | __main__:_refresh:248 - jev progress=237600/482505 cost=$15.2912
2026-10-07 01:47:47.484 | INFO     | __main__:_refresh:248 - jev progress=238000/482505 cost=$15.3164
2026-10-07 01:47:53.493 | INFO     | __main__:_refresh:248 - jev progress=238400/482505 cost=$15.3414
2026-10-07 01:47:59.711 | INFO     | __main__:_refresh:248 - jev progress=238800/482505 cost=$15.3664
2026-10-07 01:48:05.652 | INFO     | __main__:_refresh:248 - jev progress=239200/482505 cost=$15.3915
2026-10-07 01:48:11.686 | INFO     | __main__:_refresh:248 - jev progress=239600/482505 cost=$15.4171
2026-10-07 01:48:17.770 | INFO     | __main__:_refresh:248 - jev progress=240000/482505 cost=$15.4443
2026-10-07 01:48:23.836 | INFO     | __main__:_refresh:248 - jev progress=240400/482505 cost=$15.4708
2026-10-07 01:48:29.741 | INFO     | __main__:_refresh:248 - jev progress=240800/482505 cost=$15.4953
2026-10-07 01:48:35.715 | INFO     | __main__:_refresh:248 - jev progress=241200/482505 cost=$15.5200
2026-10-07 01:48:41.593 | INFO     | __main__:_refresh:248 - jev progress=241600/482505 cost=$15.5449
2026-10-07 01:48:47.598 | INFO     | __main__:_refresh:248 - jev progress=242000/482505 cost=$15.5702
2026-10-07 01:48:53.560 | INFO     | __main__:_refresh:248 - jev progress=242400/482505 cost=$15.5957
2026-10-07 01:48:59.491 | INFO     | __main__:_refresh:248 - jev progress=242800/482505 cost=$15.6210
2026-10-07 01:49:03.977 | WARNING  | __main__:run:232 - jev 429 attempt=1/6
2026-10-07 01:49:09.255 | INFO     | __main__:_refresh:248 - jev progress=243200/482505 cost=$15.6464
2026-10-07 01:49:15.235 | INFO     | __main__:_refresh:248 - jev progress=243600/482505 cost=$15.6718
2026-10-07 01:49:21.253 | INFO     | __main__:_refresh:248 - jev progress=244000/482505 cost=$15.6972
2026-10-07 01:49:27.215 | INFO     | __main__:_refresh:248 - jev progress=244400/482505 cost=$15.7230
2026-10-07 01:49:33.100 | INFO     | __main__:_refresh:248 - jev progress=244800/482505 cost=$15.7491
2026-10-07 01:49:39.122 | INFO     | __main__:_refresh:248 - jev progress=245200/482505 cost=$15.7756
2026-10-07 01:49:45.039 | INFO     | __main__:_refresh:248 - jev progress=245600/482505 cost=$15.7993
2026-10-07 01:49:50.963 | INFO     | __main__:_refresh:248 - jev progress=246000/482505 cost=$15.8239
2026-10-07 01:49:56.898 | INFO     | __main__:_refresh:248 - jev progress=246400/482505 cost=$15.8487
2026-10-07 01:50:02.811 | INFO     | __main__:_refresh:248 - jev progress=246800/482505 cost=$15.8741
2026-10-07 01:50:08.812 | INFO     | __main__:_refresh:248 - jev progress=247200/482505 cost=$15.8993
2026-10-07 01:50:14.941 | INFO     | __main__:_refresh:248 - jev progress=247600/482505 cost=$15.9245
2026-10-07 01:50:20.816 | INFO     | __main__:_refresh:248 - jev progress=248000/482505 cost=$15.9497
2026-10-07 01:50:26.959 | INFO     | __main__:_refresh:248 - jev progress=248400/482505 cost=$15.9747
2026-10-07 01:50:33.046 | INFO     | __main__:_refresh:248 - jev progress=248800/482505 cost=$15.9996
2026-10-07 01:50:39.166 | INFO     | __main__:_refresh:248 - jev progress=249200/482505 cost=$16.0257
2026-10-07 01:50:45.214 | INFO     | __main__:_refresh:248 - jev progress=249600/482505 cost=$16.0522
2026-10-07 01:50:51.145 | INFO     | __main__:_refresh:248 - jev progress=250000/482505 cost=$16.0763
2026-10-07 01:50:57.164 | INFO     | __main__:_refresh:248 - jev progress=250400/482505 cost=$16.1010
2026-10-07 01:51:03.211 | INFO     | __main__:_refresh:248 - jev progress=250800/482505 cost=$16.1262
2026-10-07 01:51:09.128 | INFO     | __main__:_refresh:248 - jev progress=251200/482505 cost=$16.1512
2026-10-07 01:51:15.014 | INFO     | __main__:_refresh:248 - jev progress=251600/482505 cost=$16.1767
2026-10-07 01:51:21.298 | INFO     | __main__:_refresh:248 - jev progress=252000/482505 cost=$16.2021
2026-10-07 01:51:27.165 | INFO     | __main__:_refresh:248 - jev progress=252400/482505 cost=$16.2274
2026-10-07 01:51:33.084 | INFO     | __main__:_refresh:248 - jev progress=252800/482505 cost=$16.2529
2026-10-07 01:51:39.173 | INFO     | __main__:_refresh:248 - jev progress=253200/482505 cost=$16.2787
2026-10-07 01:51:45.118 | INFO     | __main__:_refresh:248 - jev progress=253600/482505 cost=$16.3047
2026-10-07 01:51:51.207 | INFO     | __main__:_refresh:248 - jev progress=254000/482505 cost=$16.3312
2026-10-07 01:51:57.108 | INFO     | __main__:_refresh:248 - jev progress=254400/482505 cost=$16.3577
2026-10-07 01:52:03.216 | INFO     | __main__:_refresh:248 - jev progress=254800/482505 cost=$16.3832
2026-10-07 01:52:09.147 | INFO     | __main__:_refresh:248 - jev progress=255200/482505 cost=$16.4074
2026-10-07 01:52:15.024 | INFO     | __main__:_refresh:248 - jev progress=255600/482505 cost=$16.4329
2026-10-07 01:52:21.248 | INFO     | __main__:_refresh:248 - jev progress=256000/482505 cost=$16.4575
2026-10-07 01:52:27.053 | INFO     | __main__:_refresh:248 - jev progress=256400/482505 cost=$16.4828
2026-10-07 01:52:33.047 | INFO     | __main__:_refresh:248 - jev progress=256800/482505 cost=$16.5082
2026-10-07 01:52:38.986 | INFO     | __main__:_refresh:248 - jev progress=257200/482505 cost=$16.5334
2026-10-07 01:52:45.200 | INFO     | __main__:_refresh:248 - jev progress=257600/482505 cost=$16.5584
2026-10-07 01:52:51.341 | INFO     | __main__:_refresh:248 - jev progress=258000/482505 cost=$16.5832
2026-10-07 01:52:57.347 | INFO     | __main__:_refresh:248 - jev progress=258400/482505 cost=$16.6094
2026-10-07 01:53:03.344 | INFO     | __main__:_refresh:248 - jev progress=258800/482505 cost=$16.6355
2026-10-07 01:53:09.375 | INFO     | __main__:_refresh:248 - jev progress=259200/482505 cost=$16.6601
2026-10-07 01:53:15.347 | INFO     | __main__:_refresh:248 - jev progress=259600/482505 cost=$16.6848
2026-10-07 01:53:21.650 | INFO     | __main__:_refresh:248 - jev progress=260000/482505 cost=$16.7095
2026-10-07 01:53:27.681 | INFO     | __main__:_refresh:248 - jev progress=260400/482505 cost=$16.7348
2026-10-07 01:53:33.805 | INFO     | __main__:_refresh:248 - jev progress=260800/482505 cost=$16.7601
2026-10-07 01:53:40.317 | INFO     | __main__:_refresh:248 - jev progress=261200/482505 cost=$16.7855
2026-10-07 01:53:46.286 | INFO     | __main__:_refresh:248 - jev progress=261600/482505 cost=$16.8110
2026-10-07 01:53:52.519 | INFO     | __main__:_refresh:248 - jev progress=262000/482505 cost=$16.8365
2026-10-07 01:53:58.610 | INFO     | __main__:_refresh:248 - jev progress=262400/482505 cost=$16.8619
2026-10-07 01:54:04.853 | INFO     | __main__:_refresh:248 - jev progress=262800/482505 cost=$16.8878
2026-10-07 01:54:11.329 | INFO     | __main__:_refresh:248 - jev progress=263200/482505 cost=$16.9141
2026-10-07 01:54:17.384 | INFO     | __main__:_refresh:248 - jev progress=263600/482505 cost=$16.9395
2026-10-07 01:54:23.729 | INFO     | __main__:_refresh:248 - jev progress=264000/482505 cost=$16.9632
2026-10-07 01:54:29.816 | INFO     | __main__:_refresh:248 - jev progress=264400/482505 cost=$16.9878
2026-10-07 01:54:35.885 | INFO     | __main__:_refresh:248 - jev progress=264800/482505 cost=$17.0130
2026-10-07 01:54:41.932 | INFO     | __main__:_refresh:248 - jev progress=265200/482505 cost=$17.0378
2026-10-07 01:54:47.833 | INFO     | __main__:_refresh:248 - jev progress=265600/482505 cost=$17.0628
2026-10-07 01:54:53.734 | INFO     | __main__:_refresh:248 - jev progress=266000/482505 cost=$17.0879
2026-10-07 01:55:00.183 | INFO     | __main__:_refresh:248 - jev progress=266400/482505 cost=$17.1130
2026-10-07 01:55:06.195 | INFO     | __main__:_refresh:248 - jev progress=266800/482505 cost=$17.1381
2026-10-07 01:55:12.524 | INFO     | __main__:_refresh:248 - jev progress=267200/482505 cost=$17.1643
2026-10-07 01:55:18.529 | INFO     | __main__:_refresh:248 - jev progress=267600/482505 cost=$17.1903
2026-10-07 01:55:24.821 | INFO     | __main__:_refresh:248 - jev progress=268000/482505 cost=$17.2158
2026-10-07 01:55:30.907 | INFO     | __main__:_refresh:248 - jev progress=268400/482505 cost=$17.2413
2026-10-07 01:55:36.824 | INFO     | __main__:_refresh:248 - jev progress=268800/482505 cost=$17.2669
2026-10-07 01:55:43.001 | INFO     | __main__:_refresh:248 - jev progress=269200/482505 cost=$17.2929
2026-10-07 01:55:49.465 | INFO     | __main__:_refresh:248 - jev progress=269600/482505 cost=$17.3204
2026-10-07 01:55:55.785 | INFO     | __main__:_refresh:248 - jev progress=270000/482505 cost=$17.3478
2026-10-07 01:56:01.780 | INFO     | __main__:_refresh:248 - jev progress=270400/482505 cost=$17.3754
2026-10-07 01:56:07.888 | INFO     | __main__:_refresh:248 - jev progress=270800/482505 cost=$17.4007
2026-10-07 01:56:13.910 | INFO     | __main__:_refresh:248 - jev progress=271200/482505 cost=$17.4265
2026-10-07 01:56:19.936 | INFO     | __main__:_refresh:248 - jev progress=271600/482505 cost=$17.4537
2026-10-07 01:56:25.895 | INFO     | __main__:_refresh:248 - jev progress=272000/482505 cost=$17.4808
2026-10-07 01:56:32.016 | INFO     | __main__:_refresh:248 - jev progress=272400/482505 cost=$17.5061
2026-10-07 01:56:38.435 | INFO     | __main__:_refresh:248 - jev progress=272800/482505 cost=$17.5317
2026-10-07 01:56:44.516 | INFO     | __main__:_refresh:248 - jev progress=273200/482505 cost=$17.5573
2026-10-07 01:56:50.751 | INFO     | __main__:_refresh:248 - jev progress=273600/482505 cost=$17.5836
2026-10-07 01:56:56.658 | INFO     | __main__:_refresh:248 - jev progress=274000/482505 cost=$17.6110
2026-10-07 01:57:02.764 | INFO     | __main__:_refresh:248 - jev progress=274400/482505 cost=$17.6385
2026-10-07 01:57:08.655 | INFO     | __main__:_refresh:248 - jev progress=274800/482505 cost=$17.6655
2026-10-07 01:57:14.631 | INFO     | __main__:_refresh:248 - jev progress=275200/482505 cost=$17.6909
2026-10-07 01:57:20.696 | INFO     | __main__:_refresh:248 - jev progress=275600/482505 cost=$17.7170
2026-10-07 01:57:26.637 | INFO     | __main__:_refresh:248 - jev progress=276000/482505 cost=$17.7440
2026-10-07 01:57:32.612 | INFO     | __main__:_refresh:248 - jev progress=276400/482505 cost=$17.7695
2026-10-07 01:57:38.685 | INFO     | __main__:_refresh:248 - jev progress=276800/482505 cost=$17.7950
2026-10-07 01:57:44.824 | INFO     | __main__:_refresh:248 - jev progress=277200/482505 cost=$17.8207
2026-10-07 01:57:50.695 | INFO     | __main__:_refresh:248 - jev progress=277600/482505 cost=$17.8468
2026-10-07 01:57:58.770 | INFO     | __main__:_refresh:248 - jev progress=278000/482505 cost=$17.8742
2026-10-07 01:58:05.789 | INFO     | __main__:_refresh:248 - jev progress=278400/482505 cost=$17.9017
2026-10-07 01:58:12.005 | INFO     | __main__:_refresh:248 - jev progress=278800/482505 cost=$17.9291
2026-10-07 01:58:17.999 | INFO     | __main__:_refresh:248 - jev progress=279200/482505 cost=$17.9542
2026-10-07 01:58:24.021 | INFO     | __main__:_refresh:248 - jev progress=279600/482505 cost=$17.9797
2026-10-07 01:58:30.014 | INFO     | __main__:_refresh:248 - jev progress=280000/482505 cost=$18.0060
2026-10-07 01:58:36.023 | INFO     | __main__:_refresh:248 - jev progress=280400/482505 cost=$18.0328
2026-10-07 01:58:42.147 | INFO     | __main__:_refresh:248 - jev progress=280800/482505 cost=$18.0585
2026-10-07 01:58:48.014 | INFO     | __main__:_refresh:248 - jev progress=281200/482505 cost=$18.0841
2026-10-07 01:58:54.153 | INFO     | __main__:_refresh:248 - jev progress=281600/482505 cost=$18.1093
2026-10-07 01:59:00.510 | INFO     | __main__:_refresh:248 - jev progress=282000/482505 cost=$18.1343
2026-10-07 01:59:06.694 | INFO     | __main__:_refresh:248 - jev progress=282400/482505 cost=$18.1597
2026-10-07 01:59:12.727 | INFO     | __main__:_refresh:248 - jev progress=282800/482505 cost=$18.1849
2026-10-07 01:59:18.895 | INFO     | __main__:_refresh:248 - jev progress=283200/482505 cost=$18.2101
2026-10-07 01:59:24.904 | INFO     | __main__:_refresh:248 - jev progress=283600/482505 cost=$18.2354
2026-10-07 01:59:30.978 | INFO     | __main__:_refresh:248 - jev progress=284000/482505 cost=$18.2608
2026-10-07 01:59:37.083 | INFO     | __main__:_refresh:248 - jev progress=284400/482505 cost=$18.2876
2026-10-07 01:59:43.145 | INFO     | __main__:_refresh:248 - jev progress=284800/482505 cost=$18.3149
2026-10-07 01:59:49.223 | INFO     | __main__:_refresh:248 - jev progress=285200/482505 cost=$18.3424
2026-10-07 01:59:55.201 | INFO     | __main__:_refresh:248 - jev progress=285600/482505 cost=$18.3699
2026-10-07 02:00:01.265 | INFO     | __main__:_refresh:248 - jev progress=286000/482505 cost=$18.3953
2026-10-07 02:00:07.352 | INFO     | __main__:_refresh:248 - jev progress=286400/482505 cost=$18.4205
2026-10-07 02:00:13.829 | INFO     | __main__:_refresh:248 - jev progress=286800/482505 cost=$18.4460
2026-10-07 02:00:19.976 | INFO     | __main__:_refresh:248 - jev progress=287200/482505 cost=$18.4713
2026-10-07 02:00:26.113 | INFO     | __main__:_refresh:248 - jev progress=287600/482505 cost=$18.4966
2026-10-07 02:00:32.567 | INFO     | __main__:_refresh:248 - jev progress=288000/482505 cost=$18.5217
2026-10-07 02:00:38.811 | INFO     | __main__:_refresh:248 - jev progress=288400/482505 cost=$18.5469
2026-10-07 02:00:45.056 | INFO     | __main__:_refresh:248 - jev progress=288800/482505 cost=$18.5718
2026-10-07 02:00:51.343 | INFO     | __main__:_refresh:248 - jev progress=289200/482505 cost=$18.5966
2026-10-07 02:00:57.556 | INFO     | __main__:_refresh:248 - jev progress=289600/482505 cost=$18.6211
2026-10-07 02:01:03.749 | INFO     | __main__:_refresh:248 - jev progress=290000/482505 cost=$18.6468
2026-10-07 02:01:09.996 | INFO     | __main__:_refresh:248 - jev progress=290400/482505 cost=$18.6738
2026-10-07 02:01:16.192 | INFO     | __main__:_refresh:248 - jev progress=290800/482505 cost=$18.7009
2026-10-07 02:01:22.393 | INFO     | __main__:_refresh:248 - jev progress=291200/482505 cost=$18.7269
2026-10-07 02:01:28.731 | INFO     | __main__:_refresh:248 - jev progress=291600/482505 cost=$18.7523
2026-10-07 02:01:34.838 | INFO     | __main__:_refresh:248 - jev progress=292000/482505 cost=$18.7776
2026-10-07 02:01:41.191 | INFO     | __main__:_refresh:248 - jev progress=292400/482505 cost=$18.8028
2026-10-07 02:01:47.628 | INFO     | __main__:_refresh:248 - jev progress=292800/482505 cost=$18.8282
2026-10-07 02:01:53.934 | INFO     | __main__:_refresh:248 - jev progress=293200/482505 cost=$18.8533
2026-10-07 02:02:00.372 | INFO     | __main__:_refresh:248 - jev progress=293600/482505 cost=$18.8785
2026-10-07 02:02:06.618 | INFO     | __main__:_refresh:248 - jev progress=294000/482505 cost=$18.9041
2026-10-07 02:02:12.956 | INFO     | __main__:_refresh:248 - jev progress=294400/482505 cost=$18.9305
2026-10-07 02:02:19.340 | INFO     | __main__:_refresh:248 - jev progress=294800/482505 cost=$18.9580
2026-10-07 02:02:25.783 | INFO     | __main__:_refresh:248 - jev progress=295200/482505 cost=$18.9855
2026-10-07 02:02:32.104 | INFO     | __main__:_refresh:248 - jev progress=295600/482505 cost=$19.0121
2026-10-07 02:02:38.437 | INFO     | __main__:_refresh:248 - jev progress=296000/482505 cost=$19.0374
2026-10-07 02:02:44.581 | INFO     | __main__:_refresh:248 - jev progress=296400/482505 cost=$19.0624
2026-10-07 02:02:50.862 | INFO     | __main__:_refresh:248 - jev progress=296800/482505 cost=$19.0882
2026-10-07 02:02:57.105 | INFO     | __main__:_refresh:248 - jev progress=297200/482505 cost=$19.1134
2026-10-07 02:03:03.405 | INFO     | __main__:_refresh:248 - jev progress=297600/482505 cost=$19.1384
2026-10-07 02:03:09.830 | INFO     | __main__:_refresh:248 - jev progress=298000/482505 cost=$19.1633
2026-10-07 02:03:16.521 | INFO     | __main__:_refresh:248 - jev progress=298400/482505 cost=$19.1883
2026-10-07 02:03:22.742 | INFO     | __main__:_refresh:248 - jev progress=298800/482505 cost=$19.2142
2026-10-07 02:03:29.316 | INFO     | __main__:_refresh:248 - jev progress=299200/482505 cost=$19.2416
2026-10-07 02:03:35.654 | INFO     | __main__:_refresh:248 - jev progress=299600/482505 cost=$19.2687
2026-10-07 02:03:42.333 | INFO     | __main__:_refresh:248 - jev progress=300000/482505 cost=$19.2947
2026-10-07 02:03:48.658 | INFO     | __main__:_refresh:248 - jev progress=300400/482505 cost=$19.3201
2026-10-07 02:03:54.806 | INFO     | __main__:_refresh:248 - jev progress=300800/482505 cost=$19.3452
2026-10-07 02:04:00.859 | INFO     | __main__:_refresh:248 - jev progress=301200/482505 cost=$19.3703
2026-10-07 02:04:06.893 | INFO     | __main__:_refresh:248 - jev progress=301600/482505 cost=$19.3955
2026-10-07 02:04:13.038 | INFO     | __main__:_refresh:248 - jev progress=302000/482505 cost=$19.4207
2026-10-07 02:04:19.076 | INFO     | __main__:_refresh:248 - jev progress=302400/482505 cost=$19.4461
2026-10-07 02:04:25.474 | INFO     | __main__:_refresh:248 - jev progress=302800/482505 cost=$19.4728
2026-10-07 02:04:31.463 | INFO     | __main__:_refresh:248 - jev progress=303200/482505 cost=$19.5003
2026-10-07 02:04:37.375 | INFO     | __main__:_refresh:248 - jev progress=303600/482505 cost=$19.5277
2026-10-07 02:04:43.264 | INFO     | __main__:_refresh:248 - jev progress=304000/482505 cost=$19.5553
2026-10-07 02:04:49.217 | INFO     | __main__:_refresh:248 - jev progress=304400/482505 cost=$19.5808
2026-10-07 02:04:55.135 | INFO     | __main__:_refresh:248 - jev progress=304800/482505 cost=$19.6073
2026-10-07 02:05:01.250 | INFO     | __main__:_refresh:248 - jev progress=305200/482505 cost=$19.6329
2026-10-07 02:05:10.268 | INFO     | __main__:_refresh:248 - jev progress=305600/482505 cost=$19.6582
2026-10-07 02:05:16.257 | INFO     | __main__:_refresh:248 - jev progress=306000/482505 cost=$19.6833
2026-10-07 02:05:22.305 | INFO     | __main__:_refresh:248 - jev progress=306400/482505 cost=$19.7083
2026-10-07 02:05:28.357 | INFO     | __main__:_refresh:248 - jev progress=306800/482505 cost=$19.7334
2026-10-07 02:05:34.372 | INFO     | __main__:_refresh:248 - jev progress=307200/482505 cost=$19.7582
2026-10-07 02:05:40.709 | INFO     | __main__:_refresh:248 - jev progress=307600/482505 cost=$19.7854
2026-10-07 02:05:46.806 | INFO     | __main__:_refresh:248 - jev progress=308000/482505 cost=$19.8129
2026-10-07 02:05:52.976 | INFO     | __main__:_refresh:248 - jev progress=308400/482505 cost=$19.8380
2026-10-07 02:05:59.293 | INFO     | __main__:_refresh:248 - jev progress=308800/482505 cost=$19.8628
2026-10-07 02:06:05.647 | INFO     | __main__:_refresh:248 - jev progress=309200/482505 cost=$19.8882
2026-10-07 02:06:11.712 | INFO     | __main__:_refresh:248 - jev progress=309600/482505 cost=$19.9133
2026-10-07 02:06:17.702 | INFO     | __main__:_refresh:248 - jev progress=310000/482505 cost=$19.9385
2026-10-07 02:06:23.691 | INFO     | __main__:_refresh:248 - jev progress=310400/482505 cost=$19.9637
2026-10-07 02:06:29.770 | INFO     | __main__:_refresh:248 - jev progress=310800/482505 cost=$19.9889
2026-10-07 02:06:35.962 | INFO     | __main__:_refresh:248 - jev progress=311200/482505 cost=$20.0142
2026-10-07 02:06:42.140 | INFO     | __main__:_refresh:248 - jev progress=311600/482505 cost=$20.0398
2026-10-07 02:06:48.451 | INFO     | __main__:_refresh:248 - jev progress=312000/482505 cost=$20.0666
2026-10-07 02:06:54.597 | INFO     | __main__:_refresh:248 - jev progress=312400/482505 cost=$20.0941
2026-10-07 02:07:00.798 | INFO     | __main__:_refresh:248 - jev progress=312800/482505 cost=$20.1215
2026-10-07 02:07:07.345 | INFO     | __main__:_refresh:248 - jev progress=313200/482505 cost=$20.1475
2026-10-07 02:07:13.389 | INFO     | __main__:_refresh:248 - jev progress=313600/482505 cost=$20.1730
2026-10-07 02:07:19.382 | INFO     | __main__:_refresh:248 - jev progress=314000/482505 cost=$20.1978
2026-10-07 02:07:25.478 | INFO     | __main__:_refresh:248 - jev progress=314400/482505 cost=$20.2230
2026-10-07 02:07:31.786 | INFO     | __main__:_refresh:248 - jev progress=314800/482505 cost=$20.2483
2026-10-07 02:07:38.148 | INFO     | __main__:_refresh:248 - jev progress=315200/482505 cost=$20.2736
2026-10-07 02:07:44.086 | INFO     | __main__:_refresh:248 - jev progress=315600/482505 cost=$20.2987
2026-10-07 02:07:50.105 | INFO     | __main__:_refresh:248 - jev progress=316000/482505 cost=$20.3238
2026-10-07 02:07:56.193 | INFO     | __main__:_refresh:248 - jev progress=316400/482505 cost=$20.3484
2026-10-07 02:08:02.240 | INFO     | __main__:_refresh:248 - jev progress=316800/482505 cost=$20.3729
2026-10-07 02:08:08.269 | INFO     | __main__:_refresh:248 - jev progress=317200/482505 cost=$20.3973
2026-10-07 02:08:14.342 | INFO     | __main__:_refresh:248 - jev progress=317600/482505 cost=$20.4234
2026-10-07 02:08:20.465 | INFO     | __main__:_refresh:248 - jev progress=318000/482505 cost=$20.4499
2026-10-07 02:08:26.386 | INFO     | __main__:_refresh:248 - jev progress=318400/482505 cost=$20.4762
2026-10-07 02:08:32.634 | INFO     | __main__:_refresh:248 - jev progress=318800/482505 cost=$20.5007
2026-10-07 02:08:38.755 | INFO     | __main__:_refresh:248 - jev progress=319200/482505 cost=$20.5254
2026-10-07 02:08:44.856 | INFO     | __main__:_refresh:248 - jev progress=319600/482505 cost=$20.5504
2026-10-07 02:08:51.113 | INFO     | __main__:_refresh:248 - jev progress=320000/482505 cost=$20.5758
2026-10-07 02:08:57.448 | INFO     | __main__:_refresh:248 - jev progress=320400/482505 cost=$20.6011
2026-10-07 02:09:03.711 | INFO     | __main__:_refresh:248 - jev progress=320800/482505 cost=$20.6262
2026-10-07 02:09:09.989 | INFO     | __main__:_refresh:248 - jev progress=321200/482505 cost=$20.6514
2026-10-07 02:09:16.194 | INFO     | __main__:_refresh:248 - jev progress=321600/482505 cost=$20.6767
2026-10-07 02:09:22.359 | INFO     | __main__:_refresh:248 - jev progress=322000/482505 cost=$20.7032
2026-10-07 02:09:28.562 | INFO     | __main__:_refresh:248 - jev progress=322400/482505 cost=$20.7307
2026-10-07 02:09:34.615 | INFO     | __main__:_refresh:248 - jev progress=322800/482505 cost=$20.7582
2026-10-07 02:09:40.676 | INFO     | __main__:_refresh:248 - jev progress=323200/482505 cost=$20.7846
2026-10-07 02:09:46.689 | INFO     | __main__:_refresh:248 - jev progress=323600/482505 cost=$20.8105
2026-10-07 02:09:52.854 | INFO     | __main__:_refresh:248 - jev progress=324000/482505 cost=$20.8361
2026-10-07 02:09:59.066 | INFO     | __main__:_refresh:248 - jev progress=324400/482505 cost=$20.8612
2026-10-07 02:10:05.399 | INFO     | __main__:_refresh:248 - jev progress=324800/482505 cost=$20.8866
2026-10-07 02:10:11.555 | INFO     | __main__:_refresh:248 - jev progress=325200/482505 cost=$20.9118
2026-10-07 02:10:17.887 | INFO     | __main__:_refresh:248 - jev progress=325600/482505 cost=$20.9369
2026-10-07 02:10:23.940 | INFO     | __main__:_refresh:248 - jev progress=326000/482505 cost=$20.9617
2026-10-07 02:10:30.249 | INFO     | __main__:_refresh:248 - jev progress=326400/482505 cost=$20.9863
2026-10-07 02:10:35.991 | INFO     | __main__:_refresh:248 - jev progress=326800/482505 cost=$21.0109
2026-10-07 02:10:41.974 | INFO     | __main__:_refresh:248 - jev progress=327200/482505 cost=$21.0365
2026-10-07 02:10:48.200 | INFO     | __main__:_refresh:248 - jev progress=327600/482505 cost=$21.0628
2026-10-07 02:10:54.185 | INFO     | __main__:_refresh:248 - jev progress=328000/482505 cost=$21.0895
2026-10-07 02:11:00.237 | INFO     | __main__:_refresh:248 - jev progress=328400/482505 cost=$21.1145
2026-10-07 02:11:06.118 | INFO     | __main__:_refresh:248 - jev progress=328800/482505 cost=$21.1395
2026-10-07 02:11:11.990 | INFO     | __main__:_refresh:248 - jev progress=329200/482505 cost=$21.1647
2026-10-07 02:11:18.050 | INFO     | __main__:_refresh:248 - jev progress=329600/482505 cost=$21.1899
2026-10-07 02:11:24.100 | INFO     | __main__:_refresh:248 - jev progress=330000/482505 cost=$21.2153
2026-10-07 02:11:30.195 | INFO     | __main__:_refresh:248 - jev progress=330400/482505 cost=$21.2405
2026-10-07 02:11:36.070 | INFO     | __main__:_refresh:248 - jev progress=330800/482505 cost=$21.2657
2026-10-07 02:11:41.994 | INFO     | __main__:_refresh:248 - jev progress=331200/482505 cost=$21.2910
2026-10-07 02:11:47.950 | INFO     | __main__:_refresh:248 - jev progress=331600/482505 cost=$21.3181
2026-10-07 02:11:53.965 | INFO     | __main__:_refresh:248 - jev progress=332000/482505 cost=$21.3455
2026-10-07 02:11:59.966 | INFO     | __main__:_refresh:248 - jev progress=332400/482505 cost=$21.3730
2026-10-07 02:12:05.878 | INFO     | __main__:_refresh:248 - jev progress=332800/482505 cost=$21.3983
2026-10-07 02:12:11.751 | INFO     | __main__:_refresh:248 - jev progress=333200/482505 cost=$21.4239
2026-10-07 02:12:16.997 | WARNING  | __main__:run:232 - jev 429 attempt=1/6
2026-10-07 02:12:22.323 | INFO     | __main__:_refresh:248 - jev progress=333600/482505 cost=$21.4492
2026-10-07 02:12:28.558 | INFO     | __main__:_refresh:248 - jev progress=334000/482505 cost=$21.4745
2026-10-07 02:12:34.568 | INFO     | __main__:_refresh:248 - jev progress=334400/482505 cost=$21.4997
2026-10-07 02:12:40.622 | INFO     | __main__:_refresh:248 - jev progress=334800/482505 cost=$21.5251
2026-10-07 02:12:46.650 | INFO     | __main__:_refresh:248 - jev progress=335200/482505 cost=$21.5503
2026-10-07 02:12:52.707 | INFO     | __main__:_refresh:248 - jev progress=335600/482505 cost=$21.5754
2026-10-07 02:12:58.699 | INFO     | __main__:_refresh:248 - jev progress=336000/482505 cost=$21.6001
2026-10-07 02:13:04.819 | INFO     | __main__:_refresh:248 - jev progress=336400/482505 cost=$21.6248
2026-10-07 02:13:10.951 | INFO     | __main__:_refresh:248 - jev progress=336800/482505 cost=$21.6498
2026-10-07 02:13:17.100 | INFO     | __main__:_refresh:248 - jev progress=337200/482505 cost=$21.6753
2026-10-07 02:13:23.207 | INFO     | __main__:_refresh:248 - jev progress=337600/482505 cost=$21.7006
2026-10-07 02:13:29.373 | INFO     | __main__:_refresh:248 - jev progress=338000/482505 cost=$21.7271
2026-10-07 02:13:35.772 | INFO     | __main__:_refresh:248 - jev progress=338400/482505 cost=$21.7522
2026-10-07 02:13:42.154 | INFO     | __main__:_refresh:248 - jev progress=338800/482505 cost=$21.7780
2026-10-07 02:13:48.326 | INFO     | __main__:_refresh:248 - jev progress=339200/482505 cost=$21.8035
2026-10-07 02:13:54.451 | INFO     | __main__:_refresh:248 - jev progress=339600/482505 cost=$21.8292
2026-10-07 02:14:00.579 | INFO     | __main__:_refresh:248 - jev progress=340000/482505 cost=$21.8547
2026-10-07 02:14:06.857 | INFO     | __main__:_refresh:248 - jev progress=340400/482505 cost=$21.8810
2026-10-07 02:14:12.948 | INFO     | __main__:_refresh:248 - jev progress=340800/482505 cost=$21.9085
2026-10-07 02:14:19.205 | INFO     | __main__:_refresh:248 - jev progress=341200/482505 cost=$21.9343
2026-10-07 02:14:25.362 | INFO     | __main__:_refresh:248 - jev progress=341600/482505 cost=$21.9591
2026-10-07 02:14:31.444 | INFO     | __main__:_refresh:248 - jev progress=342000/482505 cost=$21.9841
2026-10-07 02:14:37.646 | INFO     | __main__:_refresh:248 - jev progress=342400/482505 cost=$22.0097
2026-10-07 02:14:44.033 | INFO     | __main__:_refresh:248 - jev progress=342800/482505 cost=$22.0365
2026-10-07 02:14:50.390 | INFO     | __main__:_refresh:248 - jev progress=343200/482505 cost=$22.0635
2026-10-07 02:14:56.393 | INFO     | __main__:_refresh:248 - jev progress=343600/482505 cost=$22.0891
2026-10-07 02:15:02.568 | INFO     | __main__:_refresh:248 - jev progress=344000/482505 cost=$22.1134
2026-10-07 02:15:08.693 | INFO     | __main__:_refresh:248 - jev progress=344400/482505 cost=$22.1389
2026-10-07 02:15:14.870 | INFO     | __main__:_refresh:248 - jev progress=344800/482505 cost=$22.1644
2026-10-07 02:15:21.080 | INFO     | __main__:_refresh:248 - jev progress=345200/482505 cost=$22.1897
2026-10-07 02:15:27.531 | INFO     | __main__:_refresh:248 - jev progress=345600/482505 cost=$22.2153
2026-10-07 02:15:33.738 | INFO     | __main__:_refresh:248 - jev progress=346000/482505 cost=$22.2428
2026-10-07 02:15:39.875 | INFO     | __main__:_refresh:248 - jev progress=346400/482505 cost=$22.2702
2026-10-07 02:15:46.066 | INFO     | __main__:_refresh:248 - jev progress=346800/482505 cost=$22.2976
2026-10-07 02:15:52.207 | INFO     | __main__:_refresh:248 - jev progress=347200/482505 cost=$22.3216
2026-10-07 02:15:58.357 | INFO     | __main__:_refresh:248 - jev progress=347600/482505 cost=$22.3463
2026-10-07 02:16:04.536 | INFO     | __main__:_refresh:248 - jev progress=348000/482505 cost=$22.3721
2026-10-07 02:16:10.785 | INFO     | __main__:_refresh:248 - jev progress=348400/482505 cost=$22.3992
2026-10-07 02:16:16.963 | INFO     | __main__:_refresh:248 - jev progress=348800/482505 cost=$22.4259
2026-10-07 02:16:23.083 | INFO     | __main__:_refresh:248 - jev progress=349200/482505 cost=$22.4509
2026-10-07 02:16:29.122 | INFO     | __main__:_refresh:248 - jev progress=349600/482505 cost=$22.4761
2026-10-07 02:16:35.094 | INFO     | __main__:_refresh:248 - jev progress=350000/482505 cost=$22.5021
2026-10-07 02:16:43.509 | INFO     | __main__:_refresh:248 - jev progress=350400/482505 cost=$22.5275
2026-10-07 02:16:49.869 | INFO     | __main__:_refresh:248 - jev progress=350800/482505 cost=$22.5528
2026-10-07 02:16:55.932 | INFO     | __main__:_refresh:248 - jev progress=351200/482505 cost=$22.5798
2026-10-07 02:17:02.021 | INFO     | __main__:_refresh:248 - jev progress=351600/482505 cost=$22.6072
2026-10-07 02:17:08.053 | INFO     | __main__:_refresh:248 - jev progress=352000/482505 cost=$22.6328
2026-10-07 02:17:14.099 | INFO     | __main__:_refresh:248 - jev progress=352400/482505 cost=$22.6578
2026-10-07 02:17:20.100 | INFO     | __main__:_refresh:248 - jev progress=352800/482505 cost=$22.6831
2026-10-07 02:17:26.063 | INFO     | __main__:_refresh:248 - jev progress=353200/482505 cost=$22.7092
2026-10-07 02:17:31.958 | INFO     | __main__:_refresh:248 - jev progress=353600/482505 cost=$22.7362
2026-10-07 02:17:38.275 | INFO     | __main__:_refresh:248 - jev progress=354000/482505 cost=$22.7626
2026-10-07 02:17:44.245 | INFO     | __main__:_refresh:248 - jev progress=354400/482505 cost=$22.7872
2026-10-07 02:17:50.340 | INFO     | __main__:_refresh:248 - jev progress=354800/482505 cost=$22.8115
2026-10-07 02:18:31.133 | WARNING  | __main__:run:232 - jev 520 attempt=1/6
2026-10-07 02:18:31.134 | WARNING  | __main__:run:232 - jev 520 attempt=1/6
2026-10-07 02:18:31.135 | WARNING  | __main__:run:232 - jev 520 attempt=1/6
2026-10-07 02:18:31.135 | WARNING  | __main__:run:232 - jev 520 attempt=1/6
2026-10-07 02:18:31.135 | WARNING  | __main__:run:232 - jev 520 attempt=1/6
2026-10-07 02:18:31.136 | WARNING  | __main__:run:232 - jev 520 attempt=1/6
2026-10-07 02:18:31.137 | WARNING  | __main__:run:232 - jev 520 attempt=1/6
2026-10-07 02:18:31.137 | WARNING  | __main__:run:232 - jev 520 attempt=1/6
2026-10-07 02:18:31.138 | WARNING  | __main__:run:232 - jev 520 attempt=1/6
2026-10-07 02:18:31.138 | WARNING  | __main__:run:232 - jev 520 attempt=1/6
2026-10-07 02:18:57.763 | WARNING  | __main__:run:232 - jev 520 attempt=2/6
2026-10-07 02:18:57.764 | WARNING  | __main__:run:232 - jev 520 attempt=2/6
2026-10-07 02:19:08.100 | INFO     | __main__:_refresh:248 - jev progress=355200/482505 cost=$22.8373
2026-10-07 02:19:14.278 | INFO     | __main__:_refresh:248 - jev progress=355600/482505 cost=$22.8630
2026-10-07 02:19:20.235 | INFO     | __main__:_refresh:248 - jev progress=356000/482505 cost=$22.8885
2026-10-07 02:19:26.239 | INFO     | __main__:_refresh:248 - jev progress=356400/482505 cost=$22.9139
2026-10-07 02:19:32.376 | INFO     | __main__:_refresh:248 - jev progress=356800/482505 cost=$22.9392
2026-10-07 02:19:38.463 | INFO     | __main__:_refresh:248 - jev progress=357200/482505 cost=$22.9646
2026-10-07 02:19:44.450 | INFO     | __main__:_refresh:248 - jev progress=357600/482505 cost=$22.9902
2026-10-07 02:19:50.439 | INFO     | __main__:_refresh:248 - jev progress=358000/482505 cost=$23.0164
2026-10-07 02:19:56.364 | INFO     | __main__:_refresh:248 - jev progress=358400/482505 cost=$23.0427
2026-10-07 02:20:02.345 | INFO     | __main__:_refresh:248 - jev progress=358800/482505 cost=$23.0697
2026-10-07 02:20:08.384 | INFO     | __main__:_refresh:248 - jev progress=359200/482505 cost=$23.0971
2026-10-07 02:20:14.433 | INFO     | __main__:_refresh:248 - jev progress=359600/482505 cost=$23.1245
2026-10-07 02:20:20.672 | INFO     | __main__:_refresh:248 - jev progress=360000/482505 cost=$23.1502
2026-10-07 02:20:26.908 | INFO     | __main__:_refresh:248 - jev progress=360400/482505 cost=$23.1753
2026-10-07 02:20:33.127 | INFO     | __main__:_refresh:248 - jev progress=360800/482505 cost=$23.2012
2026-10-07 02:20:39.146 | INFO     | __main__:_refresh:248 - jev progress=361200/482505 cost=$23.2267
2026-10-07 02:20:45.519 | INFO     | __main__:_refresh:248 - jev progress=361600/482505 cost=$23.2521
2026-10-07 02:20:51.469 | INFO     | __main__:_refresh:248 - jev progress=362000/482505 cost=$23.2774
2026-10-07 02:20:57.710 | INFO     | __main__:_refresh:248 - jev progress=362400/482505 cost=$23.3024
2026-10-07 02:21:04.036 | INFO     | __main__:_refresh:248 - jev progress=362800/482505 cost=$23.3275
2026-10-07 02:21:10.026 | INFO     | __main__:_refresh:248 - jev progress=363200/482505 cost=$23.3528
2026-10-07 02:21:16.181 | INFO     | __main__:_refresh:248 - jev progress=363600/482505 cost=$23.3774
2026-10-07 02:21:22.478 | INFO     | __main__:_refresh:248 - jev progress=364000/482505 cost=$23.4030
2026-10-07 02:21:28.674 | INFO     | __main__:_refresh:248 - jev progress=364400/482505 cost=$23.4286
2026-10-07 02:21:34.763 | INFO     | __main__:_refresh:248 - jev progress=364800/482505 cost=$23.4544
2026-10-07 02:21:41.226 | INFO     | __main__:_refresh:248 - jev progress=365200/482505 cost=$23.4799
2026-10-07 02:21:47.164 | INFO     | __main__:_refresh:248 - jev progress=365600/482505 cost=$23.5052
2026-10-07 02:21:53.259 | INFO     | __main__:_refresh:248 - jev progress=366000/482505 cost=$23.5307
2026-10-07 02:21:59.613 | INFO     | __main__:_refresh:248 - jev progress=366400/482505 cost=$23.5568
2026-10-07 02:22:05.760 | INFO     | __main__:_refresh:248 - jev progress=366800/482505 cost=$23.5833
2026-10-07 02:22:11.730 | INFO     | __main__:_refresh:248 - jev progress=367200/482505 cost=$23.6105
2026-10-07 02:22:18.052 | INFO     | __main__:_refresh:248 - jev progress=367600/482505 cost=$23.6379
2026-10-07 02:22:24.162 | INFO     | __main__:_refresh:248 - jev progress=368000/482505 cost=$23.6633
2026-10-07 02:22:30.400 | INFO     | __main__:_refresh:248 - jev progress=368400/482505 cost=$23.6892
2026-10-07 02:22:36.498 | INFO     | __main__:_refresh:248 - jev progress=368800/482505 cost=$23.7146
2026-10-07 02:22:42.674 | INFO     | __main__:_refresh:248 - jev progress=369200/482505 cost=$23.7396
2026-10-07 02:22:48.805 | INFO     | __main__:_refresh:248 - jev progress=369600/482505 cost=$23.7645
2026-10-07 02:22:54.833 | INFO     | __main__:_refresh:248 - jev progress=370000/482505 cost=$23.7898
2026-10-07 02:23:00.881 | INFO     | __main__:_refresh:248 - jev progress=370400/482505 cost=$23.8149
2026-10-07 02:23:07.129 | INFO     | __main__:_refresh:248 - jev progress=370800/482505 cost=$23.8410
2026-10-07 02:23:13.336 | INFO     | __main__:_refresh:248 - jev progress=371200/482505 cost=$23.8666
2026-10-07 02:23:19.539 | INFO     | __main__:_refresh:248 - jev progress=371600/482505 cost=$23.8924
2026-10-07 02:23:25.662 | INFO     | __main__:_refresh:248 - jev progress=372000/482505 cost=$23.9179
2026-10-07 02:23:31.693 | INFO     | __main__:_refresh:248 - jev progress=372400/482505 cost=$23.9432
2026-10-07 02:23:37.703 | INFO     | __main__:_refresh:248 - jev progress=372800/482505 cost=$23.9685
2026-10-07 02:23:43.797 | INFO     | __main__:_refresh:248 - jev progress=373200/482505 cost=$23.9941
2026-10-07 02:23:49.817 | INFO     | __main__:_refresh:248 - jev progress=373600/482505 cost=$24.0202
2026-10-07 02:23:56.039 | INFO     | __main__:_refresh:248 - jev progress=374000/482505 cost=$24.0469
2026-10-07 02:24:01.931 | INFO     | __main__:_refresh:248 - jev progress=374400/482505 cost=$24.0742
2026-10-07 02:24:07.984 | INFO     | __main__:_refresh:248 - jev progress=374800/482505 cost=$24.1016
2026-10-07 02:24:14.144 | INFO     | __main__:_refresh:248 - jev progress=375200/482505 cost=$24.1270
2026-10-07 02:24:20.264 | INFO     | __main__:_refresh:248 - jev progress=375600/482505 cost=$24.1525
2026-10-07 02:24:26.473 | INFO     | __main__:_refresh:248 - jev progress=376000/482505 cost=$24.1777
2026-10-07 02:24:32.419 | INFO     | __main__:_refresh:248 - jev progress=376400/482505 cost=$24.2033
2026-10-07 02:24:38.626 | INFO     | __main__:_refresh:248 - jev progress=376800/482505 cost=$24.2285
2026-10-07 02:24:44.946 | INFO     | __main__:_refresh:248 - jev progress=377200/482505 cost=$24.2532
2026-10-07 02:24:51.039 | INFO     | __main__:_refresh:248 - jev progress=377600/482505 cost=$24.2780
2026-10-07 02:24:57.478 | INFO     | __main__:_refresh:248 - jev progress=378000/482505 cost=$24.3015
2026-10-07 02:25:03.798 | INFO     | __main__:_refresh:248 - jev progress=378400/482505 cost=$24.3264
2026-10-07 02:25:10.258 | INFO     | __main__:_refresh:248 - jev progress=378800/482505 cost=$24.3512
2026-10-07 02:25:16.577 | INFO     | __main__:_refresh:248 - jev progress=379200/482505 cost=$24.3760
2026-10-07 02:25:22.860 | INFO     | __main__:_refresh:248 - jev progress=379600/482505 cost=$24.4013
2026-10-07 02:25:29.153 | INFO     | __main__:_refresh:248 - jev progress=380000/482505 cost=$24.4264
2026-10-07 02:25:35.345 | INFO     | __main__:_refresh:248 - jev progress=380400/482505 cost=$24.4520
2026-10-07 02:25:41.556 | INFO     | __main__:_refresh:248 - jev progress=380800/482505 cost=$24.4780
2026-10-07 02:25:47.740 | INFO     | __main__:_refresh:248 - jev progress=381200/482505 cost=$24.5062
2026-10-07 02:25:53.805 | INFO     | __main__:_refresh:248 - jev progress=381600/482505 cost=$24.5358
2026-10-07 02:26:00.126 | INFO     | __main__:_refresh:248 - jev progress=382000/482505 cost=$24.5622
2026-10-07 02:26:06.348 | INFO     | __main__:_refresh:248 - jev progress=382400/482505 cost=$24.5865
2026-10-07 02:26:12.406 | INFO     | __main__:_refresh:248 - jev progress=382800/482505 cost=$24.6117
2026-10-07 02:26:18.398 | INFO     | __main__:_refresh:248 - jev progress=383200/482505 cost=$24.6366
2026-10-07 02:26:24.408 | INFO     | __main__:_refresh:248 - jev progress=383600/482505 cost=$24.6617
2026-10-07 02:26:30.632 | INFO     | __main__:_refresh:248 - jev progress=384000/482505 cost=$24.6870
2026-10-07 02:26:36.791 | INFO     | __main__:_refresh:248 - jev progress=384400/482505 cost=$24.7124
2026-10-07 02:26:43.136 | INFO     | __main__:_refresh:248 - jev progress=384800/482505 cost=$24.7387
2026-10-07 02:26:49.184 | INFO     | __main__:_refresh:248 - jev progress=385200/482505 cost=$24.7681
2026-10-07 02:26:55.523 | INFO     | __main__:_refresh:248 - jev progress=385600/482505 cost=$24.7992
2026-10-07 02:27:01.626 | INFO     | __main__:_refresh:248 - jev progress=386000/482505 cost=$24.8266
2026-10-07 02:27:07.599 | INFO     | __main__:_refresh:248 - jev progress=386400/482505 cost=$24.8513
2026-10-07 02:27:13.713 | INFO     | __main__:_refresh:248 - jev progress=386800/482505 cost=$24.8760
2026-10-07 02:27:19.818 | INFO     | __main__:_refresh:248 - jev progress=387200/482505 cost=$24.9009
2026-10-07 02:27:26.094 | INFO     | __main__:_refresh:248 - jev progress=387600/482505 cost=$24.9261
2026-10-07 02:27:32.055 | INFO     | __main__:_refresh:248 - jev progress=388000/482505 cost=$24.9519
2026-10-07 02:27:38.069 | INFO     | __main__:_refresh:248 - jev progress=388400/482505 cost=$24.9782
2026-10-07 02:27:44.144 | INFO     | __main__:_refresh:248 - jev progress=388800/482505 cost=$25.0056
2026-10-07 02:27:50.124 | INFO     | __main__:_refresh:248 - jev progress=389200/482505 cost=$25.0348
2026-10-07 02:27:56.039 | INFO     | __main__:_refresh:248 - jev progress=389600/482505 cost=$25.0612
2026-10-07 02:28:01.899 | INFO     | __main__:_refresh:248 - jev progress=390000/482505 cost=$25.0861
2026-10-07 02:28:07.924 | INFO     | __main__:_refresh:248 - jev progress=390400/482505 cost=$25.1108
2026-10-07 02:28:13.821 | INFO     | __main__:_refresh:248 - jev progress=390800/482505 cost=$25.1359
2026-10-07 02:28:19.892 | INFO     | __main__:_refresh:248 - jev progress=391200/482505 cost=$25.1613
2026-10-07 02:28:26.058 | INFO     | __main__:_refresh:248 - jev progress=391600/482505 cost=$25.1867
2026-10-07 02:28:32.158 | INFO     | __main__:_refresh:248 - jev progress=392000/482505 cost=$25.2137
2026-10-07 02:28:38.290 | INFO     | __main__:_refresh:248 - jev progress=392400/482505 cost=$25.2429
2026-10-07 02:28:44.146 | INFO     | __main__:_refresh:248 - jev progress=392800/482505 cost=$25.2729
2026-10-07 02:28:50.098 | INFO     | __main__:_refresh:248 - jev progress=393200/482505 cost=$25.2982
2026-10-07 02:28:56.045 | INFO     | __main__:_refresh:248 - jev progress=393600/482505 cost=$25.3222
2026-10-07 02:29:02.063 | INFO     | __main__:_refresh:248 - jev progress=394000/482505 cost=$25.3473
2026-10-07 02:29:08.027 | INFO     | __main__:_refresh:248 - jev progress=394400/482505 cost=$25.3725
2026-10-07 02:29:14.019 | INFO     | __main__:_refresh:248 - jev progress=394800/482505 cost=$25.3979
2026-10-07 02:29:19.893 | INFO     | __main__:_refresh:248 - jev progress=395200/482505 cost=$25.4235
2026-10-07 02:29:25.983 | INFO     | __main__:_refresh:248 - jev progress=395600/482505 cost=$25.4509
2026-10-07 02:29:31.968 | INFO     | __main__:_refresh:248 - jev progress=396000/482505 cost=$25.4784
2026-10-07 02:29:37.931 | INFO     | __main__:_refresh:248 - jev progress=396400/482505 cost=$25.5068
2026-10-07 02:29:44.010 | INFO     | __main__:_refresh:248 - jev progress=396800/482505 cost=$25.5318
2026-10-07 02:29:50.162 | INFO     | __main__:_refresh:248 - jev progress=397200/482505 cost=$25.5566
2026-10-07 02:29:56.227 | INFO     | __main__:_refresh:248 - jev progress=397600/482505 cost=$25.5812
2026-10-07 02:30:02.443 | INFO     | __main__:_refresh:248 - jev progress=398000/482505 cost=$25.6062
2026-10-07 02:30:08.960 | INFO     | __main__:_refresh:248 - jev progress=398400/482505 cost=$25.6316
2026-10-07 02:30:14.982 | INFO     | __main__:_refresh:248 - jev progress=398800/482505 cost=$25.6580
2026-10-07 02:30:21.261 | INFO     | __main__:_refresh:248 - jev progress=399200/482505 cost=$25.6849
2026-10-07 02:30:27.405 | INFO     | __main__:_refresh:248 - jev progress=399600/482505 cost=$25.7136
2026-10-07 02:30:33.617 | INFO     | __main__:_refresh:248 - jev progress=400000/482505 cost=$25.7407
2026-10-07 02:30:39.893 | INFO     | __main__:_refresh:248 - jev progress=400400/482505 cost=$25.7659
2026-10-07 02:30:46.003 | INFO     | __main__:_refresh:248 - jev progress=400800/482505 cost=$25.7914
2026-10-07 02:30:52.104 | INFO     | __main__:_refresh:248 - jev progress=401200/482505 cost=$25.8167
2026-10-07 02:30:58.120 | INFO     | __main__:_refresh:248 - jev progress=401600/482505 cost=$25.8422
2026-10-07 02:31:04.191 | INFO     | __main__:_refresh:248 - jev progress=402000/482505 cost=$25.8674
2026-10-07 02:31:10.498 | INFO     | __main__:_refresh:248 - jev progress=402400/482505 cost=$25.8927
2026-10-07 02:31:16.777 | INFO     | __main__:_refresh:248 - jev progress=402800/482505 cost=$25.9180
2026-10-07 02:31:22.860 | INFO     | __main__:_refresh:248 - jev progress=403200/482505 cost=$25.9435
2026-10-07 02:31:28.747 | INFO     | __main__:_refresh:248 - jev progress=403600/482505 cost=$25.9693
2026-10-07 02:31:34.852 | INFO     | __main__:_refresh:248 - jev progress=404000/482505 cost=$25.9960
2026-10-07 02:31:41.013 | INFO     | __main__:_refresh:248 - jev progress=404400/482505 cost=$26.0235
2026-10-07 02:31:47.335 | INFO     | __main__:_refresh:248 - jev progress=404800/482505 cost=$26.0510
2026-10-07 02:31:53.530 | INFO     | __main__:_refresh:248 - jev progress=405200/482505 cost=$26.0770
2026-10-07 02:31:59.753 | INFO     | __main__:_refresh:248 - jev progress=405600/482505 cost=$26.1022
2026-10-07 02:32:05.821 | INFO     | __main__:_refresh:248 - jev progress=406000/482505 cost=$26.1273
2026-10-07 02:32:11.922 | INFO     | __main__:_refresh:248 - jev progress=406400/482505 cost=$26.1523
2026-10-07 02:32:18.034 | INFO     | __main__:_refresh:248 - jev progress=406800/482505 cost=$26.1776
2026-10-07 02:32:24.175 | INFO     | __main__:_refresh:248 - jev progress=407200/482505 cost=$26.2028
2026-10-07 02:32:30.208 | INFO     | __main__:_refresh:248 - jev progress=407600/482505 cost=$26.2281
2026-10-07 02:32:36.421 | INFO     | __main__:_refresh:248 - jev progress=408000/482505 cost=$26.2534
2026-10-07 02:32:42.539 | INFO     | __main__:_refresh:248 - jev progress=408400/482505 cost=$26.2787
2026-10-07 02:32:49.112 | INFO     | __main__:_refresh:248 - jev progress=408800/482505 cost=$26.3053
2026-10-07 02:32:55.213 | INFO     | __main__:_refresh:248 - jev progress=409200/482505 cost=$26.3328
2026-10-07 02:33:01.501 | INFO     | __main__:_refresh:248 - jev progress=409600/482505 cost=$26.3605
2026-10-07 02:33:07.728 | INFO     | __main__:_refresh:248 - jev progress=410000/482505 cost=$26.3862
2026-10-07 02:33:13.873 | INFO     | __main__:_refresh:248 - jev progress=410400/482505 cost=$26.4113
2026-10-07 02:33:20.027 | INFO     | __main__:_refresh:248 - jev progress=410800/482505 cost=$26.4367
2026-10-07 02:33:26.125 | INFO     | __main__:_refresh:248 - jev progress=411200/482505 cost=$26.4620
2026-10-07 02:33:32.262 | INFO     | __main__:_refresh:248 - jev progress=411600/482505 cost=$26.4872
2026-10-07 02:33:38.189 | INFO     | __main__:_refresh:248 - jev progress=412000/482505 cost=$26.5126
2026-10-07 02:33:44.309 | INFO     | __main__:_refresh:248 - jev progress=412400/482505 cost=$26.5381
2026-10-07 02:33:50.456 | INFO     | __main__:_refresh:248 - jev progress=412800/482505 cost=$26.5636
2026-10-07 02:33:56.689 | INFO     | __main__:_refresh:248 - jev progress=413200/482505 cost=$26.5894
2026-10-07 02:34:02.719 | INFO     | __main__:_refresh:248 - jev progress=413600/482505 cost=$26.6165
2026-10-07 02:34:08.816 | INFO     | __main__:_refresh:248 - jev progress=414000/482505 cost=$26.6439
2026-10-07 02:34:15.058 | INFO     | __main__:_refresh:248 - jev progress=414400/482505 cost=$26.6704
2026-10-07 02:34:21.036 | INFO     | __main__:_refresh:248 - jev progress=414800/482505 cost=$26.6954
2026-10-07 02:34:27.111 | INFO     | __main__:_refresh:248 - jev progress=415200/482505 cost=$26.7202
2026-10-07 02:34:33.319 | INFO     | __main__:_refresh:248 - jev progress=415600/482505 cost=$26.7455
2026-10-07 02:34:39.317 | INFO     | __main__:_refresh:248 - jev progress=416000/482505 cost=$26.7708
2026-10-07 02:34:45.399 | INFO     | __main__:_refresh:248 - jev progress=416400/482505 cost=$26.7962
2026-10-07 02:34:51.443 | INFO     | __main__:_refresh:248 - jev progress=416800/482505 cost=$26.8214
2026-10-07 02:34:57.576 | INFO     | __main__:_refresh:248 - jev progress=417200/482505 cost=$26.8468
2026-10-07 02:35:03.585 | INFO     | __main__:_refresh:248 - jev progress=417600/482505 cost=$26.8721
2026-10-07 02:35:09.782 | INFO     | __main__:_refresh:248 - jev progress=418000/482505 cost=$26.8982
2026-10-07 02:35:16.165 | INFO     | __main__:_refresh:248 - jev progress=418400/482505 cost=$26.9254
2026-10-07 02:35:22.301 | INFO     | __main__:_refresh:248 - jev progress=418800/482505 cost=$26.9530
2026-10-07 02:35:28.390 | INFO     | __main__:_refresh:248 - jev progress=419200/482505 cost=$26.9785
2026-10-07 02:35:34.712 | INFO     | __main__:_refresh:248 - jev progress=419600/482505 cost=$27.0042
2026-10-07 02:35:40.775 | INFO     | __main__:_refresh:248 - jev progress=420000/482505 cost=$27.0299
2026-10-07 02:35:46.766 | INFO     | __main__:_refresh:248 - jev progress=420400/482505 cost=$27.0551
2026-10-07 02:35:52.875 | INFO     | __main__:_refresh:248 - jev progress=420800/482505 cost=$27.0803
2026-10-07 02:35:58.892 | INFO     | __main__:_refresh:248 - jev progress=421200/482505 cost=$27.1057
2026-10-07 02:36:05.082 | INFO     | __main__:_refresh:248 - jev progress=421600/482505 cost=$27.1311
2026-10-07 02:36:11.194 | INFO     | __main__:_refresh:248 - jev progress=422000/482505 cost=$27.1565
2026-10-07 02:36:17.420 | INFO     | __main__:_refresh:248 - jev progress=422400/482505 cost=$27.1821
2026-10-07 02:36:23.504 | INFO     | __main__:_refresh:248 - jev progress=422800/482505 cost=$27.2084
2026-10-07 02:36:29.436 | INFO     | __main__:_refresh:248 - jev progress=423200/482505 cost=$27.2358
2026-10-07 02:36:35.754 | INFO     | __main__:_refresh:248 - jev progress=423600/482505 cost=$27.2632
2026-10-07 02:36:41.732 | INFO     | __main__:_refresh:248 - jev progress=424000/482505 cost=$27.2901
2026-10-07 02:36:47.829 | INFO     | __main__:_refresh:248 - jev progress=424400/482505 cost=$27.3154
2026-10-07 02:36:53.950 | INFO     | __main__:_refresh:248 - jev progress=424800/482505 cost=$27.3407
2026-10-07 02:36:59.997 | INFO     | __main__:_refresh:248 - jev progress=425200/482505 cost=$27.3656
2026-10-07 02:37:06.289 | INFO     | __main__:_refresh:248 - jev progress=425600/482505 cost=$27.3907
2026-10-07 02:37:12.257 | INFO     | __main__:_refresh:248 - jev progress=426000/482505 cost=$27.4161
2026-10-07 02:37:18.259 | INFO     | __main__:_refresh:248 - jev progress=426400/482505 cost=$27.4413
2026-10-07 02:37:24.459 | INFO     | __main__:_refresh:248 - jev progress=426800/482505 cost=$27.4666
2026-10-07 02:37:30.461 | INFO     | __main__:_refresh:248 - jev progress=427200/482505 cost=$27.4919
2026-10-07 02:37:36.472 | INFO     | __main__:_refresh:248 - jev progress=427600/482505 cost=$27.5175
2026-10-07 02:37:42.623 | INFO     | __main__:_refresh:248 - jev progress=428000/482505 cost=$27.5440
2026-10-07 02:37:48.697 | INFO     | __main__:_refresh:248 - jev progress=428400/482505 cost=$27.5714
2026-10-07 02:37:54.826 | INFO     | __main__:_refresh:248 - jev progress=428800/482505 cost=$27.5972
2026-10-07 02:38:00.996 | INFO     | __main__:_refresh:248 - jev progress=429200/482505 cost=$27.6222
2026-10-07 02:38:07.278 | INFO     | __main__:_refresh:248 - jev progress=429600/482505 cost=$27.6476
2026-10-07 02:38:13.699 | INFO     | __main__:_refresh:248 - jev progress=430000/482505 cost=$27.6724
2026-10-07 02:38:19.946 | INFO     | __main__:_refresh:248 - jev progress=430400/482505 cost=$27.6976
2026-10-07 02:38:26.288 | INFO     | __main__:_refresh:248 - jev progress=430800/482505 cost=$27.7229
2026-10-07 02:38:32.506 | INFO     | __main__:_refresh:248 - jev progress=431200/482505 cost=$27.7483
2026-10-07 02:38:38.793 | INFO     | __main__:_refresh:248 - jev progress=431600/482505 cost=$27.7736
2026-10-07 02:38:45.215 | INFO     | __main__:_refresh:248 - jev progress=432000/482505 cost=$27.7989
2026-10-07 02:38:51.371 | INFO     | __main__:_refresh:248 - jev progress=432400/482505 cost=$27.8245
2026-10-07 02:38:57.439 | INFO     | __main__:_refresh:248 - jev progress=432800/482505 cost=$27.8504
2026-10-07 02:39:03.854 | INFO     | __main__:_refresh:248 - jev progress=433200/482505 cost=$27.8761
2026-10-07 02:39:09.991 | INFO     | __main__:_refresh:248 - jev progress=433600/482505 cost=$27.9021
2026-10-07 02:39:16.377 | INFO     | __main__:_refresh:248 - jev progress=434000/482505 cost=$27.9292
2026-10-07 02:39:22.679 | INFO     | __main__:_refresh:248 - jev progress=434400/482505 cost=$27.9583
2026-10-07 02:39:28.897 | INFO     | __main__:_refresh:248 - jev progress=434800/482505 cost=$27.9840
2026-10-07 02:39:35.249 | INFO     | __main__:_refresh:248 - jev progress=435200/482505 cost=$28.0091
2026-10-07 02:39:41.637 | INFO     | __main__:_refresh:248 - jev progress=435600/482505 cost=$28.0341
2026-10-07 02:39:47.929 | INFO     | __main__:_refresh:248 - jev progress=436000/482505 cost=$28.0593
2026-10-07 02:39:54.213 | INFO     | __main__:_refresh:248 - jev progress=436400/482505 cost=$28.0846
2026-10-07 02:40:00.494 | INFO     | __main__:_refresh:248 - jev progress=436800/482505 cost=$28.1100
2026-10-07 02:40:06.722 | INFO     | __main__:_refresh:248 - jev progress=437200/482505 cost=$28.1353
2026-10-07 02:40:13.050 | INFO     | __main__:_refresh:248 - jev progress=437600/482505 cost=$28.1609
2026-10-07 02:40:19.414 | INFO     | __main__:_refresh:248 - jev progress=438000/482505 cost=$28.1872
2026-10-07 02:40:25.551 | INFO     | __main__:_refresh:248 - jev progress=438400/482505 cost=$28.2145
2026-10-07 02:40:32.084 | INFO     | __main__:_refresh:248 - jev progress=438800/482505 cost=$28.2418
2026-10-07 02:40:38.393 | INFO     | __main__:_refresh:248 - jev progress=439200/482505 cost=$28.2679
2026-10-07 02:40:44.587 | INFO     | __main__:_refresh:248 - jev progress=439600/482505 cost=$28.2921
2026-10-07 02:40:50.981 | INFO     | __main__:_refresh:248 - jev progress=440000/482505 cost=$28.3169
2026-10-07 02:40:57.137 | INFO     | __main__:_refresh:248 - jev progress=440400/482505 cost=$28.3422
2026-10-07 02:41:03.372 | INFO     | __main__:_refresh:248 - jev progress=440800/482505 cost=$28.3669
2026-10-07 02:41:09.863 | INFO     | __main__:_refresh:248 - jev progress=441200/482505 cost=$28.3922
2026-10-07 02:41:16.327 | INFO     | __main__:_refresh:248 - jev progress=441600/482505 cost=$28.4178
2026-10-07 02:41:22.537 | INFO     | __main__:_refresh:248 - jev progress=442000/482505 cost=$28.4441
2026-10-07 02:41:29.177 | INFO     | __main__:_refresh:248 - jev progress=442400/482505 cost=$28.4698
2026-10-07 02:42:11.068 | WARNING  | __main__:run:232 - jev 520 attempt=1/6
2026-10-07 02:42:16.424 | INFO     | __main__:_refresh:248 - jev progress=442800/482505 cost=$28.4956
2026-10-07 02:42:22.791 | INFO     | __main__:_refresh:248 - jev progress=443200/482505 cost=$28.5225
2026-10-07 02:42:28.896 | INFO     | __main__:_refresh:248 - jev progress=443600/482505 cost=$28.5507
2026-10-07 02:42:34.938 | INFO     | __main__:_refresh:248 - jev progress=444000/482505 cost=$28.5760
2026-10-07 02:42:41.018 | INFO     | __main__:_refresh:248 - jev progress=444400/482505 cost=$28.6005
2026-10-07 02:42:47.150 | INFO     | __main__:_refresh:248 - jev progress=444800/482505 cost=$28.6254
2026-10-07 02:42:53.210 | INFO     | __main__:_refresh:248 - jev progress=445200/482505 cost=$28.6509
2026-10-07 02:42:59.385 | INFO     | __main__:_refresh:248 - jev progress=445600/482505 cost=$28.6763
2026-10-07 02:43:05.644 | INFO     | __main__:_refresh:248 - jev progress=446000/482505 cost=$28.7018
2026-10-07 02:43:11.893 | INFO     | __main__:_refresh:248 - jev progress=446400/482505 cost=$28.7283
2026-10-07 02:43:18.098 | INFO     | __main__:_refresh:248 - jev progress=446800/482505 cost=$28.7558
2026-10-07 02:43:24.523 | INFO     | __main__:_refresh:248 - jev progress=447200/482505 cost=$28.7833
2026-10-07 02:43:30.879 | INFO     | __main__:_refresh:248 - jev progress=447600/482505 cost=$28.8099
2026-10-07 02:43:36.957 | INFO     | __main__:_refresh:248 - jev progress=448000/482505 cost=$28.8341
2026-10-07 02:43:43.241 | INFO     | __main__:_refresh:248 - jev progress=448400/482505 cost=$28.8589
2026-10-07 02:43:49.381 | INFO     | __main__:_refresh:248 - jev progress=448800/482505 cost=$28.8839
2026-10-07 02:43:55.525 | INFO     | __main__:_refresh:248 - jev progress=449200/482505 cost=$28.9090
2026-10-07 02:44:02.121 | INFO     | __main__:_refresh:248 - jev progress=449600/482505 cost=$28.9351
2026-10-07 02:44:08.385 | INFO     | __main__:_refresh:248 - jev progress=450000/482505 cost=$28.9613
2026-10-07 02:44:14.493 | INFO     | __main__:_refresh:248 - jev progress=450400/482505 cost=$28.9873
2026-10-07 02:44:20.540 | INFO     | __main__:_refresh:248 - jev progress=450800/482505 cost=$29.0136
2026-10-07 02:44:26.578 | INFO     | __main__:_refresh:248 - jev progress=451200/482505 cost=$29.0407
2026-10-07 02:44:32.683 | INFO     | __main__:_refresh:248 - jev progress=451600/482505 cost=$29.0698
2026-10-07 02:44:38.654 | INFO     | __main__:_refresh:248 - jev progress=452000/482505 cost=$29.0949
2026-10-07 02:44:44.654 | INFO     | __main__:_refresh:248 - jev progress=452400/482505 cost=$29.1203
2026-10-07 02:44:50.953 | INFO     | __main__:_refresh:248 - jev progress=452800/482505 cost=$29.1458
2026-10-07 02:44:57.102 | INFO     | __main__:_refresh:248 - jev progress=453200/482505 cost=$29.1712
2026-10-07 02:45:03.460 | INFO     | __main__:_refresh:248 - jev progress=453600/482505 cost=$29.1972
2026-10-07 02:45:09.694 | INFO     | __main__:_refresh:248 - jev progress=454000/482505 cost=$29.2245
2026-10-07 02:45:15.789 | INFO     | __main__:_refresh:248 - jev progress=454400/482505 cost=$29.2524
2026-10-07 02:45:22.076 | INFO     | __main__:_refresh:248 - jev progress=454800/482505 cost=$29.2794
2026-10-07 02:45:28.185 | INFO     | __main__:_refresh:248 - jev progress=455200/482505 cost=$29.3047
2026-10-07 02:45:34.390 | INFO     | __main__:_refresh:248 - jev progress=455600/482505 cost=$29.3301
2026-10-07 02:45:40.717 | INFO     | __main__:_refresh:248 - jev progress=456000/482505 cost=$29.3553
2026-10-07 02:45:46.823 | INFO     | __main__:_refresh:248 - jev progress=456400/482505 cost=$29.3805
2026-10-07 02:45:52.807 | INFO     | __main__:_refresh:248 - jev progress=456800/482505 cost=$29.4056
2026-10-07 02:45:58.836 | INFO     | __main__:_refresh:248 - jev progress=457200/482505 cost=$29.4306
2026-10-07 02:46:04.882 | INFO     | __main__:_refresh:248 - jev progress=457600/482505 cost=$29.4555
2026-10-07 02:46:10.872 | INFO     | __main__:_refresh:248 - jev progress=458000/482505 cost=$29.4803
2026-10-07 02:46:17.153 | INFO     | __main__:_refresh:248 - jev progress=458400/482505 cost=$29.5049
2026-10-07 02:46:23.103 | INFO     | __main__:_refresh:248 - jev progress=458800/482505 cost=$29.5294
2026-10-07 02:46:29.250 | INFO     | __main__:_refresh:248 - jev progress=459200/482505 cost=$29.5540
2026-10-07 02:46:35.266 | INFO     | __main__:_refresh:248 - jev progress=459600/482505 cost=$29.5793
2026-10-07 02:46:41.412 | INFO     | __main__:_refresh:248 - jev progress=460000/482505 cost=$29.6068
2026-10-07 02:46:47.499 | INFO     | __main__:_refresh:248 - jev progress=460400/482505 cost=$29.6350
2026-10-07 02:46:53.579 | INFO     | __main__:_refresh:248 - jev progress=460800/482505 cost=$29.6610
2026-10-07 02:46:59.505 | INFO     | __main__:_refresh:248 - jev progress=461200/482505 cost=$29.6862
2026-10-07 02:47:05.546 | INFO     | __main__:_refresh:248 - jev progress=461600/482505 cost=$29.7115
2026-10-07 02:47:11.669 | INFO     | __main__:_refresh:248 - jev progress=462000/482505 cost=$29.7368
2026-10-07 02:47:17.836 | INFO     | __main__:_refresh:248 - jev progress=462400/482505 cost=$29.7624
2026-10-07 02:47:23.925 | INFO     | __main__:_refresh:248 - jev progress=462800/482505 cost=$29.7881
2026-10-07 02:47:30.104 | INFO     | __main__:_refresh:248 - jev progress=463200/482505 cost=$29.8139
2026-10-07 02:47:36.278 | INFO     | __main__:_refresh:248 - jev progress=463600/482505 cost=$29.8398
2026-10-07 02:47:42.601 | INFO     | __main__:_refresh:248 - jev progress=464000/482505 cost=$29.8662
2026-10-07 02:47:48.811 | INFO     | __main__:_refresh:248 - jev progress=464400/482505 cost=$29.8932
2026-10-07 02:47:54.821 | INFO     | __main__:_refresh:248 - jev progress=464800/482505 cost=$29.9206
2026-10-07 02:48:01.044 | INFO     | __main__:_refresh:248 - jev progress=465200/482505 cost=$29.9479
2026-10-07 02:48:07.032 | INFO     | __main__:_refresh:248 - jev progress=465600/482505 cost=$29.9731
2026-10-07 02:48:13.089 | INFO     | __main__:_refresh:248 - jev progress=466000/482505 cost=$29.9981
2026-10-07 02:48:19.249 | INFO     | __main__:_refresh:248 - jev progress=466400/482505 cost=$30.0231
2026-10-07 02:48:25.456 | INFO     | __main__:_refresh:248 - jev progress=466800/482505 cost=$30.0482
2026-10-07 02:48:31.482 | INFO     | __main__:_refresh:248 - jev progress=467200/482505 cost=$30.0734
2026-10-07 02:48:37.502 | INFO     | __main__:_refresh:248 - jev progress=467600/482505 cost=$30.0983
2026-10-07 02:48:43.628 | INFO     | __main__:_refresh:248 - jev progress=468000/482505 cost=$30.1229
2026-10-07 02:48:49.716 | INFO     | __main__:_refresh:248 - jev progress=468400/482505 cost=$30.1476
2026-10-07 02:48:55.997 | INFO     | __main__:_refresh:248 - jev progress=468800/482505 cost=$30.1741
2026-10-07 02:49:02.475 | INFO     | __main__:_refresh:248 - jev progress=469200/482505 cost=$30.2021
2026-10-07 02:49:08.559 | INFO     | __main__:_refresh:248 - jev progress=469600/482505 cost=$30.2303
2026-10-07 02:49:14.763 | INFO     | __main__:_refresh:248 - jev progress=470000/482505 cost=$30.2553
2026-10-07 02:49:20.827 | INFO     | __main__:_refresh:248 - jev progress=470400/482505 cost=$30.2801
2026-10-07 02:49:27.032 | INFO     | __main__:_refresh:248 - jev progress=470800/482505 cost=$30.3054
2026-10-07 02:49:33.032 | INFO     | __main__:_refresh:248 - jev progress=471200/482505 cost=$30.3309
2026-10-07 02:49:39.123 | INFO     | __main__:_refresh:248 - jev progress=471600/482505 cost=$30.3562
2026-10-07 02:49:45.353 | INFO     | __main__:_refresh:248 - jev progress=472000/482505 cost=$30.3820
2026-10-07 02:49:51.450 | INFO     | __main__:_refresh:248 - jev progress=472400/482505 cost=$30.4085
2026-10-07 02:49:57.470 | INFO     | __main__:_refresh:248 - jev progress=472800/482505 cost=$30.4355
2026-10-07 02:50:03.644 | INFO     | __main__:_refresh:248 - jev progress=473200/482505 cost=$30.4630
2026-10-07 02:50:09.851 | INFO     | __main__:_refresh:248 - jev progress=473600/482505 cost=$30.4892
2026-10-07 02:50:16.025 | INFO     | __main__:_refresh:248 - jev progress=474000/482505 cost=$30.5158
2026-10-07 02:50:22.093 | INFO     | __main__:_refresh:248 - jev progress=474400/482505 cost=$30.5416
2026-10-07 02:50:28.247 | INFO     | __main__:_refresh:248 - jev progress=474800/482505 cost=$30.5670
2026-10-07 02:50:34.397 | INFO     | __main__:_refresh:248 - jev progress=475200/482505 cost=$30.5916
2026-10-07 02:50:40.588 | INFO     | __main__:_refresh:248 - jev progress=475600/482505 cost=$30.6168
2026-10-07 02:50:46.771 | INFO     | __main__:_refresh:248 - jev progress=476000/482505 cost=$30.6417
2026-10-07 02:50:52.805 | INFO     | __main__:_refresh:248 - jev progress=476400/482505 cost=$30.6660
2026-10-07 02:50:58.978 | INFO     | __main__:_refresh:248 - jev progress=476800/482505 cost=$30.6907
2026-10-07 02:51:05.014 | INFO     | __main__:_refresh:248 - jev progress=477200/482505 cost=$30.7156
2026-10-07 02:51:11.074 | INFO     | __main__:_refresh:248 - jev progress=477600/482505 cost=$30.7422
2026-10-07 02:51:17.558 | INFO     | __main__:_refresh:248 - jev progress=478000/482505 cost=$30.7698
2026-10-07 02:51:23.674 | INFO     | __main__:_refresh:248 - jev progress=478400/482505 cost=$30.7962
2026-10-07 02:51:29.674 | INFO     | __main__:_refresh:248 - jev progress=478800/482505 cost=$30.8215
2026-10-07 02:51:35.916 | INFO     | __main__:_refresh:248 - jev progress=479200/482505 cost=$30.8464
2026-10-07 02:51:42.180 | INFO     | __main__:_refresh:248 - jev progress=479600/482505 cost=$30.8723
2026-10-07 02:51:48.297 | INFO     | __main__:_refresh:248 - jev progress=480000/482505 cost=$30.8977
2026-10-07 02:51:54.768 | INFO     | __main__:_refresh:248 - jev progress=480400/482505 cost=$30.9235
2026-10-07 02:52:01.096 | INFO     | __main__:_refresh:248 - jev progress=480800/482505 cost=$30.9495
2026-10-07 02:52:07.215 | INFO     | __main__:_refresh:248 - jev progress=481200/482505 cost=$30.9759
2026-10-07 02:52:13.229 | INFO     | __main__:_refresh:248 - jev progress=481600/482505 cost=$31.0031
2026-10-07 02:52:19.402 | INFO     | __main__:_refresh:248 - jev progress=482000/482505 cost=$31.0305
2026-10-07 02:52:25.586 | INFO     | __main__:_refresh:248 - jev progress=482400/482505 cost=$31.0570
2026-10-07 02:52:27.390 | INFO     | __main__:_refresh:248 - jev progress=482505/482505 cost=$31.0638
2026-10-07 02:55:29.464 | INFO     | __main__:refresh:254 - JUDGE_CACHE_CHECK blind required=18051 cached=5743 missing=12308
2026-10-07 02:55:36.145 | INFO     | __main__:_refresh:248 - jev progress=400/12308 cost=$0.0222
2026-10-07 02:55:42.257 | INFO     | __main__:_refresh:248 - jev progress=800/12308 cost=$0.0443
2026-10-07 02:55:48.365 | INFO     | __main__:_refresh:248 - jev progress=1200/12308 cost=$0.0664
2026-10-07 02:55:54.552 | INFO     | __main__:_refresh:248 - jev progress=1600/12308 cost=$0.0885
2026-10-07 02:56:00.692 | INFO     | __main__:_refresh:248 - jev progress=2000/12308 cost=$0.1106
2026-10-07 02:56:06.824 | INFO     | __main__:_refresh:248 - jev progress=2400/12308 cost=$0.1329
2026-10-07 02:56:12.791 | INFO     | __main__:_refresh:248 - jev progress=2800/12308 cost=$0.1551
2026-10-07 02:56:18.813 | INFO     | __main__:_refresh:248 - jev progress=3200/12308 cost=$0.1772
2026-10-07 02:56:24.843 | INFO     | __main__:_refresh:248 - jev progress=3600/12308 cost=$0.1994
2026-10-07 02:56:30.846 | INFO     | __main__:_refresh:248 - jev progress=4000/12308 cost=$0.2214
2026-10-07 02:56:36.782 | INFO     | __main__:_refresh:248 - jev progress=4400/12308 cost=$0.2432
2026-10-07 02:56:42.879 | INFO     | __main__:_refresh:248 - jev progress=4800/12308 cost=$0.2653
2026-10-07 02:56:48.881 | INFO     | __main__:_refresh:248 - jev progress=5200/12308 cost=$0.2874
2026-10-07 02:56:54.972 | INFO     | __main__:_refresh:248 - jev progress=5600/12308 cost=$0.3095
2026-10-07 02:57:01.208 | INFO     | __main__:_refresh:248 - jev progress=6000/12308 cost=$0.3317
2026-10-07 02:57:07.387 | INFO     | __main__:_refresh:248 - jev progress=6400/12308 cost=$0.3537
2026-10-07 02:57:13.624 | INFO     | __main__:_refresh:248 - jev progress=6800/12308 cost=$0.3760
2026-10-07 02:57:19.808 | INFO     | __main__:_refresh:248 - jev progress=7200/12308 cost=$0.3981
2026-10-07 02:57:25.793 | INFO     | __main__:_refresh:248 - jev progress=7600/12308 cost=$0.4202
2026-10-07 02:57:31.920 | INFO     | __main__:_refresh:248 - jev progress=8000/12308 cost=$0.4423
2026-10-07 02:57:38.144 | INFO     | __main__:_refresh:248 - jev progress=8400/12308 cost=$0.4644
2026-10-07 02:57:44.200 | INFO     | __main__:_refresh:248 - jev progress=8800/12308 cost=$0.4865
2026-10-07 02:57:50.291 | INFO     | __main__:_refresh:248 - jev progress=9200/12308 cost=$0.5086
2026-10-07 02:57:56.362 | INFO     | __main__:_refresh:248 - jev progress=9600/12308 cost=$0.5308
2026-10-07 02:58:02.362 | INFO     | __main__:_refresh:248 - jev progress=10000/12308 cost=$0.5530
2026-10-07 02:58:08.556 | INFO     | __main__:_refresh:248 - jev progress=10400/12308 cost=$0.5752
2026-10-07 02:58:14.707 | INFO     | __main__:_refresh:248 - jev progress=10800/12308 cost=$0.5973
2026-10-07 02:58:20.957 | INFO     | __main__:_refresh:248 - jev progress=11200/12308 cost=$0.6194
2026-10-07 02:58:26.940 | INFO     | __main__:_refresh:248 - jev progress=11600/12308 cost=$0.6412
2026-10-07 02:58:33.069 | INFO     | __main__:_refresh:248 - jev progress=12000/12308 cost=$0.6631
2026-10-07 02:58:37.967 | INFO     | __main__:_refresh:248 - jev progress=12308/12308 cost=$0.6803
2026-10-07 02:58:39.281 | INFO     | __main__:main:273 - JUDGE_COMPLETE missing=0
